key,0,1,2,3,4,5,6,7,8,9,10,11,12,13,14,15,16,17,18,19,20,21,22,23,24,25,26,27,28,29,30,31,32,33,34,35,36,37,38,39,40,41,42,43,44,45,46,47,48,49,50,51,52,53,54,55,56,57,58,59,60,61,62,63,64,65,66,67,68,69,70,71,72,73,74,75,76,77,78,79,80,81,82,83,84,85,86,87,88,89,90,91,92,93,94,95,96,97,98,99,100,101,102,103,104,105,106,107,108,109,110,111,112,113,114,115,116,117,118,119,120,121,122,123,124,125,126,127,128,129,130,131,132,133,134,135,136,137,138,139,140,141,142,143,144,145,146,147,148,149,150,151,152,153,154,155,156,157,158,159,160,161,162,163,164,165,166,167,168,169,170,171,172,173,174,175,176,177,178,179,180,181,182
#,,,,,,,,,,,,,,,,,EnemyLevel[0],EnemyLevel[1],EnemyLevel[2],EnemyLevel[3],EnemyLevel[4],EnemyLevel[5],EnemyLevel[6],EnemyLevel[7],BNpcName[0],BNpcName[1],BNpcName[2],BNpcName[3],BNpcName[4],BNpcName[5],BNpcName[6],BNpcName[7],ItemsInvolved[0],ItemsInvolved[1],ItemsInvolved[2],ItemsInvolved[3],ItemsInvolved[4],ItemsInvolved[5],ItemsInvolved[6],ItemsInvolved[7],ItemsInvolvedQty[0],ItemsInvolvedQty[1],ItemsInvolvedQty[2],ItemsInvolvedQty[3],ItemsInvolvedQty[4],ItemsInvolvedQty[5],ItemsInvolvedQty[6],ItemsInvolvedQty[7],ItemDropRate[0],ItemDropRate[1],ItemDropRate[2],ItemDropRate[3],ItemDropRate[4],ItemDropRate[5],ItemDropRate[6],ItemDropRate[7],,,,,,,,,,,,,,,,,,,,,,,,,,,,,,,,,,,,,,,,,,,,,,,,,,,,,,,,,,,,,,,,,,,,,,,,,,,,,,,,,,,,,,,,,,,,,,,,,,,,,,,,,,,,,,,,,,,,,,,,,,,,,,,
int32,uint16,uint16,uint16,uint16,uint16,uint16,uint16,uint16,int32,int32,int32,int32,int32,int32,int32,int32,uint16,uint16,uint16,uint16,uint16,uint16,uint16,uint16,BNpcName,BNpcName,BNpcName,BNpcName,BNpcName,BNpcName,BNpcName,BNpcName,EventItem,EventItem,EventItem,EventItem,EventItem,EventItem,EventItem,EventItem,byte,byte,byte,byte,byte,byte,byte,byte,byte,byte,byte,byte,byte,byte,byte,byte,uint32,uint32,uint32,uint32,uint32,uint32,uint32,uint32,uint32,uint32,uint32,uint32,uint32,uint32,uint32,uint32,uint32,uint32,uint32,uint32,uint32,uint32,uint32,uint32,uint32,uint32,uint32,uint32,uint32,uint32,uint32,uint32,uint32,uint32,uint32,uint32,uint32,uint32,uint32,uint32,uint32,uint32,uint32,uint32,uint32,uint32,uint32,uint32,byte,byte,byte,byte,byte,byte,byte,byte,byte,byte,byte,byte,byte,byte,byte,byte,byte,byte,byte,byte,byte,byte,byte,byte,byte,byte,byte,byte,byte,byte,byte,byte,byte,byte,byte,byte,byte,byte,byte,byte,byte,byte,byte,byte,byte,byte,byte,byte,byte,byte,byte,byte,byte,byte,byte,byte,byte,byte,byte,byte,byte,byte,byte,byte,byte,byte,byte,byte,byte,byte,byte,byte,int32,byte,uint16,uint16,uint16,uint16,uint16
65536,0,0,0,0,0,0,0,0,0,0,0,0,0,0,0,0,0,0,0,0,0,0,0,0,"","","","","","","","",,,,,,,,,0,0,0,0,0,0,0,0,0,0,0,0,0,0,0,0,0,0,0,0,0,0,0,0,0,0,0,0,0,0,0,0,0,0,0,0,0,0,0,0,0,0,0,0,0,0,0,0,0,0,0,0,0,0,0,0,0,0,0,0,0,0,0,0,0,0,0,0,0,0,0,0,0,0,0,0,0,0,0,0,0,0,0,0,0,0,0,0,0,0,0,0,0,0,0,0,0,0,0,0,0,0,0,0,0,0,0,0,0,0,0,0,0,0,0,0,0,0,0,0,0,0,0,0,0,0,0,0,0,0,0,0,0,0,0,0,0,0,0,0,0,0,0
65537,0,0,0,0,0,0,0,0,17,20,4,15,21,0,0,0,30,30,30,30,30,0,0,0,"","","","","","","","",,,,,,,,,0,0,0,0,0,0,0,0,0,0,0,0,0,0,0,0,2,2,0,0,0,0,0,0,0,1,1,1,0,0,0,0,0,0,0,0,2,0,0,0,2,4,0,0,0,0,0,0,75,50,0,0,0,0,0,0,3,4,0,0,0,0,0,0,2,0,0,0,0,0,0,0,0,2,0,0,0,0,0,0,0,1,1,1,0,0,0,0,0,0,0,0,2,0,0,0,0,0,0,0,0,0,0,0,0,0,0,0,0,0,0,0,0,0,0,0,0,0,0,0,0,0,0,0,0,0,0,0,1,1,2,3,0,0,0,0,3,1,3,0,0,0,0
65538,0,0,0,0,0,0,0,0,2000708,138,17,382,136,0,0,0,0,10,10,10,10,0,0,0,"","ダーティ・モングレル","ファイアボム","ロームシェル","サンミッヂ・クラウド","","","",,,"ウォータースプライトの核",,,,,,0,0,10,0,0,0,0,0,0,0,0,0,0,0,0,0,3,3,0,0,0,0,0,0,2,0,0,2,3,0,0,0,0,0,0,0,0,0,0,0,0,0,0,0,0,0,0,0,0,0,0,0,0,0,0,0,0,0,0,0,0,0,0,0,3,0,1,0,0,0,0,0,2,0,0,0,0,0,0,0,1,0,0,0,0,0,0,0,4,0,0,0,0,0,0,0,0,0,0,0,0,0,0,0,0,0,0,0,0,0,0,0,0,0,0,0,0,0,0,0,0,0,0,0,0,0,0,0,1,1,1,1,0,0,0,0,11,1,1,0,0,0,0
65539,0,0,0,0,0,0,0,0,17,20,4,15,0,0,0,0,30,30,30,30,0,0,0,0,"","","","","","","","",,,,,,,,,0,0,0,0,0,0,0,0,0,0,0,0,0,0,0,0,2,2,1,3,0,0,0,0,0,0,0,0,0,0,0,0,0,0,0,3,0,0,0,0,0,0,0,0,0,0,0,0,0,0,0,0,0,0,0,0,0,0,0,0,0,0,0,0,1,0,0,0,0,0,0,0,0,1,0,0,0,0,0,0,1,1,1,0,0,0,0,0,0,0,0,0,0,0,0,0,0,0,0,0,0,0,0,0,0,0,0,0,0,0,0,0,0,0,0,0,0,0,0,0,0,0,0,0,0,0,0,0,1,1,2,3,0,0,0,0,1,2,1,0,0,0,0
65540,0,0,0,0,0,0,0,0,17,20,4,0,0,0,0,0,30,30,30,0,0,0,0,0,"","","","","","","","",,,,,,,,,0,0,0,0,0,0,0,0,0,0,0,0,0,0,0,0,2,2,3,0,0,0,0,0,2,2,0,0,0,0,0,0,2,3,0,0,0,0,0,0,0,0,0,0,0,0,0,0,0,0,0,0,0,0,0,0,0,0,0,0,0,0,0,0,2,0,0,0,0,0,0,0,0,2,0,0,0,0,0,0,0,0,3,0,0,0,0,0,0,0,0,0,0,0,0,0,0,0,0,0,0,0,0,0,0,0,0,0,0,0,0,0,0,0,0,0,0,0,0,0,0,0,0,0,0,0,0,0,1,2,3,0,0,0,0,0,1,3,1,0,0,0,0
65541,0,0,0,0,0,0,0,0,14,21,0,0,0,0,0,0,30,30,0,0,0,0,0,0,"","","","","","","","","キャリオンチゴーの卵袋","ゾンビーの遺留物",,,,,,,1,1,0,0,0,0,0,0,100,100,0,0,0,0,0,0,2,2,0,0,0,0,0,0,1,2,0,0,0,0,0,0,0,0,0,0,0,0,0,0,0,0,0,0,0,0,0,0,0,0,0,0,0,0,0,0,0,0,0,0,0,0,0,0,1,0,0,0,0,0,0,0,0,1,0,0,0,0,0,0,0,0,0,0,0,0,0,0,0,0,0,0,0,0,0,0,0,0,0,0,0,0,0,0,0,0,0,0,0,0,0,0,0,0,0,0,0,0,0,0,0,0,0,0,0,0,0,0,1,1,0,0,0,0,0,0,2,1,2,0,0,0,0
65542,0,0,0,0,0,0,0,0,17,20,0,0,0,0,0,0,30,30,0,0,0,0,0,0,"","","","","","","","","キャリオンチゴーの卵袋","ゾンビーの遺留物",,,,,,,1,1,0,0,0,0,0,0,100,100,0,0,0,0,0,0,2,2,0,0,0,0,0,0,1,2,0,0,0,0,0,0,0,0,0,0,0,0,0,0,0,0,0,0,0,0,0,0,0,0,0,0,0,0,0,0,0,0,0,0,0,0,0,0,1,0,0,0,0,0,0,0,0,1,0,0,0,0,0,0,0,0,0,0,0,0,0,0,0,0,0,0,0,0,0,0,0,0,0,0,0,0,0,0,0,0,0,0,0,0,0,0,0,0,0,0,0,0,0,0,0,0,0,0,0,0,0,0,1,1,0,0,0,0,0,0,2,2,2,0,0,0,0
65543,0,0,0,0,0,0,0,0,17,20,0,0,0,0,0,0,30,30,0,0,0,0,0,0,"","","","","","","","","キャリオンチゴーの卵袋","ゾンビーの遺留物",,,,,,,1,1,0,0,0,0,0,0,100,100,0,0,0,0,0,0,2,2,0,0,0,0,0,0,1,2,0,0,0,0,0,0,0,0,0,0,0,0,0,0,0,0,0,0,0,0,0,0,0,0,0,0,0,0,0,0,0,0,0,0,0,0,0,0,1,0,0,0,0,0,0,0,0,1,0,0,0,0,0,0,0,0,0,0,0,0,0,0,0,0,0,0,0,0,0,0,0,0,0,0,0,0,0,0,0,0,0,0,0,0,0,0,0,0,0,0,0,0,0,0,0,0,0,0,0,0,0,0,1,1,0,0,0,0,0,0,2,3,2,0,0,0,0
65544,0,0,0,0,0,0,0,0,17,20,4,15,21,0,0,0,30,30,30,30,30,0,0,0,"","","","","","","","",,,,,,,,,0,0,0,0,0,0,0,0,0,0,0,0,0,0,0,0,2,2,0,0,0,0,0,0,0,1,1,1,0,0,0,0,0,0,0,0,2,0,0,0,0,0,0,0,0,0,0,0,75,50,0,0,0,0,0,0,3,4,0,0,0,0,0,0,2,0,0,0,0,0,0,0,0,2,0,0,0,0,0,0,0,1,1,1,0,0,0,0,0,0,0,0,2,0,0,0,0,0,0,0,0,0,0,0,0,0,0,0,0,0,0,0,0,0,0,0,0,0,0,0,0,0,0,0,0,0,0,0,1,1,2,3,0,0,0,0,3,1,3,4,0,0,0
65545,0,0,0,0,0,0,0,0,17,20,4,15,21,0,0,0,30,30,30,30,30,0,0,0,"","","","","","","","",,,,,,,,,0,0,0,0,0,0,0,0,0,0,0,0,0,0,0,0,2,2,0,0,0,0,0,0,0,1,1,1,0,0,0,0,0,0,0,0,2,0,0,0,0,0,0,0,0,0,0,0,100,100,0,0,0,0,0,0,3,4,0,0,0,0,0,0,2,0,0,0,0,0,0,0,0,2,0,0,0,0,0,0,0,1,1,1,0,0,0,0,0,0,0,0,2,0,0,0,0,0,0,0,0,0,0,0,0,0,0,0,0,0,0,0,0,0,0,0,0,0,0,0,0,0,0,0,0,0,0,0,1,1,2,3,0,0,0,0,3,2,3,4,0,0,0
65546,0,0,0,0,0,0,0,0,17,20,4,15,21,0,0,0,30,30,30,30,30,0,0,0,"","","","","","","","",,,,,,,,,0,0,0,0,0,0,0,0,0,0,0,0,0,0,0,0,2,2,0,0,0,0,0,0,0,1,1,1,0,0,0,0,0,0,0,0,2,0,0,0,0,0,0,0,0,0,0,0,100,100,0,0,0,0,0,0,3,4,0,0,0,0,0,0,2,0,0,0,0,0,0,0,0,2,0,0,0,0,0,0,0,1,1,1,0,0,0,0,0,0,0,0,2,0,0,0,0,0,0,0,0,0,0,0,0,0,0,0,0,0,0,0,0,0,0,0,0,0,0,0,0,0,0,0,0,0,0,0,1,1,2,3,0,0,0,0,3,3,3,4,0,0,0
65547,10,20,30,40,0,0,0,0,17,20,4,15,0,0,0,0,30,30,30,30,0,0,0,0,"","","","","","","","",,,,,,,,,0,0,0,0,0,0,0,0,0,0,0,0,0,0,0,0,0,0,0,0,0,0,0,0,0,0,0,0,0,0,0,0,0,0,0,0,0,0,0,0,0,0,0,0,0,0,0,0,0,0,0,0,0,0,0,0,0,0,0,0,0,0,0,0,1,0,0,0,0,0,0,0,0,1,0,0,0,0,0,0,0,0,1,0,0,0,0,0,0,0,0,1,0,0,0,0,0,0,0,0,0,0,0,0,0,0,0,0,0,0,0,0,0,0,0,0,0,0,0,0,0,0,0,0,0,0,0,0,1,1,1,1,0,0,0,0,4,1,0,0,0,0,0
65548,5,10,15,20,0,0,0,0,17,20,15,21,0,0,0,0,30,30,30,30,0,0,0,0,"","","","","","","","",,,,,,,,,0,0,0,0,0,0,0,0,0,0,0,0,0,0,0,0,0,0,0,1,0,0,0,0,0,0,0,0,0,0,0,0,0,0,0,0,0,0,0,0,0,0,0,0,0,0,0,0,0,0,0,0,0,0,0,0,0,0,0,0,0,0,0,0,0,0,2,0,0,0,0,0,1,1,0,0,0,0,0,0,0,0,2,0,0,0,0,0,0,0,0,3,0,0,0,0,0,0,0,0,0,0,0,0,0,0,0,0,0,0,0,0,0,0,0,0,0,0,0,0,0,0,0,0,0,0,0,0,1,1,1,1,0,0,0,0,4,1,0,0,0,0,0
65549,20,40,60,80,0,0,0,0,17,20,4,15,21,0,0,0,30,30,30,30,30,0,0,0,"","","","","","","","",,,,,,,,,0,0,0,0,0,0,0,0,0,0,0,0,0,0,0,0,0,0,1,2,3,0,0,0,0,0,0,0,0,0,0,0,0,0,0,0,0,0,0,0,0,0,0,0,0,0,0,0,0,0,0,0,0,0,0,0,0,0,0,0,0,0,0,0,1,0,0,0,0,0,0,0,0,2,0,0,0,0,0,0,0,0,3,0,0,0,0,0,0,0,1,2,4,0,0,0,0,0,0,0,0,0,0,0,0,0,0,0,0,0,0,0,0,0,0,0,0,0,0,0,0,0,0,0,0,0,0,0,1,1,1,1,0,0,0,0,4,1,0,0,0,0,0
65550,0,0,0,0,0,0,0,0,17,20,4,15,0,0,0,0,30,30,30,30,0,0,0,0,"","","","","","","","",,,,,,,,,0,0,0,0,0,0,0,0,0,0,0,0,0,0,0,0,1,0,0,0,0,0,0,0,0,0,2,0,0,0,0,0,0,0,0,1,0,0,0,0,900,0,180,90,0,0,0,0,70,0,60,30,0,0,0,0,70,0,100,80,0,0,0,0,1,0,0,0,0,0,0,0,0,1,0,0,0,0,0,0,0,0,3,0,0,0,0,0,0,0,0,2,0,0,0,0,0,0,0,0,0,0,0,0,0,0,0,0,0,0,0,0,0,0,0,0,0,0,0,0,0,0,0,0,0,0,0,0,1,1,2,3,0,0,0,0,5,1,5,0,0,0,0
65551,0,0,0,0,0,0,0,0,17,20,4,15,0,0,0,0,30,30,30,30,0,0,0,0,"","","","","","","","",,,,,,,,,0,0,0,0,0,0,0,0,0,0,0,0,0,0,0,0,1,0,0,0,0,0,0,0,0,0,2,0,0,0,0,0,0,0,0,1,0,0,0,0,900,0,180,90,0,0,0,0,70,0,60,30,0,0,0,0,70,0,100,80,0,0,0,0,1,0,0,0,0,0,0,0,0,1,0,0,0,0,0,0,0,0,3,0,0,0,0,0,0,0,0,2,0,0,0,0,0,0,0,0,0,0,0,0,0,0,0,0,0,0,0,0,0,0,0,0,0,0,0,0,0,0,0,0,0,0,0,0,1,1,2,3,0,0,0,0,5,2,5,0,0,0,0
65552,0,0,0,0,0,0,0,0,2000708,20,4,0,0,0,0,0,0,30,30,0,0,0,0,0,"","","","","","","","","キャリオンチゴーの卵袋",,,,,,,,0,0,0,0,0,0,0,0,0,0,0,0,0,0,0,0,1,2,3,0,0,0,0,0,2,50,20,0,0,0,0,0,0,1,3,0,0,0,0,0,0,3,1,0,0,0,0,0,0,2,2,0,0,0,0,0,0,0,0,0,0,0,0,0,2,0,0,0,0,0,0,0,0,0,0,0,0,0,0,0,0,0,0,0,0,0,0,0,0,0,0,0,0,0,0,0,0,0,0,0,0,0,0,0,0,0,0,0,0,0,0,0,0,0,0,0,0,0,0,0,0,0,0,0,0,0,0,0,1,1,2,3,0,0,0,0,6,1,0,0,0,0,0
65553,0,0,0,0,0,0,0,0,2000708,20,4,0,0,0,0,0,0,30,30,0,0,0,0,0,"","","","","","","","",,,,,,,,,0,0,0,0,0,0,0,0,0,0,0,0,0,0,0,0,1,2,2,0,0,0,0,0,4,25,10,0,0,0,0,0,0,3,5,0,0,0,0,0,0,1,1,0,0,0,0,0,0,1,2,0,0,0,0,0,0,0,0,0,0,0,0,0,4,0,0,0,0,0,0,0,0,0,0,0,0,0,0,0,0,0,0,0,0,0,0,0,0,0,0,0,0,0,0,0,0,0,0,0,0,0,0,0,0,0,0,0,0,0,0,0,0,0,0,0,0,0,0,0,0,0,0,0,0,0,0,0,1,1,2,3,0,0,0,0,6,2,0,0,0,0,0
65554,0,0,0,0,0,0,0,0,2000708,20,0,0,0,0,0,0,0,30,0,0,0,0,0,0,"","","","","","","","",,,,,,,,,0,0,0,0,0,0,0,0,0,0,0,0,0,0,0,0,1,3,0,0,0,0,0,0,5,10,0,0,0,0,0,0,0,10,0,0,0,0,0,0,0,1,0,0,0,0,0,0,0,2,0,0,0,0,0,0,0,0,0,0,0,0,0,0,1,0,0,0,0,0,0,0,0,0,0,0,0,0,0,0,0,0,0,0,0,0,0,0,0,0,0,0,0,0,0,0,0,0,0,0,0,0,0,0,0,0,0,0,0,0,0,0,0,0,0,0,0,0,0,0,0,0,0,0,0,0,0,0,1,1,2,3,0,0,0,0,6,3,0,0,0,0,0
65555,0,0,0,0,0,0,0,0,17,20,0,0,0,0,0,0,30,30,0,0,0,0,0,0,"","","","","","","","",,,,,,,,,0,0,0,0,0,0,0,0,0,0,0,0,0,0,0,0,2,3,0,0,0,0,0,0,2,2,0,0,0,0,0,0,2,0,0,0,0,0,0,0,0,0,0,0,0,0,0,0,0,0,0,0,0,0,0,0,0,0,0,0,0,0,0,0,3,0,0,0,0,0,0,0,0,0,0,0,0,0,0,0,0,0,0,0,0,0,0,0,0,0,0,0,0,0,0,0,0,0,0,0,0,0,0,0,0,0,0,0,0,0,0,0,0,0,0,0,0,0,0,0,0,0,0,0,0,0,0,0,1,1,0,0,0,0,0,0,7,1,6,0,0,0,0
65556,0,0,0,0,0,0,0,0,17,4,22,0,0,0,0,0,30,30,30,0,0,0,0,0,"","","","","","","","",,,,,,,,,10,0,0,0,0,0,0,0,50,0,0,0,0,0,0,0,1,2,3,0,0,0,0,0,0,3,3,0,0,0,0,0,0,3,0,0,0,0,0,0,0,0,0,0,0,0,0,0,0,0,0,0,0,0,0,0,0,0,0,0,0,0,0,0,1,0,0,0,0,0,0,0,0,4,0,0,0,0,0,0,0,0,0,0,0,0,0,0,0,0,0,0,0,0,0,0,0,0,0,0,0,0,0,0,0,0,0,0,0,0,0,0,0,0,0,0,0,0,0,0,0,0,0,0,0,0,0,0,1,1,0,0,0,0,0,0,7,2,6,0,0,0,0
65557,0,0,0,0,0,0,0,0,138,4,37,0,0,0,0,0,30,30,30,0,0,0,0,0,"","","","","","","","",,,,,,,,,0,0,0,0,0,0,0,0,0,0,0,0,0,0,0,0,0,0,0,0,0,0,0,0,0,0,0,0,0,0,0,0,0,0,0,0,0,0,0,0,0,0,0,0,0,0,0,0,0,0,0,0,0,0,0,0,0,0,0,0,0,0,0,0,2,0,0,0,0,0,0,0,0,2,0,0,0,0,0,0,0,0,2,0,0,0,0,0,0,0,0,0,0,0,0,0,0,0,0,0,0,0,0,0,0,0,0,0,0,0,0,0,0,0,0,0,0,0,0,0,0,0,0,0,0,0,0,0,1,2,2,2,0,0,0,0,8,1,7,0,0,0,0
65558,0,0,0,0,0,0,0,0,138,4,37,5,0,0,0,0,30,30,30,30,0,0,0,0,"","","","","","","","",,,,,,,,,0,0,0,0,0,0,0,0,0,0,0,0,0,0,0,0,0,0,0,0,0,0,0,0,0,0,0,0,0,0,0,0,0,0,0,0,0,0,0,0,0,0,0,0,0,0,0,0,0,0,0,0,0,0,0,0,0,0,0,0,0,0,0,0,2,2,0,0,0,0,0,0,0,2,2,0,0,0,0,0,0,0,2,2,0,0,0,0,2,2,2,2,0,0,0,0,0,0,0,0,0,0,0,0,0,0,0,0,0,0,0,0,0,0,0,0,0,0,0,0,0,0,0,0,0,0,0,0,1,2,2,3,0,0,0,0,8,1,7,0,0,0,0
65559,0,0,0,0,0,0,0,0,2000707,2000707,37,22,138,4,15,0,0,0,30,30,30,30,30,0,"","","","","","","","","妖異全集「腐臭漂わせし者」の頁","妖異全集「邪眼輝かせし者」の頁",,,,,,,1,1,0,0,0,0,0,0,100,100,0,0,0,0,0,0,2,2,0,0,0,0,0,0,3,4,0,0,0,0,0,0,1,1,2,2,3,3,3,3,1,2,2,3,40,30,20,10,0,0,0,0,2,2,2,0,0,0,0,0,0,0,0,0,4,0,0,0,1,0,0,0,0,4,0,0,0,0,1,0,0,0,0,0,0,0,0,0,0,0,0,0,0,0,0,0,0,0,0,0,0,0,0,0,0,0,0,0,0,0,0,0,0,0,0,0,0,0,0,0,0,0,0,0,0,0,0,0,1,1,0,0,0,0,0,0,10,1,8,0,0,0,0
65560,0,0,0,0,0,0,0,0,138,4,17,5,37,22,0,0,30,30,30,30,30,30,0,0,"","","","","","","","","妖異全集「腐臭漂わせし者」の頁","妖異全集「邪眼輝かせし者」の頁",,,,,,,9,6,0,0,0,0,0,0,50,50,0,0,0,0,0,0,10,10,0,0,0,0,0,0,5,6,0,0,0,0,0,0,4,4,4,4,2,2,0,0,1,1,2,2,3,2,0,0,0,0,0,0,0,0,0,0,0,0,0,0,0,0,0,0,2,0,0,0,0,0,0,0,0,2,0,0,0,0,0,0,0,0,2,0,0,0,0,0,0,0,0,2,0,0,0,0,0,0,0,0,0,0,0,0,0,0,0,0,0,0,0,0,0,0,0,0,0,0,0,0,0,0,0,0,0,0,0,0,1,1,1,1,0,0,0,0,10,2,8,0,0,0,0
65561,0,0,0,0,0,0,0,0,498,17,20,17,22,0,0,0,30,5,5,5,5,0,0,0,"","","","","","","","",,,,,,,,,0,0,0,0,0,0,0,0,0,0,0,0,0,0,0,0,0,0,0,1,2,0,0,0,0,0,0,2,2,0,0,0,786,790,787,788,789,0,0,0,0,0,0,0,0,0,0,0,0,0,0,0,0,0,0,0,0,0,0,0,0,0,0,0,0,0,0,0,0,0,0,0,0,3,0,0,0,0,0,0,0,0,3,0,0,0,0,0,0,0,0,3,0,0,0,0,0,0,0,0,0,0,0,0,0,0,0,0,0,0,0,0,0,0,0,0,0,0,0,0,0,0,0,0,0,0,0,0,1,2,3,4,0,0,0,0,9,1,9,0,0,0,0
65562,0,0,0,0,0,0,0,0,17,20,4,15,0,0,0,0,1,1,1,1,0,0,0,0,"","","","","","","","",,,,,,,,,0,0,0,0,0,0,0,0,0,0,0,0,0,0,0,0,2,2,1,3,0,0,0,0,0,0,0,0,0,0,0,0,0,0,0,3,0,0,0,0,0,0,0,0,0,0,0,0,0,0,0,0,0,0,0,0,0,0,0,0,0,0,0,0,1,0,0,0,0,0,0,0,0,1,0,0,0,0,0,0,1,1,1,0,0,0,0,0,0,0,0,0,0,0,0,0,0,0,0,0,0,0,0,0,0,0,0,0,0,0,0,0,0,0,0,0,0,0,0,0,0,0,0,0,0,0,0,0,1,1,2,3,0,0,0,0,1,2,0,0,0,0,0
65563,0,0,0,0,0,0,0,0,22,39,0,0,0,0,0,0,7,10,0,0,0,0,0,0,"リーフブリード・ローズレット","リーフブリード・スラッグ","","","","","","",,,,,,,,,0,0,0,0,0,0,0,0,0,0,0,0,0,0,0,0,3,5,0,0,0,0,0,0,0,2,0,0,0,0,0,0,0,0,0,0,0,0,0,0,0,0,0,0,0,0,0,0,0,0,0,0,0,0,0,0,0,0,0,0,0,0,0,0,1,1,0,0,0,0,0,0,1,1,0,0,0,0,0,0,1,1,0,0,0,0,0,0,0,0,0,0,0,0,0,0,0,0,0,0,0,0,0,0,0,0,0,0,0,0,0,0,0,0,0,0,0,0,0,0,0,0,0,0,0,0,0,0,1,1,1,2,0,0,0,0,1,2,1,0,0,0,0
65564,0,0,0,0,0,0,0,0,43,0,0,0,0,0,0,0,10,0,0,0,0,0,0,0,"キャリオンチゴー","","","","","","","","キャリオンチゴーの卵袋",,,,,,,,1,0,0,0,0,0,0,0,80,0,0,0,0,0,0,0,6,0,0,0,0,0,0,0,1,0,0,0,0,0,0,0,0,0,0,0,0,0,0,0,0,0,0,0,0,0,0,0,0,0,0,0,0,0,0,0,0,0,0,0,0,0,0,0,2,0,0,0,0,0,0,0,2,0,0,0,0,0,0,0,2,0,0,0,0,0,0,0,2,0,0,0,0,0,0,0,0,0,0,0,0,0,0,0,0,0,0,0,0,0,0,0,0,0,0,0,0,0,0,0,0,0,0,0,0,0,0,0,1,1,1,1,0,0,0,0,2,1,2,0,0,0,0
65565,0,0,0,0,0,0,0,0,10,43,0,0,0,0,0,0,10,10,0,0,0,0,0,0,"リーフブリード・マイト","キャリオンチゴー","","","","","","",,,,,,,,,0,0,0,0,0,0,0,0,0,0,0,0,0,0,0,0,5,3,0,0,0,0,0,0,0,0,0,0,0,0,0,0,0,0,0,0,0,0,0,0,0,0,0,0,0,0,0,0,0,0,0,0,0,0,0,0,0,0,0,0,0,0,0,0,2,2,0,0,0,0,0,0,2,0,0,0,0,0,0,0,1,1,0,0,0,0,0,0,0,0,0,0,0,0,0,0,0,0,0,0,0,0,0,0,0,0,0,0,0,0,0,0,0,0,0,0,0,0,0,0,0,0,0,0,0,0,0,0,1,1,1,1,0,0,0,0,1,1,1,0,0,0,0
65566,0,0,0,0,0,0,0,0,18,19,0,0,0,0,0,0,10,10,0,0,0,0,0,0,"ゾンビー・パイクマン","ゾンビー・メイジ","","","","","","","ゾンビーの遺留物",,,,,,,,2,0,0,0,0,0,0,0,90,0,0,0,0,0,0,0,10,0,0,0,0,0,0,0,1,1,0,0,0,0,0,0,0,0,0,0,0,0,0,0,0,0,0,0,0,0,0,0,0,0,0,0,0,0,0,0,0,0,0,0,0,0,0,0,3,0,0,0,0,0,0,0,0,3,0,0,0,0,0,0,3,0,0,0,0,0,0,0,0,3,0,0,0,0,0,0,0,0,0,0,0,0,0,0,0,0,0,0,0,0,0,0,0,0,0,0,0,0,0,0,0,0,0,0,0,0,0,0,1,1,1,1,0,0,0,0,2,1,2,0,0,0,0
65567,0,0,0,0,0,0,0,0,18,0,0,0,0,0,0,0,10,0,0,0,0,0,0,0,"ゾンビー・パイクマン","","","","","","","",,,,,,,,,0,0,0,0,0,0,0,0,0,0,0,0,0,0,0,0,6,0,0,0,0,0,0,0,2,0,0,0,0,0,0,0,0,0,0,0,0,0,0,0,0,0,0,0,0,0,0,0,10,0,0,0,0,0,0,0,3,0,0,0,0,0,0,0,3,0,0,0,0,0,0,0,3,0,0,0,0,0,0,0,2,0,0,0,0,0,0,0,0,0,0,0,0,0,0,0,0,0,0,0,0,0,0,0,0,0,0,0,0,0,0,0,0,0,0,0,0,0,0,0,0,0,0,0,0,0,0,0,1,1,2,2,0,0,0,0,3,1,3,4,0,0,0
65568,0,0,0,0,0,0,0,0,39,10,0,0,0,0,0,0,10,6,0,0,0,0,0,0,"リーフブリード・スラッグ","リーフブリード・マイト","","","","","","",,,,,,,,,0,0,0,0,0,0,0,0,0,0,0,0,0,0,0,0,7,0,0,0,0,0,0,0,0,2,0,0,0,0,0,0,0,0,0,0,0,0,0,0,0,0,0,0,0,0,0,0,4,0,0,0,0,0,0,0,4,0,0,0,0,0,0,0,3,0,0,0,0,0,0,0,2,0,0,0,0,0,0,0,2,0,0,0,0,0,0,0,0,2,0,0,0,0,0,0,0,0,0,0,0,0,0,0,0,0,0,0,0,0,0,0,0,0,0,0,0,0,0,0,0,0,0,0,0,0,0,0,1,1,1,2,0,0,0,0,3,1,3,4,0,0,0
65569,0,0,0,0,0,0,0,0,6,5,0,0,0,0,0,0,12,11,0,0,0,0,0,0,"ノースシュラウド・レミュー","サウスシュラウド・オポオポ","","","","","","",,,,,,,,,0,0,0,0,0,0,0,0,0,0,0,0,0,0,0,0,4,4,0,0,0,0,0,0,0,0,0,0,0,0,0,0,0,0,0,0,0,0,0,0,0,0,0,0,0,0,0,0,0,0,0,0,0,0,0,0,0,0,0,0,0,0,0,0,1,1,0,0,0,0,0,0,1,1,0,0,0,0,0,0,1,1,0,0,0,0,0,0,1,1,0,0,0,0,0,0,0,0,0,0,0,0,0,0,0,0,0,0,0,0,0,0,0,0,0,0,0,0,0,0,0,0,0,0,0,0,0,0,1,1,1,2,0,0,0,0,1,2,1,0,0,0,0
65570,0,0,0,0,0,0,0,0,57,0,0,0,0,0,0,0,14,0,0,0,0,0,0,0,"シュラウドビー・スウォーム","","","","","","","","大ぶりの蜜蜂",,,,,,,,3,0,0,0,0,0,0,0,90,0,0,0,0,0,0,0,12,0,0,0,0,0,0,0,1,0,0,0,0,0,0,0,0,0,0,0,0,0,0,0,0,0,0,0,0,0,0,0,0,0,0,0,0,0,0,0,0,0,0,0,0,0,0,0,1,0,0,0,0,0,0,0,1,0,0,0,0,0,0,0,1,0,0,0,0,0,0,0,1,0,0,0,0,0,0,0,0,0,0,0,0,0,0,0,0,0,0,0,0,0,0,0,0,0,0,0,0,0,0,0,0,0,0,0,0,0,0,0,1,1,1,1,0,0,0,0,2,1,2,0,0,0,0
65571,0,0,0,0,0,0,0,0,57,7,0,0,0,0,0,0,13,14,0,0,0,0,0,0,"シュラウドビー・スウォーム","パスナット","","","","","","",,,,,,,,,0,0,0,0,0,0,0,0,0,0,0,0,0,0,0,0,6,0,0,0,0,0,0,0,0,1,0,0,0,0,0,0,0,0,0,0,0,0,0,0,0,0,0,0,0,0,0,0,5,0,0,0,0,0,0,0,4,0,0,0,0,0,0,0,2,0,0,0,0,0,0,0,2,0,0,0,0,0,0,0,2,0,0,0,0,0,0,0,0,1,0,0,0,0,0,0,0,0,0,0,0,0,0,0,0,0,0,0,0,0,0,0,0,0,0,0,0,0,0,0,0,0,0,0,0,0,0,0,1,1,1,2,0,0,0,0,3,1,3,4,0,0,0
65572,0,0,0,0,0,0,0,0,476,33,0,0,0,0,0,0,17,14,0,0,0,0,0,0,"レザーヴァイン・コチュー","リーフブリード・オチュー","","","","","","",,,,,,,,,0,0,0,0,0,0,0,0,0,0,0,0,0,0,0,0,2,3,0,0,0,0,0,0,2,3,0,0,0,0,0,0,3,0,0,0,0,0,0,0,0,0,0,0,0,0,0,0,0,0,0,0,0,0,0,0,0,0,0,0,0,0,0,0,2,0,0,0,0,0,0,0,2,0,0,0,0,0,0,0,1,0,0,0,0,0,0,0,1,0,0,0,0,0,0,0,0,0,0,0,0,0,0,0,0,0,0,0,0,0,0,0,0,0,0,0,0,0,0,0,0,0,0,0,0,0,0,0,1,1,1,1,0,0,0,0,7,1,6,0,0,0,0
65573,0,0,0,0,0,0,0,0,10,43,0,0,0,0,0,0,10,10,0,0,0,0,0,0,"リーフブリード・マイト","キャリオンチゴー","","","","","","",,,,,,,,,0,0,0,0,0,0,0,0,0,0,0,0,0,0,0,0,5,3,0,0,0,0,0,0,0,0,0,0,0,0,0,0,0,0,0,0,0,0,0,0,0,0,0,0,0,0,0,0,0,0,0,0,0,0,0,0,0,0,0,0,0,0,0,0,2,2,0,0,0,0,0,0,2,0,0,0,0,0,0,0,1,1,0,0,0,0,0,0,0,0,0,0,0,0,0,0,0,0,0,0,0,0,0,0,0,0,0,0,0,0,0,0,0,0,0,0,0,0,0,0,0,0,0,0,0,0,0,0,1,1,1,1,0,0,0,0,1,1,1,0,0,0,0
65574,0,0,0,0,0,0,0,0,79,81,0,0,0,0,0,0,18,17,0,0,0,0,0,0,"クァールクロウ・ポーチャー","クァールクロウ・ハンター","","","","","","",,,,,,,,,0,0,0,0,0,0,0,0,0,0,0,0,0,0,0,0,3,2,0,0,0,0,0,0,0,0,0,0,0,0,0,0,0,0,0,0,0,0,0,0,0,0,0,0,0,0,0,0,0,0,0,0,0,0,0,0,0,0,0,0,0,0,0,0,1,0,0,0,0,0,0,0,0,1,0,0,0,0,0,0,1,0,0,0,0,0,0,0,1,1,0,0,0,0,0,0,0,0,0,0,0,0,0,0,0,0,0,0,0,0,0,0,0,0,0,0,0,0,0,0,0,0,0,0,0,0,0,0,1,1,1,1,0,0,0,0,1,2,1,0,0,0,0
65575,0,0,0,0,0,0,0,0,22,23,0,0,0,0,0,0,18,19,0,0,0,0,0,0,"リーフブリード・ローズレット","ポイズン・フライトラップ","","","","","","","ヌメヌメ若葉",,,,,,,,2,0,0,0,0,0,0,0,80,0,0,0,0,0,0,0,6,0,0,0,0,0,0,0,1,1,0,0,0,0,0,0,0,0,0,0,0,0,0,0,0,0,0,0,0,0,0,0,0,0,0,0,0,0,0,0,0,0,0,0,0,0,0,0,1,0,0,0,0,0,0,0,0,1,0,0,0,0,0,0,1,0,0,0,0,0,0,0,0,1,0,0,0,0,0,0,0,0,0,0,0,0,0,0,0,0,0,0,0,0,0,0,0,0,0,0,0,0,0,0,0,0,0,0,0,0,0,0,1,1,1,1,0,0,0,0,2,1,2,0,0,0,0
65576,0,0,0,0,0,0,0,0,79,81,0,0,0,0,0,0,18,18,0,0,0,0,0,0,"クァールクロウ・ポーチャー","クァールクロウ・ハンター","","","","","","","密猟された皮革",,,,,,,,2,0,0,0,0,0,0,0,80,0,0,0,0,0,0,0,8,0,0,0,0,0,0,0,1,1,0,0,0,0,0,0,0,0,0,0,0,0,0,0,0,0,0,0,0,0,0,0,0,0,0,0,0,0,0,0,0,0,0,0,0,0,0,0,1,0,0,0,0,0,0,0,0,1,0,0,0,0,0,0,1,0,0,0,0,0,0,0,0,1,0,0,0,0,0,0,0,0,0,0,0,0,0,0,0,0,0,0,0,0,0,0,0,0,0,0,0,0,0,0,0,0,0,0,0,0,0,0,1,1,1,1,0,0,0,0,2,1,2,0,0,0,0
65577,0,0,0,0,0,0,0,0,3,23,4,0,0,0,0,0,17,17,19,0,0,0,0,0,"フォージング・ドゥ","ポイズン・フライトラップ","フォージング・スタッグ","","","","","",,,,,,,,,0,0,0,0,0,0,0,0,0,0,0,0,0,0,0,0,3,2,0,0,0,0,0,0,0,0,1,0,0,0,0,0,0,0,0,0,0,0,0,0,0,0,0,0,0,0,0,0,5,0,0,0,0,0,0,0,4,0,0,0,0,0,0,0,1,0,0,0,0,0,0,0,1,1,0,0,0,0,0,0,1,1,0,0,0,0,0,0,0,0,1,0,0,0,0,0,0,0,0,0,0,0,0,0,0,0,0,0,0,0,0,0,0,0,0,0,0,0,0,0,0,0,0,0,0,0,0,0,1,1,1,2,0,0,0,0,3,1,3,4,0,0,0
65578,0,0,0,0,0,0,0,0,356,26,0,0,0,0,0,0,10,9,0,0,0,0,0,0,"プランプ・オロボン","ホーニィトード","","","","","","",,,,,,,,,0,0,0,0,0,0,0,0,0,0,0,0,0,0,0,0,4,2,0,0,0,0,0,0,0,0,0,0,0,0,0,0,0,0,0,0,0,0,0,0,0,0,0,0,0,0,0,0,0,0,0,0,0,0,0,0,0,0,0,0,0,0,0,0,2,0,0,0,0,0,0,0,0,1,0,0,0,0,0,0,0,1,0,0,0,0,0,0,2,0,0,0,0,0,0,0,0,0,0,0,0,0,0,0,0,0,0,0,0,0,0,0,0,0,0,0,0,0,0,0,0,0,0,0,0,0,0,0,1,1,1,1,0,0,0,0,1,1,1,0,0,0,0
65579,0,0,0,0,0,0,0,0,172,0,0,0,0,0,0,0,10,0,0,0,0,0,0,0,"ソフトスキン・ペイスト","","","","","","","","柔らかなペイストの粗皮",,,,,,,,1,0,0,0,0,0,0,0,80,0,0,0,0,0,0,0,4,0,0,0,0,0,0,0,1,0,0,0,0,0,0,0,0,0,0,0,0,0,0,0,0,0,0,0,0,0,0,0,0,0,0,0,0,0,0,0,0,0,0,0,0,0,0,0,1,0,0,0,0,0,0,0,1,0,0,0,0,0,0,0,1,0,0,0,0,0,0,0,1,0,0,0,0,0,0,0,0,0,0,0,0,0,0,0,0,0,0,0,0,0,0,0,0,0,0,0,0,0,0,0,0,0,0,0,0,0,0,0,1,1,1,1,0,0,0,0,2,1,2,0,0,0,0
65580,0,0,0,0,0,0,0,0,431,180,0,0,0,0,0,0,8,10,0,0,0,0,0,0,"ギロチンビーク","ギロチンビーク","","","","","","",,,,,,,,,0,0,0,0,0,0,0,0,0,0,0,0,0,0,0,0,4,0,0,0,0,0,0,0,0,1,0,0,0,0,0,0,0,0,0,0,0,0,0,0,0,0,0,0,0,0,0,0,10,0,0,0,0,0,0,0,4,0,0,0,0,0,0,0,1,0,0,0,0,0,0,0,1,0,0,0,0,0,0,0,2,0,0,0,0,0,0,0,0,1,0,0,0,0,0,0,0,0,0,0,0,0,0,0,0,0,0,0,0,0,0,0,0,0,0,0,0,0,0,0,0,0,0,0,0,0,0,0,1,1,1,2,0,0,0,0,3,1,3,4,0,0,0
65581,0,0,0,0,0,0,0,0,17,847,342,0,0,0,0,0,7,9,11,0,0,0,0,0,"ファイアボム","ブラッドアイ・バザード","ソウルレス・クリソム","","","","","","ボムの中指",,,,,,,,2,0,0,0,0,0,0,0,100,0,0,0,0,0,0,0,1,2,3,0,0,0,0,0,0,3,3,0,0,0,0,0,0,3,0,0,0,0,0,0,0,1,0,0,0,0,0,0,0,0,0,0,0,0,0,0,0,0,0,0,0,0,0,0,1,0,0,0,0,0,0,0,0,1,0,0,0,0,0,0,0,2,0,0,0,0,0,0,0,2,0,0,0,0,0,0,0,0,0,0,0,0,0,0,0,0,0,0,0,0,0,0,0,0,0,0,0,0,0,0,0,0,0,0,0,0,0,0,1,1,1,1,0,0,0,0,7,2,6,0,0,0,0
65582,0,0,0,0,0,0,0,0,138,17,382,136,0,0,0,0,10,10,10,7,0,0,0,0,"ダーティ・モングレル","ファイアボム","ロームシェル","サンミッヂ・クラウド","","","","",,,,,,,,,0,0,0,0,0,0,0,0,0,0,0,0,0,0,0,0,0,0,0,0,0,0,0,0,0,0,0,0,0,0,0,0,0,0,0,0,0,0,0,0,0,0,0,0,0,0,0,0,0,0,0,0,0,0,0,0,0,0,0,0,0,0,0,0,1,0,0,0,0,0,0,0,0,1,0,0,0,0,0,0,0,0,1,0,0,0,0,0,0,0,0,2,0,0,0,0,0,0,0,0,0,0,0,0,0,0,0,0,0,0,0,0,0,0,0,0,0,0,0,0,0,0,0,0,0,0,0,0,2,2,2,2,0,0,0,0,8,1,7,0,0,0,0
65583,0,0,0,0,0,0,0,0,17,12,0,0,0,0,0,0,9,5,0,0,0,0,0,0,"ファイアボム","ブラッドアイ・バザード","","","","","","",,,,,,,,,0,0,0,0,0,0,0,0,0,0,0,0,0,0,0,0,4,0,0,0,0,0,0,0,0,0,0,0,0,0,0,0,0,0,0,0,0,0,0,0,900,180,0,0,0,0,0,0,40,0,0,0,0,0,0,0,50,0,0,0,0,0,0,0,1,0,0,0,0,0,0,0,1,0,0,0,0,0,0,0,1,1,0,0,0,0,0,0,1,1,0,0,0,0,0,0,0,0,0,0,0,0,0,0,0,0,0,0,0,0,0,0,0,0,0,0,0,0,0,0,0,0,0,0,0,0,0,0,1,1,1,1,0,0,0,0,5,1,5,0,0,0,0
65584,0,0,0,0,0,0,0,0,20,0,0,0,0,0,0,0,14,0,0,0,0,0,0,0,"マジックドボーンズ","","","","","","","",,,,,,,,,0,0,0,0,0,0,0,0,0,0,0,0,0,0,0,0,6,0,0,0,0,0,0,0,0,0,0,0,0,0,0,0,0,0,0,0,0,0,0,0,0,0,0,0,0,0,0,0,0,0,0,0,0,0,0,0,0,0,0,0,0,0,0,0,2,0,0,0,0,0,0,0,1,0,0,0,0,0,0,0,2,0,0,0,0,0,0,0,1,0,0,0,0,0,0,0,0,0,0,0,0,0,0,0,0,0,0,0,0,0,0,0,0,0,0,0,0,0,0,0,0,0,0,0,0,0,0,0,1,1,1,1,0,0,0,0,1,1,1,0,0,0,0
65585,0,0,0,0,0,0,0,0,194,193,0,0,0,0,0,0,12,14,0,0,0,0,0,0,"ローランド・ナニー","ローランド・ビリー","","","","","","",,,,,,,,,0,0,0,0,0,0,0,0,0,0,0,0,0,0,0,0,5,1,0,0,0,0,0,0,0,0,0,0,0,0,0,0,0,0,0,0,0,0,0,0,0,0,0,0,0,0,0,0,8,0,0,0,0,0,0,0,4,0,0,0,0,0,0,0,2,0,0,0,0,0,0,0,2,0,0,0,0,0,0,0,1,0,0,0,0,0,0,0,0,1,0,0,0,0,0,0,0,0,0,0,0,0,0,0,0,0,0,0,0,0,0,0,0,0,0,0,0,0,0,0,0,0,0,0,0,0,0,0,1,1,1,2,0,0,0,0,3,1,3,0,0,0,0
65586,0,0,0,0,0,0,0,0,306,848,21,0,0,0,0,0,12,14,16,0,0,0,0,0,"イブンフォール・ファイアフライ","ドライボーン・ツコツコ","ミスチフメーカー・インプ","","","","","","初蛍",,,,,,,,4,0,0,0,0,0,0,0,100,0,0,0,0,0,0,0,1,2,3,0,0,0,0,0,0,3,3,0,0,0,0,0,0,3,0,0,0,0,0,0,0,1,0,0,0,0,0,0,0,0,0,0,0,0,0,0,0,0,0,0,0,0,0,0,1,0,0,0,0,0,0,0,0,2,0,0,0,0,0,0,0,2,0,0,0,0,0,0,0,1,0,0,0,0,0,0,0,0,0,0,0,0,0,0,0,0,0,0,0,0,0,0,0,0,0,0,0,0,0,0,0,0,0,0,0,0,0,0,1,1,1,1,0,0,0,0,7,2,6,0,0,0,0
65587,0,0,0,0,0,0,0,0,18,19,18,19,0,0,0,0,15,15,11,15,0,0,0,0,"ゾンビー・ソルジャー","ゾンビー・ウィザード","ゾンビー・ソルジャー","ゾンビー・ウィザード","","","","",,,,,,,,,0,0,0,0,0,0,0,0,0,0,0,0,0,0,0,0,0,0,0,0,0,0,0,0,0,0,0,0,0,0,0,0,0,0,0,0,0,0,0,0,0,0,0,0,0,0,0,0,0,0,0,0,0,0,0,0,0,0,0,0,0,0,0,0,1,0,0,0,0,0,0,0,0,1,0,0,0,0,0,0,0,0,2,0,0,0,0,0,0,0,0,1,0,0,0,0,0,0,0,0,0,0,0,0,0,0,0,0,0,0,0,0,0,0,0,0,0,0,0,0,0,0,0,0,0,0,0,0,2,2,2,2,0,0,0,0,8,1,7,4,0,0,0
65588,0,0,0,0,0,0,0,0,193,206,0,0,0,0,0,0,14,13,0,0,0,0,0,0,"ローランド・ビリー","ドライボーン・ツコツコ","","","","","","",,,,,,,,,0,0,0,0,0,0,0,0,0,0,0,0,0,0,0,0,4,0,0,0,0,0,0,0,0,0,0,0,0,0,0,0,0,0,0,0,0,0,0,0,900,180,0,0,0,0,0,0,50,0,0,0,0,0,0,0,60,0,0,0,0,0,0,0,1,0,0,0,0,0,0,0,1,1,0,0,0,0,0,0,1,1,0,0,0,0,0,0,1,0,0,0,0,0,0,0,0,0,0,0,0,0,0,0,0,0,0,0,0,0,0,0,0,0,0,0,0,0,0,0,0,0,0,0,0,0,0,0,1,1,1,1,0,0,0,0,5,1,5,0,0,0,0
65589,0,0,0,0,0,0,0,0,2001748,131,131,131,131,131,0,0,1,14,14,11,11,11,0,0,"","アーススプライト","アーススプライト","アーススプライト","アーススプライト","アーススプライト","","","偏属性クリスタル",,,,,,,,0,0,0,0,0,0,0,0,0,0,0,0,0,0,0,0,1,0,3,3,3,2,0,0,8,0,1,20,90,40,0,0,0,0,1,1,2,2,0,0,0,0,1,1,1,1,0,0,0,0,1,1,1,1,0,0,0,0,0,0,0,0,0,0,1,1,0,0,0,0,0,0,0,0,0,0,0,0,0,0,0,0,0,0,0,0,0,0,0,0,0,0,0,0,0,0,0,0,0,0,0,0,0,0,0,0,0,0,0,0,0,0,0,0,0,0,0,0,0,0,0,0,0,0,0,0,0,0,1,0,0,0,0,0,0,0,6,3,16,0,0,0,0
65590,0,0,0,0,0,0,0,0,138,138,0,0,0,0,0,0,8,9,0,0,0,0,0,0,"ジャッカルパップ","ジャッカルパップ","","","","","","",,,,,,,,,0,0,0,0,0,0,0,0,0,0,0,0,0,0,0,0,5,1,0,0,0,0,0,0,0,1,0,0,0,0,0,0,0,0,0,0,0,0,0,0,0,0,0,0,0,0,0,0,0,0,0,0,0,0,0,0,0,0,0,0,0,0,0,0,1,0,0,0,0,0,0,0,1,0,0,0,0,0,0,0,1,0,0,0,0,0,0,0,2,0,0,0,0,0,0,0,0,1,0,0,0,0,0,0,0,0,0,0,0,0,0,0,0,0,0,0,0,0,0,0,0,0,0,0,0,0,0,0,1,1,1,1,2,0,0,0,1,2,1,0,0,0,0
65591,0,0,0,0,0,0,0,0,135,0,0,0,0,0,0,0,9,0,0,0,0,0,0,0,"ライトニングスプライト","","","","","","","","ライトニングスプライトの核",,,,,,,,2,0,0,0,0,0,0,0,85,0,0,0,0,0,0,0,9,0,0,0,0,0,0,0,1,0,0,0,0,0,0,0,0,0,0,0,0,0,0,0,0,0,0,0,0,0,0,0,0,0,0,0,0,0,0,0,0,0,0,0,0,0,0,0,1,0,0,0,0,0,0,0,1,0,0,0,0,0,0,0,1,0,0,0,0,0,0,0,1,0,0,0,0,0,0,0,0,0,0,0,0,0,0,0,0,0,0,0,0,0,0,0,0,0,0,0,0,0,0,0,0,0,0,0,0,0,0,0,1,1,1,1,0,0,0,0,2,1,2,0,0,0,0
65592,0,0,0,0,0,0,0,0,138,340,0,0,0,0,0,0,9,8,0,0,0,0,0,0,"ジャッカルパップ","フェラル・ドードー","","","","","","",,,,,,,,,0,0,0,0,0,0,0,0,0,0,0,0,0,0,0,0,4,0,0,0,0,0,0,0,0,1,0,0,0,0,0,0,0,0,0,0,0,0,0,0,0,0,0,0,0,0,0,0,8,0,0,0,0,0,0,0,3,0,0,0,0,0,0,0,2,0,0,0,0,0,0,0,2,0,0,0,0,0,0,0,0,1,0,0,0,0,0,0,0,0,0,0,0,0,0,0,0,0,0,0,0,0,0,0,0,0,0,0,0,0,0,0,0,0,0,0,0,0,0,0,0,0,0,0,0,0,0,0,1,1,2,2,0,0,0,0,3,1,3,4,0,0,0
65593,0,0,0,0,0,0,0,0,23,864,513,0,0,0,0,0,8,9,11,0,0,0,0,0,"オーシャン・ローズリング","ライトニングスプライト","ミスチフメーカー・インプ","","","","","","ローズリングの花粉塊",,,,,,,,5,0,0,0,0,0,0,0,90,0,0,0,0,0,0,0,1,2,3,0,0,0,0,0,0,3,2,0,0,0,0,0,0,2,0,0,0,0,0,0,0,1,0,0,0,0,0,0,0,0,0,0,0,0,0,0,0,0,0,0,0,0,0,0,1,0,0,0,0,0,0,0,0,1,0,0,0,0,0,0,0,1,0,0,0,0,0,0,0,1,0,0,0,0,0,0,0,0,0,0,0,0,0,0,0,0,0,0,0,0,0,0,0,0,0,0,0,0,0,0,0,0,0,0,0,0,0,0,1,1,1,1,0,0,0,0,7,2,6,0,0,0,0
65594,0,0,0,0,0,0,0,0,42,340,138,23,0,0,0,0,10,7,10,10,0,0,0,0,"ヤーゾン・ラーカー","フェラル・ドードー","ジャッカルパップ","オーシャン・ローズリング","","","","",,,,,,,,,0,0,0,0,0,0,0,0,0,0,0,0,0,0,0,0,0,0,0,0,0,0,0,0,0,0,0,0,0,0,0,0,0,0,0,0,0,0,0,0,0,0,0,0,0,0,0,0,0,0,0,0,0,0,0,0,0,0,0,0,0,0,0,0,1,0,0,0,0,0,0,0,0,2,0,0,0,0,0,0,0,0,1,0,0,0,0,0,0,0,0,1,0,0,0,0,0,0,0,0,0,0,0,0,0,0,0,0,0,0,0,0,0,0,0,0,0,0,0,0,0,0,0,0,0,0,0,0,2,2,2,2,0,0,0,0,8,1,7,0,0,0,0
65595,0,0,0,0,0,0,0,0,138,23,0,0,0,0,0,0,7,7,0,0,0,0,0,0,"ジャッカルパップ","オーシャン・ローズリング","","","","","","",,,,,,,,,0,0,0,0,0,0,0,0,0,0,0,0,0,0,0,0,3,0,0,0,0,0,0,0,0,0,0,0,0,0,0,0,0,0,0,0,0,0,0,0,900,0,0,0,0,0,0,0,50,0,0,0,0,0,0,0,60,0,0,0,0,0,0,0,1,1,0,0,0,0,0,0,1,1,0,0,0,0,0,0,1,1,0,0,0,0,0,0,1,1,0,0,0,0,0,0,0,0,0,0,0,0,0,0,0,0,0,0,0,0,0,0,0,0,0,0,0,0,0,0,0,0,0,0,0,0,0,0,1,1,1,1,0,0,0,0,5,1,5,0,0,0,0
65596,0,0,0,0,0,0,0,0,38,323,0,0,0,0,0,0,13,11,0,0,0,0,0,0,"ブラッドサッカー・バット","ラビッド・オーロックス","","","","","","",,,,,,,,,0,0,0,0,0,0,0,0,0,0,0,0,0,0,0,0,6,0,0,0,0,0,0,0,0,1,0,0,0,0,0,0,0,0,0,0,0,0,0,0,0,0,0,0,0,0,0,0,3,0,0,0,0,0,0,0,4,0,0,0,0,0,0,0,2,0,0,0,0,0,0,0,2,0,0,0,0,0,0,0,2,0,0,0,0,0,0,0,0,1,0,0,0,0,0,0,0,0,0,0,0,0,0,0,0,0,0,0,0,0,0,0,0,0,0,0,0,0,0,0,0,0,0,0,0,0,0,0,1,1,1,2,0,0,0,0,3,1,3,4,0,0,0
65597,0,0,0,0,0,0,0,0,306,863,513,0,0,0,0,0,12,14,16,0,0,0,0,0,"イブンフォール・ファイアフライ","サングイナリィ・バッカニア","ミスチフメーカー・インプ","","","","","","初蛍",,,,,,,,4,0,0,0,0,0,0,0,90,0,0,0,0,0,0,0,1,2,3,0,0,0,0,0,0,3,3,0,0,0,0,0,0,3,0,0,0,0,0,0,0,1,0,0,0,0,0,0,0,0,0,0,0,0,0,0,0,0,0,0,0,0,0,0,1,0,0,0,0,0,0,0,0,2,0,0,0,0,0,0,0,2,0,0,0,0,0,0,0,2,0,0,0,0,0,0,0,0,0,0,0,0,0,0,0,0,0,0,0,0,0,0,0,0,0,0,0,0,0,0,0,0,0,0,0,0,0,0,1,1,1,1,0,0,0,0,7,2,6,0,0,0,0
65598,0,0,0,0,0,0,0,0,38,318,324,317,0,0,0,0,11,13,11,14,0,0,0,0,"ブラッドサッカー・バット","海蛇の弓術士","フレンジッド・オーレリア","海蛇の斧術士","","","","",,,,,,,,,0,0,0,0,0,0,0,0,0,0,0,0,0,0,0,0,0,0,0,0,0,0,0,0,0,0,0,0,0,0,0,0,0,0,0,0,0,0,0,0,0,0,0,0,0,0,0,0,0,0,0,0,0,0,0,0,0,0,0,0,0,0,0,0,2,0,0,0,0,0,0,0,0,1,0,0,0,0,0,0,0,0,2,0,0,0,0,0,0,0,0,1,0,0,0,0,0,0,0,0,0,0,0,0,0,0,0,0,0,0,0,0,0,0,0,0,0,0,0,0,0,0,0,0,0,0,0,0,2,2,2,2,0,0,0,0,8,1,7,0,0,0,0
65599,0,0,0,0,0,0,0,0,323,38,315,0,0,0,0,0,14,11,12,0,0,0,0,0,"ラビッド・オーロックス","ブラッドサッカー・バット","サングイナリィ・バッカニア","","","","","",,,,,,,,,0,0,0,0,0,0,0,0,0,0,0,0,0,0,0,0,3,0,0,0,0,0,0,0,0,0,0,0,0,0,0,0,0,0,0,0,0,0,0,0,600,0,0,0,0,0,0,0,40,0,0,0,0,0,0,0,50,0,0,0,0,0,0,0,1,1,0,0,0,0,0,0,1,0,1,0,0,0,0,0,1,0,1,0,0,0,0,0,1,1,0,0,0,0,0,0,0,0,0,0,0,0,0,0,0,0,0,0,0,0,0,0,0,0,0,0,0,0,0,0,0,0,0,0,0,0,0,0,1,1,1,1,0,0,0,0,5,1,5,0,0,0,0
65600,0,0,0,0,0,0,0,0,2001753,323,38,323,38,0,0,0,0,12,13,13,14,0,0,0,"","ラビッド・オーロックス","ブラッドサッカー・バット","ラビッド・オーロックス","ブラッドサッカー・バット","","","","試飲用のエール",,,,,,,,0,0,0,0,0,0,0,0,0,0,0,0,0,0,0,0,1,0,0,2,2,0,0,0,5,0,0,80,40,0,0,0,0,0,0,1,1,0,0,0,0,0,0,1,1,0,0,0,0,0,0,0,0,0,0,0,0,0,0,0,0,0,0,0,1,0,0,0,0,0,0,0,1,0,1,0,0,0,0,0,2,1,0,0,0,0,0,0,1,0,1,0,0,0,0,0,0,0,0,0,0,0,0,0,0,0,0,0,0,0,0,0,0,0,0,0,0,0,0,0,0,0,0,0,0,0,0,0,1,1,1,1,1,0,0,0,6,1,2,0,0,0,0
65601,0,0,0,0,0,0,0,0,860,1305,1304,350,0,0,0,0,15,14,13,14,0,0,0,0,"白髪のオ・アデブ","ロープボーンド・バッカニア","タールステイン・バッカニア","ゲイルボーン・バッカニア","","","","",,,,,,,,,0,0,0,0,0,0,0,0,0,0,0,0,0,0,0,0,0,0,1,1,0,0,0,0,0,0,2,3,0,0,0,0,811,815,812,813,814,0,0,0,0,0,0,0,0,0,0,0,0,0,0,0,0,0,0,0,0,0,0,0,0,0,0,0,0,0,0,0,0,0,0,0,0,0,1,0,0,0,0,0,0,0,0,0,0,0,0,0,0,0,1,0,0,0,0,0,0,0,0,0,0,0,0,0,0,0,0,0,0,0,0,0,0,0,0,0,0,0,0,0,0,0,0,0,0,0,0,0,1,2,3,4,5,0,0,0,9,1,9,0,0,0,0
65602,0,0,0,0,0,0,0,0,37,47,0,0,0,0,0,0,1,1,0,0,0,0,0,0,"ナッツブレーカー","スタンブリング・ファンガー","","","","","","",,,,,,,,,0,0,0,0,0,0,0,0,0,0,0,0,0,0,0,0,4,4,0,0,0,0,0,0,0,0,0,0,0,0,0,0,0,0,0,0,0,0,0,0,0,0,0,0,0,0,0,0,0,0,0,0,0,0,0,0,0,0,0,0,0,0,0,0,2,0,0,0,0,0,0,0,2,0,0,0,0,0,0,0,0,2,0,0,0,0,0,0,0,2,0,0,0,0,0,0,0,0,0,0,0,0,0,0,0,0,0,0,0,0,0,0,0,0,0,0,0,0,0,0,0,0,0,0,0,0,0,0,1,1,1,1,0,0,0,0,1,1,1,0,0,0,0
65603,0,0,0,0,0,0,0,0,47,0,0,0,0,0,0,0,1,0,0,0,0,0,0,0,"スタンブリング・ファンガー","","","","","","","","ファンガーの毒胞子袋",,,,,,,,2,0,0,0,0,0,0,0,70,0,0,0,0,0,0,0,7,0,0,0,0,0,0,0,1,0,0,0,0,0,0,0,0,0,0,0,0,0,0,0,0,0,0,0,0,0,0,0,0,0,0,0,0,0,0,0,0,0,0,0,0,0,0,0,1,0,0,0,0,0,0,0,1,0,0,0,0,0,0,0,1,0,0,0,0,0,0,0,1,0,0,0,0,0,0,0,0,0,0,0,0,0,0,0,0,0,0,0,0,0,0,0,0,0,0,0,0,0,0,0,0,0,0,0,0,0,0,0,1,1,1,1,0,0,0,0,2,1,2,0,0,0,0
65604,0,0,0,0,0,0,0,0,49,57,0,0,0,0,0,0,1,2,0,0,0,0,0,0,"キャリアー・レディバグ","シュラウドビー・スウォーム","","","","","","",,,,,,,,,0,0,0,0,0,0,0,0,0,0,0,0,0,0,0,0,5,0,0,0,0,0,0,0,0,1,0,0,0,0,0,0,0,0,0,0,0,0,0,0,0,0,0,0,0,0,0,0,5,0,0,0,0,0,0,0,4,0,0,0,0,0,0,0,1,0,0,0,0,0,0,0,2,0,0,0,0,0,0,0,2,0,0,0,0,0,0,0,0,1,0,0,0,0,0,0,0,0,0,0,0,0,0,0,0,0,0,0,0,0,0,0,0,0,0,0,0,0,0,0,0,0,0,0,0,0,0,0,1,1,1,2,0,0,0,0,3,1,3,4,0,0,0
65605,0,0,0,0,0,0,0,0,37,14,0,0,0,0,0,0,4,5,0,0,0,0,0,0,"ナッツブレーカー","グリーディ・ホグレット","","","","","","",,,,,,,,,0,0,0,0,0,0,0,0,0,0,0,0,0,0,0,0,6,1,0,0,0,0,0,0,0,1,0,0,0,0,0,0,0,0,0,0,0,0,0,0,0,0,0,0,0,0,0,0,0,0,0,0,0,0,0,0,0,0,0,0,0,0,0,0,2,0,0,0,0,0,0,0,2,0,0,0,0,0,0,0,2,0,0,0,0,0,0,0,0,1,0,0,0,0,0,0,0,0,0,0,0,0,0,0,0,0,0,0,0,0,0,0,0,0,0,0,0,0,0,0,0,0,0,0,0,0,0,0,1,1,1,2,0,0,0,0,1,2,1,0,0,0,0
65606,0,0,0,0,0,0,0,0,32,0,0,0,0,0,0,0,5,0,0,0,0,0,0,0,"レザーヴァイン・コチュー","","","","","","","","建材用コチューのつる",,,,,,,,2,0,0,0,0,0,0,0,70,0,0,0,0,0,0,0,8,0,0,0,0,0,0,0,1,0,0,0,0,0,0,0,0,0,0,0,0,0,0,0,0,0,0,0,0,0,0,0,0,0,0,0,0,0,0,0,0,0,0,0,0,0,0,0,1,0,0,0,0,0,0,0,1,0,0,0,0,0,0,0,1,0,0,0,0,0,0,0,1,0,0,0,0,0,0,0,0,0,0,0,0,0,0,0,0,0,0,0,0,0,0,0,0,0,0,0,0,0,0,0,0,0,0,0,0,0,0,0,1,1,1,1,0,0,0,0,2,1,2,0,0,0,0
65607,0,0,0,0,0,0,0,0,42,160,0,0,0,0,0,0,4,5,0,0,0,0,0,0,"ヤーゾン・インベーダー","モトルエフト","","","","","","",,,,,,,,,0,0,0,0,0,0,0,0,0,0,0,0,0,0,0,0,5,0,0,0,0,0,0,0,0,1,0,0,0,0,0,0,0,0,0,0,0,0,0,0,0,0,0,0,0,0,0,0,8,0,0,0,0,0,0,0,4,0,0,0,0,0,0,0,1,0,0,0,0,0,0,0,2,0,0,0,0,0,0,0,2,0,0,0,0,0,0,0,0,1,0,0,0,0,0,0,0,0,0,0,0,0,0,0,0,0,0,0,0,0,0,0,0,0,0,0,0,0,0,0,0,0,0,0,0,0,0,0,1,1,1,2,0,0,0,0,3,1,3,4,0,0,0
65608,0,0,0,0,0,0,0,0,53,53,0,0,0,0,0,0,8,9,0,0,0,0,0,0,"アノールストーカー","アノールストーカー","","","","","","",,,,,,,,,0,0,0,0,0,0,0,0,0,0,0,0,0,0,0,0,3,0,0,0,0,0,0,0,0,1,0,0,0,0,0,0,0,0,0,0,0,0,0,0,0,0,0,0,0,0,0,0,10,0,0,0,0,0,0,0,2,0,0,0,0,0,0,0,3,0,0,0,0,0,0,0,0,1,0,0,0,0,0,0,0,0,0,0,0,0,0,0,0,0,0,0,0,0,0,0,0,0,0,0,0,0,0,0,0,0,0,0,0,0,0,0,0,0,0,0,0,0,0,0,0,0,0,0,0,0,0,0,1,2,0,0,0,0,0,0,3,1,3,4,0,0,0
65609,0,0,0,0,0,0,0,0,36,41,36,41,0,0,0,0,1,1,2,2,0,0,0,0,"バークウィーヴィル","サーフィド・クラウド","バークウィーヴィル","サーフィド・クラウド","","","","",,,,,,,,,0,0,0,0,0,0,0,0,0,0,0,0,0,0,0,0,0,0,0,0,0,0,0,0,0,0,0,0,0,0,0,0,0,0,0,0,0,0,0,0,0,0,0,0,0,0,0,0,0,0,0,0,0,0,0,0,0,0,0,0,0,0,0,0,1,0,0,0,0,0,0,0,0,2,0,0,0,0,0,0,0,0,1,0,0,0,0,0,0,0,0,1,0,0,0,0,0,0,0,0,0,0,0,0,0,0,0,0,0,0,0,0,0,0,0,0,0,0,0,0,0,0,0,0,0,0,0,0,2,2,2,2,0,0,0,0,8,1,7,0,0,0,0
65610,0,0,0,0,0,0,0,0,37,0,0,0,0,0,0,0,1,0,0,0,0,0,0,0,"ナッツブレーカー","","","","","","","",,,,,,,,,0,0,0,0,0,0,0,0,0,0,0,0,0,0,0,0,4,0,0,0,0,0,0,0,0,0,0,0,0,0,0,0,0,0,0,0,0,0,0,0,900,0,0,0,0,0,0,0,50,0,0,0,0,0,0,0,60,0,0,0,0,0,0,0,1,0,0,0,0,0,0,0,1,0,0,0,0,0,0,0,2,0,0,0,0,0,0,0,2,0,0,0,0,0,0,0,0,0,0,0,0,0,0,0,0,0,0,0,0,0,0,0,0,0,0,0,0,0,0,0,0,0,0,0,0,0,0,0,1,1,1,1,0,0,0,0,5,1,5,0,0,0,0
65611,0,0,0,0,0,0,0,0,2001092,47,49,37,49,37,0,0,1,1,1,1,2,2,0,0,"","スタンブリング・ファンガー","キャリアー・レディバグ","ナッツブレーカー","キャリアー・レディバグ","ナッツブレーカー","","","模擬戦用の長槍",,,,,,,,0,0,0,0,0,0,0,0,0,0,0,0,0,0,0,0,1,0,0,0,0,0,0,0,8,0,0,0,0,0,0,0,0,0,0,0,0,0,0,0,0,0,0,0,0,0,0,0,0,0,0,0,0,0,0,0,0,0,0,0,0,0,0,0,2,1,1,0,0,0,0,0,2,1,0,1,0,0,0,0,2,0,0,0,1,0,0,0,2,0,0,0,0,1,0,0,0,0,0,0,0,0,0,0,0,0,0,0,0,0,0,0,0,0,0,0,0,0,0,0,0,0,0,0,0,0,0,0,1,1,1,1,0,0,0,0,6,1,2,0,0,0,0
65612,0,0,0,0,0,0,0,0,43,136,43,136,0,0,0,0,6,6,4,4,0,0,0,0,"キャリオンチゴー","ミッヂ・クラウド","キャリオンチゴー","ミッヂ・クラウド","","","","",,,,,,,,,0,0,0,0,0,0,0,0,0,0,0,0,0,0,0,0,0,0,0,0,0,0,0,0,0,0,0,0,0,0,0,0,0,0,0,0,0,0,0,0,0,0,0,0,0,0,0,0,0,0,0,0,0,0,0,0,0,0,0,0,0,0,0,0,1,0,0,0,0,0,0,0,0,1,0,0,0,0,0,0,0,1,0,0,0,0,0,0,0,0,1,1,0,0,0,0,0,0,0,0,0,0,0,0,0,0,0,0,0,0,0,0,0,0,0,0,0,0,0,0,0,0,0,0,0,0,0,0,2,2,2,2,0,0,0,0,8,1,7,0,0,0,0
65613,0,0,0,0,0,0,0,0,53,49,41,0,0,0,0,0,4,4,4,0,0,0,0,0,"アノールストーカー","キャリアー・レディバグ","サーフィド・クラウド","","","","","",,,,,,,,,0,0,0,0,0,0,0,0,0,0,0,0,0,0,0,0,4,0,0,0,0,0,0,0,0,0,0,0,0,0,0,0,0,0,0,0,0,0,0,0,900,180,180,0,0,0,0,0,60,0,0,0,0,0,0,0,70,0,0,0,0,0,0,0,1,1,0,0,0,0,0,0,1,0,1,0,0,0,0,0,1,0,0,0,0,0,0,0,1,0,0,0,0,0,0,0,0,0,0,0,0,0,0,0,0,0,0,0,0,0,0,0,0,0,0,0,0,0,0,0,0,0,0,0,0,0,0,0,1,1,1,1,0,0,0,0,5,1,5,0,0,0,0
65614,0,0,0,0,0,0,0,0,2001093,32,41,42,0,0,0,0,1,4,4,6,0,0,0,0,"","レザーヴァイン・コチュー","サーフィド・クラウド","ヤーゾン・インベーダー","","","","","堆肥袋",,,,,,,,0,0,0,0,0,0,0,0,0,0,0,0,0,0,0,0,1,0,0,2,0,0,0,0,8,0,0,30,0,0,0,0,0,0,0,1,0,0,0,0,0,0,0,1,0,0,0,0,0,0,0,0,0,0,0,0,0,0,0,0,0,0,0,0,2,1,1,0,0,0,0,0,4,0,0,0,0,0,0,0,2,1,1,0,0,0,0,0,0,0,0,0,0,0,0,0,0,0,0,0,0,0,0,0,0,0,0,0,0,0,0,0,0,0,0,0,0,0,0,0,0,0,0,0,0,0,0,0,1,1,1,0,0,0,0,0,6,1,2,0,0,0,0
65615,0,0,0,0,0,0,0,0,59,475,21,0,0,0,0,0,8,10,12,0,0,0,0,0,"ウォータースプライト","ワンダリング・ウィスプ","トリックスター","","","","","","ウォータースプライトの核",,,,,,,,5,0,0,0,0,0,0,0,90,0,0,0,0,0,0,0,1,2,3,0,0,0,0,0,0,3,2,0,0,0,0,0,0,2,0,0,0,0,0,0,0,1,0,0,0,0,0,0,0,0,0,0,0,0,0,0,0,0,0,0,0,0,0,0,1,0,0,0,0,0,0,0,0,2,0,0,0,0,0,0,0,2,0,0,0,0,0,0,0,2,0,0,0,0,0,0,0,0,0,0,0,0,0,0,0,0,0,0,0,0,0,0,0,0,0,0,0,0,0,0,0,0,0,0,0,0,0,0,1,1,1,1,0,0,0,0,7,2,6,0,0,0,0
65616,0,0,0,0,0,0,0,0,18,20,0,0,0,0,0,0,11,7,0,0,0,0,0,0,"ゾンビー・ウェイラー","ワイト・ウェイラー","","","","","","",,,,,,,,,0,0,0,0,0,0,0,0,0,0,0,0,0,0,0,0,2,4,0,0,0,0,0,0,0,0,0,0,0,0,0,0,0,0,0,0,0,0,0,0,0,0,0,0,0,0,0,0,0,0,0,0,0,0,0,0,0,0,0,0,0,0,0,0,0,2,0,0,0,0,0,0,1,0,0,0,0,0,0,0,0,2,0,0,0,0,0,0,1,0,0,0,0,0,0,0,0,0,0,0,0,0,0,0,0,0,0,0,0,0,0,0,0,0,0,0,0,0,0,0,0,0,0,0,0,0,0,0,2,2,2,2,0,0,0,0,8,1,7,0,0,0,0
65617,0,0,0,0,0,0,0,0,14,41,0,0,0,0,0,0,9,9,0,0,0,0,0,0,"グリーディ・ホグレット","サーフィド・クラウド","","","","","","",,,,,,,,,0,0,0,0,0,0,0,0,0,0,0,0,0,0,0,0,4,0,0,0,0,0,0,0,0,0,0,0,0,0,0,0,0,0,0,0,0,0,0,0,900,180,0,0,0,0,0,0,30,0,0,0,0,0,0,0,70,0,0,0,0,0,0,0,1,0,0,0,0,0,0,0,1,1,0,0,0,0,0,0,1,1,0,0,0,0,0,0,2,0,0,0,0,0,0,0,0,0,0,0,0,0,0,0,0,0,0,0,0,0,0,0,0,0,0,0,0,0,0,0,0,0,0,0,0,0,0,0,1,1,1,1,0,0,0,0,5,1,5,0,0,0,0
65618,0,0,0,0,0,0,0,0,22,47,0,0,0,0,0,0,8,9,0,0,0,0,0,0,"リーフブリード・ローズレット","スタンブリング・ファンガー","","","","","","",,,,,,,,,0,0,0,0,0,0,0,0,0,0,0,0,0,0,0,0,3,0,0,0,0,0,0,0,0,0,0,0,0,0,0,0,0,0,0,0,0,0,0,0,900,180,0,0,0,0,0,0,40,0,0,0,0,0,0,0,70,0,0,0,0,0,0,0,1,0,0,0,0,0,0,0,1,1,0,0,0,0,0,0,1,1,0,0,0,0,0,0,1,0,0,0,0,0,0,0,0,0,0,0,0,0,0,0,0,0,0,0,0,0,0,0,0,0,0,0,0,0,0,0,0,0,0,0,0,0,0,0,1,1,1,1,0,0,0,0,5,1,5,0,0,0,0
65619,0,0,0,0,0,0,0,0,2001094,10,11,0,0,0,0,0,1,10,7,0,0,0,0,0,"","リーフブリード・ダイアマイト","リーフブリード・ベーンマイト","","","","","","マイトの卵",,,,,,,,0,0,0,0,0,0,0,0,0,0,0,0,0,0,0,0,1,0,2,0,0,0,0,0,8,0,50,0,0,0,0,0,0,0,1,0,0,0,0,0,0,0,2,0,0,0,0,0,0,0,0,0,0,0,0,0,0,0,0,0,0,0,0,0,2,1,0,0,0,0,0,0,2,1,0,0,0,0,0,0,2,1,0,0,0,0,0,0,2,1,0,0,0,0,0,0,0,0,0,0,0,0,0,0,0,0,0,0,0,0,0,0,0,0,0,0,0,0,0,0,0,0,0,0,0,0,0,0,1,1,1,1,0,0,0,0,6,1,2,0,0,0,0
65620,0,0,0,0,0,0,0,0,2001095,32,22,22,57,57,0,0,1,10,9,9,8,8,0,0,"","レザーヴァイン・コチュー","リーフブリード・ローズレット","リーフブリード・ローズレット","シュラウドビー・スウォーム","シュラウドビー・スウォーム","","",,,,,,,,,0,0,0,0,0,0,0,0,0,0,0,0,0,0,0,0,1,0,2,2,2,2,0,0,6,0,10,80,40,60,0,0,0,0,1,1,1,1,0,0,0,0,1,1,1,1,0,0,0,0,0,0,0,0,0,0,0,0,0,0,0,0,0,0,2,1,0,0,0,0,0,0,2,1,0,0,0,0,0,0,2,1,0,0,0,0,0,0,0,0,0,0,0,0,0,0,0,0,0,0,0,0,0,0,0,0,0,0,0,0,0,0,0,0,0,0,0,0,0,0,0,0,0,0,0,0,0,0,1,1,1,0,0,0,0,0,6,2,16,0,0,0,0
65621,0,0,0,0,0,0,0,0,32,33,0,0,0,0,0,0,15,15,0,0,0,0,0,0,"レザーヴァイン・コチュー","リーフブリード・オチュー","","","","","","",,,,,,,,,0,0,0,0,0,0,0,0,0,0,0,0,0,0,0,0,2,3,0,0,0,0,0,0,2,2,0,0,0,0,0,0,2,0,0,0,0,0,0,0,0,0,0,0,0,0,0,0,0,0,0,0,0,0,0,0,0,0,0,0,0,0,0,0,3,0,0,0,0,0,0,0,3,0,0,0,0,0,0,0,2,0,0,0,0,0,0,0,2,0,0,0,0,0,0,0,0,0,0,0,0,0,0,0,0,0,0,0,0,0,0,0,0,0,0,0,0,0,0,0,0,0,0,0,0,0,0,0,1,1,1,1,0,0,0,0,7,1,6,0,0,0,0
65622,0,0,0,0,0,0,0,0,2001096,47,47,47,0,0,0,0,1,15,15,15,0,0,0,0,"","スタンブリング・ファンガー","スタンブリング・ファンガー","スタンブリング・ファンガー","","","","","シロカサダケ",,,,,,,,0,0,0,0,0,0,0,0,0,0,0,0,0,0,0,0,1,0,3,2,0,0,0,0,6,0,2,40,0,0,0,0,0,0,1,2,0,0,0,0,0,0,1,1,0,0,0,0,0,0,0,0,0,0,0,0,0,0,0,0,0,0,0,0,2,1,0,0,0,0,0,0,2,1,0,0,0,0,0,0,2,1,0,0,0,0,0,0,0,0,0,0,0,0,0,0,0,0,0,0,0,0,0,0,0,0,0,0,0,0,0,0,0,0,0,0,0,0,0,0,0,0,0,0,0,0,0,0,1,1,1,0,0,0,0,0,6,1,2,0,0,0,0
65623,0,0,0,0,0,0,0,0,498,47,33,311,0,0,0,0,15,15,15,13,0,0,0,0,"食道楽のゼゼルン","スタンブリング・ファンガー","リーフブリード・オチュー","コッグファインダー","","","","",,,,,,,,,0,0,0,0,0,0,0,0,0,0,0,0,0,0,0,0,0,1,1,1,0,0,0,0,0,4,2,3,0,0,0,0,786,790,787,788,789,0,0,0,0,0,0,0,0,0,0,0,0,0,0,0,0,0,0,0,0,0,0,0,0,0,0,0,0,0,0,0,0,0,0,0,0,0,0,2,0,0,0,0,0,0,1,1,0,0,0,0,0,0,0,1,0,0,0,0,0,0,0,0,0,0,0,0,0,0,0,0,0,0,0,0,0,0,0,0,0,0,0,0,0,0,0,0,0,0,0,0,1,2,3,4,5,0,0,0,9,1,9,0,0,0,0
65624,0,0,0,0,0,0,0,0,499,7,6,49,0,0,0,0,15,13,15,14,0,0,0,0,"孤児シルフ","パスナット","ノースシュラウド・レミュー","キャリアー・レディバグ","","","","",,,,,,,,,0,0,0,0,0,0,0,0,0,0,0,0,0,0,0,0,0,1,0,1,0,0,0,0,0,2,0,3,0,0,0,0,791,795,792,793,794,0,0,0,0,0,0,0,0,0,0,0,0,0,0,0,0,0,0,0,0,0,0,0,0,0,0,0,0,0,0,0,0,0,0,0,0,0,0,0,0,0,0,0,0,0,0,0,0,0,0,0,0,0,1,0,0,0,0,0,0,0,0,0,0,0,0,0,0,0,0,0,0,0,0,0,0,0,0,0,0,0,0,0,0,0,0,0,0,0,0,0,1,2,3,4,5,0,0,0,9,1,9,0,0,0,0
65625,0,0,0,0,0,0,0,0,22,22,33,33,0,0,0,0,18,19,19,20,0,0,0,0,"リーフブリード・ローズレット","リーフブリード・ローズレット","リーフブリード・オチュー","リーフブリード・オチュー","","","","",,,,,,,,,0,0,0,0,0,0,0,0,0,0,0,0,0,0,0,0,0,0,0,0,0,0,0,0,0,0,0,0,0,0,0,0,0,0,0,0,0,0,0,0,0,0,0,0,0,0,0,0,0,0,0,0,0,0,0,0,0,0,0,0,0,0,0,0,1,0,0,0,0,0,0,0,0,0,1,0,0,0,0,0,0,1,0,0,0,0,0,0,0,0,0,1,0,0,0,0,0,0,0,0,0,0,0,0,0,0,0,0,0,0,0,0,0,0,0,0,0,0,0,0,0,0,0,0,0,0,0,0,2,2,2,2,0,0,0,0,8,1,7,0,0,0,0
65626,0,0,0,0,0,0,0,0,2001097,3,79,3,79,0,0,0,1,20,19,19,18,0,0,0,"","フォージング・ドゥ","クァールクロウ・ポーチャー","フォージング・ドゥ","クァールクロウ・ポーチャー","","","","トラバサミ",,,,,,,,0,0,0,0,0,0,0,0,0,0,0,0,0,0,0,0,1,2,2,0,0,0,0,0,10,30,60,0,0,0,0,0,0,1,1,0,0,0,0,0,0,1,1,0,0,0,0,0,0,0,0,0,0,0,0,0,0,0,0,0,0,0,0,0,2,0,0,0,0,0,0,0,2,0,0,1,0,0,0,0,3,0,0,0,1,0,0,0,3,0,0,1,0,0,0,0,0,0,0,0,0,0,0,0,0,0,0,0,0,0,0,0,0,0,0,0,0,0,0,0,0,0,0,0,0,0,0,0,1,1,1,1,0,0,0,0,6,1,2,0,0,0,0
65627,0,0,0,0,0,0,0,0,508,22,3,4,3,0,0,0,18,18,19,19,18,0,0,0,"クパン・カプ","リーフブリード・ローズレット","フォージング・ドゥ","フォージング・スタッグ","フォージング・ドゥ","","","",,,,,,,,,0,0,0,0,0,0,0,0,0,0,0,0,0,0,0,0,0,1,0,0,1,0,0,0,0,3,0,0,2,0,0,0,796,800,797,798,799,0,0,0,0,0,0,0,0,0,0,0,0,0,0,0,0,0,0,0,0,0,0,0,0,0,0,0,0,0,0,0,0,0,0,0,0,2,0,0,0,0,0,0,0,0,1,0,0,0,0,0,0,0,0,1,0,0,0,0,0,0,0,0,0,0,0,0,0,0,0,0,0,0,0,0,0,0,0,0,0,0,0,0,0,0,0,0,0,0,0,0,1,2,3,4,5,0,0,0,9,1,9,0,0,0,0
65628,0,0,0,0,0,0,0,0,24,79,81,0,0,0,0,0,18,17,16,0,0,0,0,0,"アンガード・エルム","クァールクロウ・ポーチャー","クァールクロウ・ハンター","","","","","","鎮めの清水",,,,,,,,0,0,0,0,0,0,0,0,0,0,0,0,0,0,0,0,2,0,0,0,0,0,0,0,0,0,0,0,0,0,0,0,0,0,0,0,0,0,0,0,900,180,180,0,0,0,0,0,60,0,0,0,0,0,0,0,70,0,0,0,0,0,0,0,0,2,0,0,0,0,0,0,1,0,0,0,0,0,0,0,1,0,0,0,0,0,0,0,0,0,2,0,0,0,0,0,0,0,0,0,0,0,0,0,0,0,0,0,0,0,0,0,0,0,0,0,0,0,0,0,0,0,0,0,0,0,0,0,1,1,1,1,0,0,0,0,5,1,5,0,0,0,0
65629,0,0,0,0,0,0,0,0,12,21,0,0,0,0,0,0,10,10,0,0,0,0,0,0,"レッドベリー・スワームポイント","レッドベリー・スワームポイント","","","","","","",,,,,,,,,0,0,0,0,0,0,0,0,0,0,0,0,0,0,0,0,4,4,0,0,0,0,0,0,0,0,0,0,0,0,0,0,0,0,0,0,0,0,0,0,0,0,0,0,0,0,0,0,0,0,0,0,0,0,0,0,0,0,0,0,0,0,0,0,2,0,0,0,0,0,0,0,2,0,0,0,0,0,0,0,0,2,0,0,0,0,0,0,0,2,0,0,0,0,0,0,0,0,0,0,0,0,0,0,0,0,0,0,0,0,0,0,0,0,0,0,0,0,0,0,0,0,0,0,0,0,0,0,1,1,1,1,0,0,0,0,1,1,1,0,0,0,0
65630,0,0,0,0,0,0,0,0,138,0,0,0,0,0,0,0,10,0,0,0,0,0,0,0,"レッドベリー・スワームポイント","","","","","","","",,,,,,,,,0,0,0,0,0,0,0,0,0,0,0,0,0,0,0,0,6,0,0,0,0,0,0,0,0,0,0,0,0,0,0,0,0,0,0,0,0,0,0,0,0,0,0,0,0,0,0,0,0,0,0,0,0,0,0,0,0,0,0,0,0,0,0,0,2,0,0,0,0,0,0,0,2,0,0,0,0,0,0,0,2,0,0,0,0,0,0,0,0,0,0,0,0,0,0,0,0,0,0,0,0,0,0,0,0,0,0,0,0,0,0,0,0,0,0,0,0,0,0,0,0,0,0,0,0,0,0,0,1,1,1,1,0,0,0,0,1,1,1,0,0,0,0
65631,0,0,0,0,0,0,0,0,17,0,0,0,0,0,0,0,10,0,0,0,0,0,0,0,"レッドベリー・スワームポイント","","","","","","","",,,,,,,,,0,0,0,0,0,0,0,0,0,0,0,0,0,0,0,0,6,0,0,0,0,0,0,0,0,0,0,0,0,0,0,0,0,0,0,0,0,0,0,0,0,0,0,0,0,0,0,0,0,0,0,0,0,0,0,0,0,0,0,0,0,0,0,0,2,0,0,0,0,0,0,0,2,0,0,0,0,0,0,0,2,0,0,0,0,0,0,0,0,0,0,0,0,0,0,0,0,0,0,0,0,0,0,0,0,0,0,0,0,0,0,0,0,0,0,0,0,0,0,0,0,0,0,0,0,0,0,0,1,1,1,1,0,0,0,0,1,1,1,0,0,0,0
65632,0,0,0,0,0,0,0,0,187,0,0,0,0,0,0,0,9,0,0,0,0,0,0,0,"パイライトコブラン","","","","","","","",,,,,,,,,0,0,0,0,0,0,0,0,0,0,0,0,0,0,0,0,4,0,0,0,0,0,0,0,0,0,0,0,0,0,0,0,0,0,0,0,0,0,0,0,900,0,0,0,0,0,0,0,40,0,0,0,0,0,0,0,50,0,0,0,0,0,0,0,1,0,0,0,0,0,0,0,1,0,0,0,0,0,0,0,1,0,0,0,0,0,0,0,1,0,0,0,0,0,0,0,0,0,0,0,0,0,0,0,0,0,0,0,0,0,0,0,0,0,0,0,0,0,0,0,0,0,0,0,0,0,0,0,1,1,1,1,0,0,0,0,5,1,5,0,0,0,0
65633,0,0,0,0,0,0,0,0,2001746,172,172,172,0,0,0,0,1,9,10,11,0,0,0,0,"","ソフトスキン・ペイスト","ソフトスキン・ペイスト","ソフトスキン・ペイスト","","","","","ドードーの腐肉",,,,,,,,0,0,0,0,0,0,0,0,0,0,0,0,0,0,0,0,1,0,2,2,0,0,0,0,8,0,40,70,0,0,0,0,0,0,1,1,0,0,0,0,0,0,1,1,0,0,0,0,0,0,0,0,0,0,0,0,0,0,0,0,0,0,0,0,2,1,0,0,0,0,0,0,2,1,0,0,0,0,0,0,2,1,0,0,0,0,0,0,2,1,0,0,0,0,0,0,0,0,0,0,0,0,0,0,0,0,0,0,0,0,0,0,0,0,0,0,0,0,0,0,0,0,0,0,0,0,0,0,1,1,1,1,0,0,0,0,6,1,2,0,0,0,0
65634,0,0,0,0,0,0,0,0,2001747,382,356,12,12,12,12,0,1,8,7,9,9,9,6,0,"","ロームシェル","プランプ・オロボン","ブラッドアイ・バザード","ブラッドアイ・バザード","ブラッドアイ・バザード","ブラッドアイ・バザード","","古代の土器",,,,,,,,0,0,0,0,0,0,0,0,0,0,0,0,0,0,0,0,1,0,0,2,2,2,2,0,8,0,0,10,30,60,80,0,0,0,0,1,1,1,1,0,0,0,0,1,1,1,2,0,0,0,0,0,0,0,0,0,0,0,0,0,0,0,0,0,2,0,1,0,0,0,0,0,2,1,0,0,0,0,0,0,2,0,1,0,0,0,0,0,2,1,0,0,0,0,0,0,0,0,0,0,0,0,0,0,0,0,0,0,0,0,0,0,0,0,0,0,0,0,0,0,0,0,0,0,0,0,0,0,1,1,1,1,0,0,0,0,6,1,2,0,0,0,0
65635,0,0,0,0,0,0,0,0,1122,172,0,0,0,0,0,0,10,6,0,0,0,0,0,0,"ソフトスキン・ペイスト","ソフトスキン・ペイスト","","","","","","",,,,,,,,,0,0,0,0,0,0,0,0,0,0,0,0,0,0,0,0,1,0,0,0,0,0,0,0,0,2,0,0,0,0,0,0,0,0,0,0,0,0,0,0,0,0,0,0,0,0,0,0,30,0,0,0,0,0,0,0,2,0,0,0,0,0,0,0,1,0,0,0,0,0,0,0,0,2,0,0,0,0,0,0,0,0,0,0,0,0,0,0,0,0,0,0,0,0,0,0,0,0,0,0,0,0,0,0,0,0,0,0,0,0,0,0,0,0,0,0,0,0,0,0,0,0,0,0,0,0,0,0,1,2,0,0,0,0,0,0,3,1,3,4,0,0,0
65636,0,0,0,0,0,0,0,0,18,0,0,0,0,0,0,0,15,0,0,0,0,0,0,0,"ゾンビー・パイクマン","","","","","","","",,,,,,,,,0,0,0,0,0,0,0,0,0,0,0,0,0,0,0,0,8,0,0,0,0,0,0,0,0,0,0,0,0,0,0,0,0,0,0,0,0,0,0,0,0,0,0,0,0,0,0,0,0,0,0,0,0,0,0,0,0,0,0,0,0,0,0,0,2,0,0,0,0,0,0,0,2,0,0,0,0,0,0,0,2,0,0,0,0,0,0,0,2,0,0,0,0,0,0,0,0,0,0,0,0,0,0,0,0,0,0,0,0,0,0,0,0,0,0,0,0,0,0,0,0,0,0,0,0,0,0,0,1,1,1,1,0,0,0,0,1,1,1,0,0,0,0
65637,0,0,0,0,0,0,0,0,193,0,0,0,0,0,0,0,15,0,0,0,0,0,0,0,"レッドベリー・スワームポイント","","","","","","","",,,,,,,,,0,0,0,0,0,0,0,0,0,0,0,0,0,0,0,0,6,0,0,0,0,0,0,0,0,0,0,0,0,0,0,0,0,0,0,0,0,0,0,0,0,0,0,0,0,0,0,0,0,0,0,0,0,0,0,0,0,0,0,0,0,0,0,0,2,0,0,0,0,0,0,0,2,0,0,0,0,0,0,0,2,0,0,0,0,0,0,0,0,0,0,0,0,0,0,0,0,0,0,0,0,0,0,0,0,0,0,0,0,0,0,0,0,0,0,0,0,0,0,0,0,0,0,0,0,0,0,0,1,1,1,1,0,0,0,0,1,1,1,0,0,0,0
65638,0,0,0,0,0,0,0,0,131,0,0,0,0,0,0,0,15,0,0,0,0,0,0,0,"レッドベリー・スワームポイント","","","","","","","",,,,,,,,,0,0,0,0,0,0,0,0,0,0,0,0,0,0,0,0,8,0,0,0,0,0,0,0,0,0,0,0,0,0,0,0,0,0,0,0,0,0,0,0,0,0,0,0,0,0,0,0,0,0,0,0,0,0,0,0,0,0,0,0,0,0,0,0,0,2,0,0,0,0,0,0,0,2,0,0,0,0,0,0,0,2,0,0,0,0,0,0,0,0,0,0,0,0,0,0,0,0,0,0,0,0,0,0,0,0,0,0,0,0,0,0,0,0,0,0,0,0,0,0,0,0,0,0,0,0,0,0,1,1,1,1,0,0,0,0,1,1,1,0,0,0,0
65639,0,0,0,0,0,0,0,0,845,138,190,190,0,0,0,0,15,13,13,14,0,0,0,0,"グリダニア商人","ダーティ・モングレル","ファイアドレイク","ファイアドレイク","","","","",,,,,,,,,0,0,0,0,0,0,0,0,0,0,0,0,0,0,0,0,0,1,1,0,0,0,0,0,0,2,3,0,0,0,0,0,831,835,832,833,834,0,0,0,0,0,0,0,0,0,0,0,0,0,0,0,0,0,0,0,0,0,0,0,0,0,0,0,0,0,0,0,0,0,0,0,0,0,1,1,0,0,0,0,0,0,1,0,0,0,0,0,0,1,0,0,0,0,0,0,0,0,0,0,0,0,0,0,0,0,0,0,0,0,0,0,0,0,0,0,0,0,0,0,0,0,0,0,0,0,0,0,1,2,3,4,5,0,0,0,9,1,9,0,0,0,0
65640,0,0,0,0,0,0,0,0,844,12,203,206,0,0,0,0,15,14,14,14,0,0,0,0,"正直者のガットリクス","ブラッドアイ・バザード","ファーブル・ウィード","ドライボーン・ツコツコ","","","","",,,,,,,,,0,0,0,0,0,0,0,0,0,0,0,0,0,0,0,0,0,0,1,0,0,0,0,0,0,0,2,0,0,0,0,0,836,840,837,838,839,0,0,0,0,0,0,0,0,0,0,0,0,0,0,0,0,0,0,0,0,0,0,0,0,0,0,0,0,0,0,0,0,0,0,0,0,1,0,0,0,0,0,0,0,0,0,0,0,0,0,0,0,0,0,1,0,0,0,0,0,0,0,0,0,0,0,0,0,0,0,0,0,0,0,0,0,0,0,0,0,0,0,0,0,0,0,0,0,0,0,0,1,2,3,4,5,0,0,0,9,1,9,0,0,0,0
65641,0,0,0,0,0,0,0,0,4,0,0,0,0,0,0,0,24,0,0,0,0,0,0,0,"フォージング・スタッグ","","","","","","","","アンテロープのモモ肉",,,,,,,,1,0,0,0,0,0,0,0,70,0,0,0,0,0,0,0,4,0,0,0,0,0,0,0,1,0,0,0,0,0,0,0,0,0,0,0,0,0,0,0,0,0,0,0,0,0,0,0,0,0,0,0,0,0,0,0,0,0,0,0,0,0,0,0,1,0,0,0,0,0,0,0,1,0,0,0,0,0,0,0,1,0,0,0,0,0,0,0,1,0,0,0,0,0,0,0,0,0,0,0,0,0,0,0,0,0,0,0,0,0,0,0,0,0,0,0,0,0,0,0,0,0,0,0,0,0,0,0,1,1,1,1,0,0,0,0,2,1,2,0,0,0,0
65642,0,0,0,0,0,0,0,0,23,623,624,513,0,0,0,0,21,24,23,27,0,0,0,0,"ポイズン・フライトラップ","クァールクロウ・ポーチャー","クァールクロウ・ハンター","ディスピッカブル・デビレット","","","","","大きな花粉塊",,,,,,,,4,0,0,0,0,0,0,0,85,0,0,0,0,0,0,0,1,2,2,3,0,0,0,0,0,4,4,2,0,0,0,0,0,1,1,0,0,0,0,0,0,1,1,0,0,0,0,0,0,0,0,0,0,0,0,0,0,0,0,0,0,0,0,0,1,0,0,0,0,0,0,0,0,1,0,0,0,0,0,0,0,0,1,0,0,0,0,0,0,1,1,0,0,0,0,0,0,0,0,0,0,0,0,0,0,0,0,0,0,0,0,0,0,0,0,0,0,0,0,0,0,0,0,0,0,0,0,0,1,1,1,1,0,0,0,0,7,2,6,0,0,0,0
65643,0,0,0,0,0,0,0,0,2001098,23,406,0,0,0,0,0,0,23,26,0,0,0,0,0,"","ポイズン・フライトラップ","フィギープリン","","","","","","妖異全集「腐臭漂わせし者」の頁",,,,,,,,1,0,0,0,0,0,0,0,100,0,0,0,0,0,0,0,5,0,0,0,0,0,0,0,3,0,0,0,0,0,0,0,1,3,2,0,0,0,0,0,1,0,1,0,0,0,0,0,0,0,0,0,0,0,0,0,0,0,0,0,0,0,0,0,1,1,0,0,0,0,0,0,1,1,0,0,0,0,0,0,1,1,0,0,0,0,0,0,2,1,0,0,0,0,0,0,0,0,0,0,0,0,0,0,0,0,0,0,0,0,0,0,0,0,0,0,0,0,0,0,0,0,0,0,0,0,0,0,1,1,1,1,0,0,0,0,10,1,8,0,0,0,0
65644,0,0,0,0,0,0,0,0,3,4,0,0,0,0,0,0,24,24,0,0,0,0,0,0,"フォージング・ドゥ","フォージング・スタッグ","","","","","","",,,,,,,,,0,0,0,0,0,0,0,0,0,0,0,0,0,0,0,0,2,2,0,0,0,0,0,0,0,0,0,0,0,0,0,0,0,0,0,0,0,0,0,0,900,900,0,0,0,0,0,0,30,20,0,0,0,0,0,0,40,30,0,0,0,0,0,0,1,0,0,0,0,0,0,0,1,0,0,0,0,0,0,0,0,1,0,0,0,0,0,0,0,1,0,0,0,0,0,0,0,0,0,0,0,0,0,0,0,0,0,0,0,0,0,0,0,0,0,0,0,0,0,0,0,0,0,0,0,0,0,0,1,1,1,1,0,0,0,0,5,2,5,0,0,0,0
65645,0,0,0,0,0,0,0,0,2001099,42,26,59,26,59,0,0,0,23,23,23,24,24,0,0,"","ヤーゾン・インベーダー","トランストード","ウォータースプライト","トランストード","ウォータースプライト","","","秘蔵の蜂蜜酒",,,,,,,,0,0,0,0,0,0,0,0,0,0,0,0,0,0,0,0,1,0,0,0,2,2,0,0,5,0,0,0,50,40,0,0,0,0,0,0,1,2,0,0,0,0,0,0,1,1,0,0,0,0,0,0,0,0,0,0,0,0,0,0,0,0,0,0,1,1,0,0,0,0,0,0,1,0,1,0,0,0,0,0,1,0,0,1,0,0,0,0,2,0,0,0,0,0,0,0,0,0,0,0,0,0,0,0,0,0,0,0,0,0,0,0,0,0,0,0,0,0,0,0,0,0,0,0,0,0,0,0,1,1,1,1,0,0,0,0,6,1,2,0,0,0,0
65646,0,0,0,0,0,0,0,0,514,79,79,81,0,0,0,0,15,23,23,22,0,0,0,0,"シックファー・ドゥ","クァールクロウ・ポーチャー","クァールクロウ・ポーチャー","クァールクロウ・ハンター","","","","",,,,,,,,,0,0,0,0,0,0,0,0,0,0,0,0,0,0,0,0,0,1,1,1,0,0,0,0,0,4,3,2,0,0,0,0,0,0,0,0,0,0,0,0,0,0,0,0,0,0,0,0,0,0,0,0,0,0,0,0,0,0,0,0,0,0,0,0,0,0,0,0,0,0,0,0,0,0,0,2,0,0,0,0,0,0,1,0,0,0,0,0,0,1,0,0,0,0,0,0,0,0,0,1,0,0,0,0,0,0,0,0,0,0,0,0,0,0,0,0,0,0,0,0,0,0,0,0,0,0,0,0,1,2,3,4,5,0,0,0,9,1,9,0,0,0,0
65647,0,0,0,0,0,0,0,0,14,15,182,0,0,0,0,0,24,24,26,0,0,0,0,0,"グリーディ・ホグレット","グリーディ・ホッグ","ファハン","","","","","","妖異全集「邪眼輝かせし者」の頁",,,,,,,,1,0,0,0,0,0,0,0,80,0,0,0,0,0,0,0,5,0,0,0,0,0,0,0,3,0,0,0,0,0,0,0,4,4,2,0,0,0,0,0,1,1,1,0,0,0,0,0,0,0,0,0,0,0,0,0,0,0,0,0,0,0,0,0,1,0,0,0,0,0,0,0,0,1,0,0,0,0,0,0,1,0,0,0,0,0,0,0,0,1,0,0,0,0,0,0,0,0,0,0,0,0,0,0,0,0,0,0,0,0,0,0,0,0,0,0,0,0,0,0,0,0,0,0,0,0,0,0,1,1,1,1,0,0,0,0,10,2,20,0,0,0,0
65648,0,0,0,0,0,0,0,0,363,365,364,0,0,0,0,0,22,22,24,0,0,0,0,0,"骸旅団の格闘兵","骸旅団の魔術兵","骸旅団のパイク兵","","","","","",,,,,,,,,0,0,0,0,0,0,0,0,0,0,0,0,0,0,0,0,2,2,0,0,0,0,0,0,0,0,1,0,0,0,0,0,0,0,0,0,0,0,0,0,0,0,0,0,0,0,0,0,10,10,0,0,0,0,0,0,4,4,0,0,0,0,0,0,1,0,0,0,0,0,0,0,1,1,0,0,0,0,0,0,0,1,0,0,0,0,0,0,0,0,1,0,0,0,0,0,0,0,0,0,0,0,0,0,0,0,0,0,0,0,0,0,0,0,0,0,0,0,0,0,0,0,0,0,0,0,0,0,1,1,1,2,0,0,0,0,3,1,3,4,0,0,0
65649,0,0,0,0,0,0,0,0,134,846,21,0,0,0,0,0,22,24,26,0,0,0,0,0,"ファイアスプライト","ファイアドレイク","トリックスター・インプ","","","","","","ファイアスプライトの核",,,,,,,,3,0,0,0,0,0,0,0,100,0,0,0,0,0,0,0,1,2,3,0,0,0,0,0,0,3,3,0,0,0,0,0,0,3,0,0,0,0,0,0,0,1,0,0,0,0,0,0,0,0,0,0,0,0,0,0,0,0,0,0,0,0,0,0,1,0,0,0,0,0,0,0,0,2,0,0,0,0,0,0,0,1,0,0,0,0,0,0,0,2,0,0,0,0,0,0,0,0,0,0,0,0,0,0,0,0,0,0,0,0,0,0,0,0,0,0,0,0,0,0,0,0,0,0,0,0,0,0,1,1,1,1,0,0,0,0,7,2,6,0,0,0,0
65650,0,0,0,0,0,0,0,0,197,66,0,0,0,0,0,0,23,25,0,0,0,0,0,0,"アントリング・ゲーマーゲート","モルディ・プリン","","","","","","","妖異全集「腐汁滴らせし者」の頁",,,,,,,,1,0,0,0,0,0,0,0,90,0,0,0,0,0,0,0,4,0,0,0,0,0,0,0,2,0,0,0,0,0,0,0,4,2,0,0,0,0,0,0,1,1,0,0,0,0,0,0,0,0,0,0,0,0,0,0,0,0,0,0,0,0,0,0,1,0,0,0,0,0,0,0,1,0,0,0,0,0,0,0,1,0,0,0,0,0,0,0,1,0,0,0,0,0,0,0,0,0,0,0,0,0,0,0,0,0,0,0,0,0,0,0,0,0,0,0,0,0,0,0,0,0,0,0,0,0,0,0,1,1,1,1,0,0,0,0,10,2,20,0,0,0,0
65651,0,0,0,0,0,0,0,0,177,0,0,0,0,0,0,0,24,0,0,0,0,0,0,0,"フラワリング・サボテンダー","","","","","","","",,,,,,,,,0,0,0,0,0,0,0,0,0,0,0,0,0,0,0,0,3,0,0,0,0,0,0,0,0,0,0,0,0,0,0,0,0,0,0,0,0,0,0,0,900,0,0,0,0,0,0,0,70,0,0,0,0,0,0,0,80,0,0,0,0,0,0,0,1,0,0,0,0,0,0,0,1,0,0,0,0,0,0,0,1,0,0,0,0,0,0,0,1,0,0,0,0,0,0,0,0,0,0,0,0,0,0,0,0,0,0,0,0,0,0,0,0,0,0,0,0,0,0,0,0,0,0,0,0,0,0,0,1,1,1,1,0,0,0,0,5,2,5,0,0,0,0
65652,0,0,0,0,0,0,0,0,842,18,19,20,0,0,0,0,15,23,23,23,0,0,0,0,"孤児のベラスラベン","ゾンビー・パイクマン","ゾンビー・ウィザード","マジックドボーンズ","","","","",,,,,,,,,0,0,0,0,0,0,0,0,0,0,0,0,0,0,0,0,0,0,1,1,0,0,0,0,0,0,3,2,0,0,0,0,841,845,842,843,844,0,0,0,0,0,0,0,0,0,0,0,0,0,0,0,0,0,0,0,0,0,0,0,0,0,0,0,0,0,0,0,0,0,0,0,0,0,1,0,0,0,0,0,0,0,1,0,0,0,0,0,0,0,0,1,0,0,0,0,0,1,0,0,0,0,0,0,0,0,0,0,0,0,0,0,0,0,0,0,0,0,0,0,0,0,0,0,0,0,0,0,1,2,3,4,5,0,0,0,9,1,9,0,0,0,0
65653,0,0,0,0,0,0,0,0,365,364,388,0,0,0,0,0,22,22,25,0,0,0,0,0,"骸旅団の魔術兵","骸旅団のパイク兵","レッサー・ヴォドリガ","","","","","","妖異全集「闇夜を歩きし者」の頁",,,,,,,,1,0,0,0,0,0,0,0,90,0,0,0,0,0,0,0,5,0,0,0,0,0,0,0,3,0,0,0,0,0,0,0,4,4,2,0,0,0,0,0,1,1,1,0,0,0,0,0,0,0,0,0,0,0,0,0,0,0,0,0,0,0,0,0,0,1,0,0,0,0,0,0,1,0,0,0,0,0,0,0,0,1,0,0,0,0,0,0,1,0,0,0,0,0,0,0,0,0,0,0,0,0,0,0,0,0,0,0,0,0,0,0,0,0,0,0,0,0,0,0,0,0,0,0,0,0,0,0,1,1,1,1,0,0,0,0,10,2,20,0,0,0,0
65654,0,0,0,0,0,0,0,0,28,117,0,0,0,0,0,0,33,35,0,0,0,0,0,0,"ジャングルクァール・パップ","ゴールデン・クァール","","","","","","",,,,,,,,,0,0,0,0,0,0,0,0,0,0,0,0,0,0,0,0,5,0,0,0,0,0,0,0,0,1,0,0,0,0,0,0,0,0,0,0,0,0,0,0,0,0,0,0,0,0,0,0,10,0,0,0,0,0,0,0,4,0,0,0,0,0,0,0,2,0,0,0,0,0,0,0,2,0,0,0,0,0,0,0,1,0,0,0,0,0,0,0,0,1,0,0,0,0,0,0,0,0,0,0,0,0,0,0,0,0,0,0,0,0,0,0,0,0,0,0,0,0,0,0,0,0,0,0,0,0,0,0,1,1,1,2,0,0,0,0,3,1,3,0,0,0,0
65655,0,0,0,0,0,0,0,0,45,861,21,0,0,0,0,0,31,34,36,0,0,0,0,0,"ワンダリング・ウィスプ","コスタル・マンドラゴラ","ドランカー・インプ","","","","","","鬼火の種",,,,,,,,3,0,0,0,0,0,0,0,85,0,0,0,0,0,0,0,1,2,3,0,0,0,0,0,0,3,3,0,0,0,0,0,0,3,0,0,0,0,0,0,0,1,0,0,0,0,0,0,0,0,0,0,0,0,0,0,0,0,0,0,0,0,0,0,1,0,0,0,0,0,0,0,0,2,0,0,0,0,0,0,0,2,0,0,0,0,0,0,0,1,0,0,0,0,0,0,0,0,0,0,0,0,0,0,0,0,0,0,0,0,0,0,0,0,0,0,0,0,0,0,0,0,0,0,0,0,0,0,1,1,1,1,0,0,0,0,7,2,6,0,0,0,0
65656,0,0,0,0,0,0,0,0,52,327,0,0,0,0,0,0,34,36,0,0,0,0,0,0,"ゴブリン・アウトロー","ヴォイド・マイン","","","","","","","妖異全集「燃えあがりし者」の頁",,,,,,,,1,0,0,0,0,0,0,0,90,0,0,0,0,0,0,0,5,0,0,0,0,0,0,0,2,0,0,0,0,0,0,0,4,2,0,0,0,0,0,0,1,1,0,0,0,0,0,0,0,0,0,0,0,0,0,0,0,0,0,0,0,0,0,0,1,0,0,0,0,0,0,0,1,0,0,0,0,0,0,0,1,0,0,0,0,0,0,0,2,0,0,0,0,0,0,0,0,0,0,0,0,0,0,0,0,0,0,0,0,0,0,0,0,0,0,0,0,0,0,0,0,0,0,0,0,0,0,0,1,1,1,1,0,0,0,0,10,1,20,0,0,0,0
65657,0,0,0,0,0,0,0,0,2000610,322,118,178,0,0,0,0,0,35,33,32,0,0,0,0,"","アンサイトリィ・バッファロー","コスタル・マンドラゴラ","ヒューランイーター・ペリカン","","","","",,,"マンドラゴラの双葉",,,,,,0,0,3,0,0,0,0,0,0,0,0,0,0,0,0,0,2,2,0,0,0,0,0,0,3,1,0,1,0,0,0,0,0,0,0,0,0,0,0,0,0,0,0,0,0,0,0,0,0,0,0,0,0,0,0,0,0,0,0,0,0,0,0,0,2,0,1,0,0,0,0,0,1,0,0,0,0,0,0,0,2,0,1,0,0,0,0,0,1,0,0,0,0,0,0,0,0,0,0,0,0,0,0,0,0,0,0,0,0,0,0,0,0,0,0,0,0,0,0,0,0,0,0,0,0,0,0,0,1,1,1,1,0,0,0,0,11,1,17,0,0,0,0
65658,0,0,0,0,0,0,0,0,856,2,178,117,0,0,0,0,25,33,33,33,0,0,0,0,"香しのエ・バンダラ","ヒューランイーター・ラプトル","ヒューランイーター・ペリカン","ゴールデン・クァール","","","","",,,,,,,,,0,0,0,0,0,0,0,0,0,0,0,0,0,0,0,0,0,1,0,1,0,0,0,0,0,3,0,2,0,0,0,0,826,830,827,828,829,0,0,0,0,0,0,0,0,0,0,0,0,0,0,0,0,0,0,0,0,0,0,0,0,0,0,0,0,0,0,0,0,0,0,0,0,1,0,1,0,0,0,0,0,0,1,0,0,0,0,0,0,0,0,1,0,0,0,0,0,0,0,0,0,0,0,0,0,0,0,0,0,0,0,0,0,0,0,0,0,0,0,0,0,0,0,0,0,0,0,0,1,2,3,4,5,0,0,0,9,1,9,0,0,0,0
65659,0,0,0,0,0,0,0,0,2000610,320,178,2,0,0,0,0,0,36,34,32,0,0,0,0,"","インセイシャブル・グゥーブー","ヒューランイーター・ペリカン","ヒューランイーター・ラプトル","","","","",,,"ペリカンの肉",,,,,,0,0,6,0,0,0,0,0,0,0,0,0,0,0,0,0,2,2,0,0,0,0,0,0,2,1,0,1,0,0,0,0,0,0,0,0,0,0,0,0,0,0,0,0,0,0,0,0,0,0,0,0,0,0,0,0,0,0,0,0,0,0,0,0,2,0,1,0,0,0,0,0,1,0,0,0,0,0,0,0,2,0,0,0,0,0,0,0,1,0,0,0,0,0,0,0,0,0,0,0,0,0,0,0,0,0,0,0,0,0,0,0,0,0,0,0,0,0,0,0,0,0,0,0,0,0,0,0,1,1,1,1,0,0,0,0,11,1,17,0,0,0,0
65660,0,0,0,0,0,0,0,0,731,0,0,0,0,0,0,0,35,0,0,0,0,0,0,0,"ホワイトウルフ","","","","","","","","ホワイトウルフの粗皮",,,,,,,,1,0,0,0,0,0,0,0,90,0,0,0,0,0,0,0,4,0,0,0,0,0,0,0,1,0,0,0,0,0,0,0,0,0,0,0,0,0,0,0,0,0,0,0,0,0,0,0,0,0,0,0,0,0,0,0,0,0,0,0,0,0,0,0,1,0,0,0,0,0,0,0,1,0,0,0,0,0,0,0,1,0,0,0,0,0,0,0,1,0,0,0,0,0,0,0,0,0,0,0,0,0,0,0,0,0,0,0,0,0,0,0,0,0,0,0,0,0,0,0,0,0,0,0,0,0,0,0,1,1,1,1,0,0,0,0,2,1,2,0,0,0,0
65661,0,0,0,0,0,0,0,0,327,1831,320,0,0,0,0,0,32,35,36,0,0,0,0,0,"ナパーム","フロスト・グゥーブー","メルト・グゥーブー","","","","","","ナパームの小指",,,,,,,,3,0,0,0,0,0,0,0,85,0,0,0,0,0,0,0,1,2,3,0,0,0,0,0,0,3,3,0,0,0,0,0,0,3,0,0,0,0,0,0,0,1,0,0,0,0,0,0,0,0,0,0,0,0,0,0,0,0,0,0,0,0,0,0,1,0,0,0,0,0,0,0,0,1,0,0,0,0,0,0,0,2,0,0,0,0,0,0,0,2,0,0,0,0,0,0,0,0,0,0,0,0,0,0,0,0,0,0,0,0,0,0,0,0,0,0,0,0,0,0,0,0,0,0,0,0,0,0,1,1,1,1,0,0,0,0,7,2,6,0,0,0,0
65662,0,0,0,0,0,0,0,0,1832,719,404,0,0,0,0,0,34,34,36,0,0,0,0,0,"マッドカラクール・ラム","マッドカラクール・ユー","フローズン・ババロア","","","","","","妖異全集「氷結せし者」の頁",,,,,,,,1,0,0,0,0,0,0,0,80,0,0,0,0,0,0,0,5,0,0,0,0,0,0,0,3,0,0,0,0,0,0,0,4,4,2,0,0,0,0,0,1,1,1,0,0,0,0,0,0,0,0,0,0,0,0,0,0,0,0,0,0,0,0,0,1,0,0,0,0,0,0,0,0,1,0,0,0,0,0,0,1,0,0,0,0,0,0,0,0,1,0,0,0,0,0,0,0,0,0,0,0,0,0,0,0,0,0,0,0,0,0,0,0,0,0,0,0,0,0,0,0,0,0,0,0,0,0,0,1,1,1,1,0,0,0,0,10,1,20,0,0,0,0
65663,0,0,0,0,0,0,0,0,2000610,646,719,731,0,0,0,0,0,36,34,32,0,0,0,0,"","スパインスナップ・オーガ","マッドカラクール・ユー","ホワイトウルフ","","","","",,,"柔らかな羊肉",,,,,,0,0,3,0,0,0,0,0,0,0,0,0,0,0,0,0,2,2,0,0,0,0,0,0,3,1,0,1,0,0,0,0,0,0,0,0,0,0,0,0,0,0,0,0,0,0,0,0,0,0,0,0,0,0,0,0,0,0,0,0,0,0,0,0,2,0,1,0,0,0,0,0,1,0,0,0,0,0,0,0,2,0,1,0,0,0,0,0,1,0,0,0,0,0,0,0,0,0,0,0,0,0,0,0,0,0,0,0,0,0,0,0,0,0,0,0,0,0,0,0,0,0,0,0,0,0,0,0,1,1,1,1,0,0,0,0,11,1,17,0,0,0,0
65664,0,0,0,0,0,0,0,0,1833,395,395,731,731,0,0,0,25,35,35,35,35,0,0,0,"ロストユー","スナップジョー","スナップジョー","ホワイトウルフ","ホワイトウルフ","","","",,,,,,,,,0,0,0,0,0,0,0,0,0,0,0,0,0,0,0,0,0,1,1,1,1,0,0,0,0,2,3,3,2,0,0,0,0,0,0,0,0,0,0,0,0,0,0,0,0,0,0,0,0,0,0,0,0,0,0,0,0,0,0,0,0,0,0,0,0,0,0,0,0,0,0,0,0,1,0,1,0,0,0,0,0,0,0,1,0,0,0,0,0,0,1,0,0,0,0,0,0,0,0,0,0,0,0,0,0,0,0,0,0,0,0,0,0,0,0,0,0,0,0,0,0,0,0,0,0,0,0,0,1,2,3,4,5,0,0,0,9,1,9,0,0,0,0
65665,0,0,0,0,0,0,0,0,2000609,395,731,720,0,0,0,0,0,34,35,34,0,0,0,0,"","スナップジョー","ホワイトウルフ","フロスト・グゥーブー","","","","","植生調査用の土",,,,,,,,0,0,0,0,0,0,0,0,0,0,0,0,0,0,0,0,1,2,0,2,0,0,0,0,7,40,0,60,0,0,0,0,0,1,0,1,0,0,0,0,0,1,0,1,0,0,0,0,0,0,0,0,0,0,0,0,0,0,0,0,0,0,0,0,2,0,1,0,0,0,0,0,2,0,1,0,0,0,0,0,1,0,1,0,0,0,0,0,2,0,0,1,0,0,0,0,0,0,0,0,0,0,0,0,0,0,0,0,0,0,0,0,0,0,0,0,0,0,0,0,0,0,0,0,0,0,0,0,1,1,1,1,0,0,0,0,6,1,2,0,0,0,0
65666,0,0,0,0,0,0,0,0,2000610,398,395,327,0,0,0,0,0,36,33,32,0,0,0,0,"","レッドエイビス","スナップジョー","ナパーム","","","","",,,"バリトンダイルの肉",,,,,,0,0,3,0,0,0,0,0,0,0,0,0,0,0,0,0,2,2,0,0,0,0,0,0,2,1,0,1,0,0,0,0,0,0,0,0,0,0,0,0,0,0,0,0,0,0,0,0,0,0,0,0,0,0,0,0,0,0,0,0,0,0,0,0,2,0,1,0,0,0,0,0,2,0,1,0,0,0,0,0,1,0,0,0,0,0,0,0,1,0,0,0,0,0,0,0,0,0,0,0,0,0,0,0,0,0,0,0,0,0,0,0,0,0,0,0,0,0,0,0,0,0,0,0,0,0,0,0,1,1,1,1,0,0,0,0,11,1,17,0,0,0,0
65667,0,0,0,0,0,0,0,0,27,161,183,0,0,0,0,0,39,39,40,0,0,0,0,0,"ウィンター・ニクス","スノウパピー","ミルキー・アイ","","","","","","妖異全集「闇に羽ばたく者」の頁",,,,,,,,1,0,0,0,0,0,0,0,100,0,0,0,0,0,0,0,5,0,0,0,0,0,0,0,3,0,0,0,0,0,0,0,4,4,2,0,0,0,0,0,1,1,1,0,0,0,0,0,0,0,0,0,0,0,0,0,0,0,0,0,0,0,0,0,1,0,0,0,0,0,0,0,0,1,0,0,0,0,0,0,1,0,0,0,0,0,0,0,0,1,0,0,0,0,0,0,0,0,0,0,0,0,0,0,0,0,0,0,0,0,0,0,0,0,0,0,0,0,0,0,0,0,0,0,0,0,0,0,1,1,1,1,0,0,0,0,10,1,20,0,0,0,0
65668,0,0,0,0,0,0,0,0,2000610,390,644,387,0,0,0,0,0,40,38,38,0,0,0,0,"","ステゴタウルス","ダウンキャスト・ヒッポセルフ","ドラゴンフライ・チェイサー","","","","",,,"ヒッポグリフのモモ肉",,,,,,0,0,5,0,0,0,0,0,0,0,0,0,0,0,0,0,2,2,0,0,0,0,0,0,2,1,0,1,0,0,0,0,0,0,0,0,0,0,0,0,0,0,0,0,0,0,0,0,0,0,0,0,0,0,0,0,0,0,0,0,0,0,0,0,2,0,1,0,0,0,0,0,1,0,0,0,0,0,0,0,1,0,0,0,0,0,0,0,1,0,0,0,0,0,0,0,0,0,0,0,0,0,0,0,0,0,0,0,0,0,0,0,0,0,0,0,0,0,0,0,0,0,0,0,0,0,0,0,1,1,1,1,0,0,0,0,11,1,17,0,0,0,0
65669,0,0,0,0,0,0,0,0,2000610,398,191,731,403,0,0,0,0,39,37,37,38,0,0,0,"","レッドエイビス","ブリザード・ビアスト","ホワイトウルフ","ブラッド・バテラー","","","",,,"ビアストのスジ肉",,,,,,0,0,3,0,0,0,0,0,0,0,0,0,0,0,0,0,2,2,0,0,0,0,0,0,3,1,0,1,1,0,0,0,0,0,0,0,0,0,0,0,0,0,0,0,0,0,0,0,0,0,0,0,0,0,0,0,0,0,0,0,0,0,0,0,2,0,1,0,0,0,0,0,1,0,0,0,0,0,0,0,2,0,1,0,0,0,0,0,1,0,0,0,0,0,0,0,0,0,0,0,0,0,0,0,0,0,0,0,0,0,0,0,0,0,0,0,0,0,0,0,0,0,0,0,0,0,0,0,1,1,1,1,0,0,0,0,11,1,17,0,0,0,0
65670,0,0,0,0,0,0,0,0,644,191,395,646,0,0,0,0,40,40,40,41,0,0,0,0,"ダウンキャスト・ヒッポセルフ","ブリザード・ビアスト","スナップジョー","スパインスナップ・オーガ","","","","",,,,,,,,,0,0,0,0,0,0,0,0,0,0,0,0,0,0,0,0,0,0,0,0,0,0,0,0,0,0,0,0,0,0,0,0,0,0,0,0,0,0,0,0,0,0,0,0,0,0,0,0,0,0,0,0,0,0,0,0,0,0,0,0,0,0,0,0,1,0,0,0,0,0,0,0,0,1,0,0,0,0,0,0,0,0,1,0,0,0,0,0,0,0,0,1,0,0,0,0,0,0,0,0,0,0,0,0,0,0,0,0,0,0,0,0,0,0,0,0,0,0,0,0,0,0,0,0,0,0,0,0,2,2,2,2,0,0,0,0,8,1,7,0,0,0,0
65671,0,0,0,0,0,0,0,0,645,644,0,0,0,0,0,0,38,37,0,0,0,0,0,0,"アルビノ・ヒッポセルフ","ダウンキャスト・ヒッポセルフ","","","","","","","特製の沈静薬",,,,,,,,0,0,0,0,0,0,0,0,0,0,0,0,0,0,0,0,4,0,0,0,0,0,0,0,0,0,0,0,0,0,0,0,0,0,0,0,0,0,0,0,900,180,0,0,0,0,0,0,40,0,0,0,0,0,0,0,50,0,0,0,0,0,0,0,1,1,0,0,0,0,0,0,1,1,0,0,0,0,0,0,1,1,0,0,0,0,0,0,1,1,0,0,0,0,0,0,0,0,0,0,0,0,0,0,0,0,0,0,0,0,0,0,0,0,0,0,0,0,0,0,0,0,0,0,0,0,0,0,1,1,1,1,0,0,0,0,5,1,5,0,0,0,0
65672,0,0,0,0,0,0,0,0,1834,731,644,191,731,0,0,0,30,40,40,40,40,0,0,0,"スノウシュー・マウス","ホワイトウルフ","ダウンキャスト・ヒッポセルフ","ブリザード・ビアスト","ホワイトウルフ","","","",,,,,,,,,0,0,0,0,0,0,0,0,0,0,0,0,0,0,0,0,0,0,1,1,1,0,0,0,0,0,3,2,4,0,0,0,0,0,0,0,0,0,0,0,0,0,0,0,0,0,0,0,0,0,0,0,0,0,0,0,0,0,0,0,0,0,0,0,0,0,0,0,0,0,0,0,0,1,0,0,0,0,0,0,0,0,1,0,0,0,0,0,0,0,0,1,0,0,0,0,0,0,0,1,0,0,0,0,0,0,0,0,0,0,0,0,0,0,0,0,0,0,0,0,0,0,0,0,0,0,0,0,1,2,3,4,5,0,0,0,9,1,9,0,0,0,0
65673,0,0,0,0,0,0,0,0,731,646,644,720,0,0,0,0,40,40,40,41,0,0,0,0,"ホワイトウルフ","スパインスナップ・オーガ","ダウンキャスト・ヒッポセルフ","フロスト・グゥーブー","","","","",,,,,,,,,0,0,0,0,0,0,0,0,0,0,0,0,0,0,0,0,1,1,1,1,0,0,0,0,0,0,0,0,0,0,0,0,0,0,0,0,0,0,0,0,0,0,0,0,0,0,0,0,0,0,0,0,0,0,0,0,0,0,0,0,0,0,0,0,1,0,0,0,0,0,0,0,0,1,0,0,0,0,0,0,0,0,1,0,0,0,0,0,0,0,0,1,0,0,0,0,0,0,0,0,0,0,0,0,0,0,0,0,0,0,0,0,0,0,0,0,0,0,0,0,0,0,0,0,0,0,0,0,1,1,1,2,0,0,0,0,1,2,1,0,0,0,0
65674,0,0,0,0,0,0,0,0,1828,1829,1830,0,0,0,0,0,38,39,38,0,0,0,0,0,"バート商会の用心棒","バート商会の用心棒","バート商会の用心棒","","","","","",,,,,,,,,0,0,0,0,0,0,0,0,0,0,0,0,0,0,0,0,1,2,2,0,0,0,0,0,1,0,0,0,0,0,0,0,0,0,0,0,0,0,0,0,0,0,0,0,0,0,0,0,0,0,0,0,0,0,0,0,0,0,0,0,0,0,0,0,0,1,0,0,0,0,0,0,0,0,1,0,0,0,0,0,0,1,0,0,0,0,0,0,0,0,1,0,0,0,0,0,0,0,0,0,0,0,0,0,0,0,0,0,0,0,0,0,0,0,0,0,0,0,0,0,0,0,0,0,0,0,0,0,1,1,1,1,2,0,0,0,1,2,1,0,0,0,0
65675,0,0,0,0,0,0,0,0,2001098,303,173,646,0,0,0,0,0,37,38,40,0,0,0,0,"","ハングリー・ドレッドウルフ","ブッチャー・バジリスク","ヴォイド・スレイヴ","","","","","妖異全集「異界の炎を宿せし者」の頁",,,,,,,,1,0,0,0,0,0,0,0,100,0,0,0,0,0,0,0,5,0,0,0,0,0,0,0,4,0,0,0,0,0,0,0,1,3,3,2,0,0,0,0,1,0,50,1,0,0,0,0,0,0,1,0,0,0,0,0,0,0,0,0,0,0,0,0,2,1,0,0,0,0,0,0,2,1,0,0,0,0,0,0,2,1,0,0,0,0,0,0,2,1,0,0,0,0,0,0,0,0,0,0,0,0,0,0,0,0,0,0,0,0,0,0,0,0,0,0,0,0,0,0,0,0,0,0,0,0,0,0,1,1,1,1,0,0,0,0,10,1,8,0,0,0,0
65676,0,0,0,0,0,0,0,0,2000610,183,182,327,21,7,0,0,0,41,38,38,39,38,0,0,"","バロール","バロールズ・ベル","セルリウム・ボム","トリックスター・インプ","ヴォイド・ジャンパー","","",,,"邪眼の涙",,,,,,0,0,3,0,0,0,0,0,0,0,0,0,0,0,0,0,2,2,0,0,0,0,0,0,3,1,0,1,1,1,0,0,0,0,0,0,0,0,0,0,0,0,0,0,0,0,0,0,0,0,0,0,0,0,0,0,0,0,0,0,0,0,0,0,2,0,1,0,0,0,0,0,1,0,0,0,0,0,0,0,2,0,1,0,0,0,0,0,1,0,0,0,0,0,0,0,0,0,0,0,0,0,0,0,0,0,0,0,0,0,0,0,0,0,0,0,0,0,0,0,0,0,0,0,0,0,0,0,1,1,1,1,0,0,0,0,11,1,17,0,0,0,0
65677,0,0,0,0,0,0,0,0,306,188,131,327,0,0,0,0,36,40,39,40,0,0,0,0,"プラズマスパーク","ダイアファナス・ドブラン","アーススプライト","セルリウム・ボム","","","","",,,,,,,,,0,0,0,0,0,0,0,0,0,0,0,0,0,0,0,0,2,1,1,1,0,0,0,0,0,0,0,0,0,0,0,0,0,0,0,0,0,0,0,0,0,0,0,0,0,0,0,0,0,0,0,0,0,0,0,0,0,0,0,0,0,0,0,0,2,0,0,0,0,0,0,0,0,1,0,0,0,0,0,0,0,0,1,0,0,0,0,0,0,0,0,1,0,0,0,0,0,0,0,0,0,0,0,0,0,0,0,0,0,0,0,0,0,0,0,0,0,0,0,0,0,0,0,0,0,0,0,0,2,2,2,2,0,0,0,0,8,1,7,0,0,0,0
65678,0,0,0,0,0,0,0,0,843,12,131,12,131,173,0,0,30,38,38,38,38,38,0,0,"アマジナ鉱山社の番犬","ノーザン・バザード","アーススプライト","ノーザン・バザード","アーススプライト","ブッチャー・バジリスク","","",,,,,,,,,0,0,0,0,0,0,0,0,0,0,0,0,0,0,0,0,0,1,1,1,0,1,0,0,0,2,2,4,0,3,0,0,0,0,0,0,0,0,0,0,0,0,0,0,0,0,0,0,0,0,0,0,0,0,0,0,0,0,0,0,0,0,0,0,0,0,0,0,0,0,0,0,0,1,0,0,1,0,0,0,0,0,0,0,1,0,0,0,0,0,1,0,0,0,0,0,0,0,0,0,0,0,0,0,0,0,0,0,0,0,0,0,0,0,0,0,0,0,0,0,0,0,0,0,0,0,0,0,1,2,3,4,5,0,0,0,9,1,9,0,0,0,0
65679,0,0,0,0,0,0,0,0,17,134,190,0,0,0,0,0,40,38,40,0,0,0,0,0,"セルリウム・ボム","ファイアスプライト","フレイムドレイク","","","","","","ボムの薬指","大炎輝石","フレイムドレイクの可燃液",,,,,,2,2,1,0,0,0,0,0,90,95,100,0,0,0,0,0,3,3,1,0,0,0,0,0,1,2,3,0,0,0,0,0,0,0,0,0,0,0,0,0,0,0,0,0,0,0,0,0,0,0,0,0,0,0,0,0,0,0,0,0,0,0,0,0,1,0,0,0,0,0,0,0,0,1,0,0,0,0,0,0,0,0,1,0,0,0,0,0,0,0,0,0,0,0,0,0,0,0,0,0,0,0,0,0,0,0,0,0,0,0,0,0,0,0,0,0,0,0,0,0,0,0,0,0,0,0,0,0,1,1,1,1,0,0,0,0,2,1,2,0,0,0,0
65680,0,0,0,0,0,0,0,0,13,356,0,0,0,0,0,0,28,29,0,0,0,0,0,0,"コンドル","プランプ・オロボン","","","","","","","ヴァルチャーの胸肉","オロボンの刺身",,,,,,,1,1,0,0,0,0,0,0,85,90,0,0,0,0,0,0,2,3,0,0,0,0,0,0,1,2,0,0,0,0,0,0,0,0,0,0,0,0,0,0,0,0,0,0,0,0,0,0,0,0,0,0,0,0,0,0,0,0,0,0,0,0,0,0,1,0,0,0,0,0,0,0,0,1,0,0,0,0,0,0,0,2,0,0,0,0,0,0,2,0,0,0,0,0,0,0,0,0,0,0,0,0,0,0,0,0,0,0,0,0,0,0,0,0,0,0,0,0,0,0,0,0,0,0,0,0,0,0,1,1,1,1,0,0,0,0,2,1,2,0,0,0,0
65681,0,0,0,0,0,0,0,0,79,81,79,0,0,0,0,0,29,28,30,0,0,0,0,0,"クァールクロウ・ポーチャー","クァールクロウ・ハンター","クァールクロウ・ポーチャー","","","","","",,,,,,,,,0,0,0,0,0,0,0,0,0,0,0,0,0,0,0,0,2,1,0,0,0,0,0,0,0,0,1,0,0,0,0,0,0,0,0,0,0,0,0,0,0,0,0,0,0,0,0,0,8,8,0,0,0,0,0,0,4,4,0,0,0,0,0,0,1,0,0,0,0,0,0,0,1,0,0,0,0,0,0,0,0,1,0,0,0,0,0,0,0,0,1,0,0,0,0,0,0,0,0,0,0,0,0,0,0,0,0,0,0,0,0,0,0,0,0,0,0,0,0,0,0,0,0,0,0,0,0,0,1,1,1,2,0,0,0,0,3,1,3,4,0,0,0
65682,0,0,0,0,0,0,0,0,2001101,356,304,305,8,0,0,0,0,28,27,26,28,0,0,0,"","プランプ・オロボン","リーフブリード・モルボル","ロームボギー","グレートウィング・ケッド","","","","妖異全集「不浄なる者」の頁",,,,,,,,1,0,0,0,0,0,0,0,100,0,0,0,0,0,0,0,5,0,0,0,0,0,0,0,5,0,0,0,0,0,0,0,1,3,3,3,2,0,0,0,1,0,0,50,1,0,0,0,0,0,0,1,0,0,0,0,0,0,0,0,0,0,0,0,2,1,0,0,0,0,0,0,2,0,0,0,0,0,0,0,2,1,0,0,0,0,0,0,2,0,1,0,0,0,0,0,0,0,0,0,0,0,0,0,0,0,0,0,0,0,0,0,0,0,0,0,0,0,0,0,0,0,0,0,0,0,0,0,1,1,1,1,0,0,0,0,10,1,8,0,0,0,0
65683,0,0,0,0,0,0,0,0,2001102,34,34,34,0,0,0,0,1,28,29,30,0,0,0,0,"","スポーニング・アダマンタス","スポーニング・アダマンタス","スポーニング・アダマンタス","","","","","アダマンタスの卵",,,,,,,,0,0,0,0,0,0,0,0,0,0,0,0,0,0,0,0,1,2,2,2,0,0,0,0,5,20,40,80,0,0,0,0,0,1,1,1,0,0,0,0,0,1,1,1,0,0,0,0,0,0,0,0,0,0,0,0,0,0,0,0,0,0,0,0,1,0,0,0,0,0,0,0,1,0,0,0,0,0,0,0,1,0,0,0,0,0,0,0,2,0,0,0,0,0,0,0,0,0,0,0,0,0,0,0,0,0,0,0,0,0,0,0,0,0,0,0,0,0,0,0,0,0,0,0,0,0,0,0,1,1,1,1,0,0,0,0,6,1,2,0,0,0,0
65684,0,0,0,0,0,0,0,0,500,304,41,13,0,0,0,0,30,26,28,28,0,0,0,0,"正直者のガットリクス","リーフブリード・モルボル","スティンギング・サーフィド","コンドル","","","","",,,,,,,,,0,0,0,0,0,0,0,0,0,0,0,0,0,0,0,0,0,1,0,0,0,0,0,0,0,2,0,0,0,0,0,0,801,805,802,803,804,0,0,0,0,0,0,0,0,0,0,0,0,0,0,0,0,0,0,0,0,0,0,0,0,0,0,0,0,0,0,0,0,0,0,0,0,1,0,1,0,0,0,0,0,1,1,0,0,0,0,0,0,1,0,0,0,0,0,0,0,0,0,0,0,0,0,0,0,0,0,0,0,0,0,0,0,0,0,0,0,0,0,0,0,0,0,0,0,0,0,0,1,2,3,4,5,0,0,0,9,1,9,0,0,0,0
65685,0,0,0,0,0,0,0,0,2001103,79,81,79,0,0,0,0,0,28,28,29,0,0,0,0,"","クァールクロウ・ポーチャー","クァールクロウ・ハンター","クァールクロウ・ポーチャー","","","","","密猟された獣皮",,,,,,,,0,0,0,0,0,0,0,0,0,0,0,0,0,0,0,0,1,2,2,2,0,0,0,0,5,20,40,60,0,0,0,0,0,1,1,1,0,0,0,0,0,1,1,1,0,0,0,0,0,0,0,0,0,0,0,0,0,0,0,0,0,0,0,0,1,0,0,0,0,0,0,0,1,0,0,0,0,0,0,0,1,0,0,0,0,0,0,0,2,0,0,0,0,0,0,0,0,0,0,0,0,0,0,0,0,0,0,0,0,0,0,0,0,0,0,0,0,0,0,0,0,0,0,0,0,0,0,0,1,1,1,1,0,0,0,0,6,1,2,0,0,0,0
65686,0,0,0,0,0,0,0,0,340,205,0,0,0,0,0,0,9,8,0,0,0,0,0,0,"フェラル・ドードー","ラットモール","","","","","","",,,,,,,,,0,0,0,0,0,0,0,0,0,0,0,0,0,0,0,0,3,0,0,0,0,0,0,0,0,0,0,0,0,0,0,0,0,0,0,0,0,0,0,0,900,0,0,0,0,0,0,0,30,0,0,0,0,0,0,0,40,0,0,0,0,0,0,0,1,1,0,0,0,0,0,0,1,1,0,0,0,0,0,0,1,1,0,0,0,0,0,0,1,1,0,0,0,0,0,0,0,0,0,0,0,0,0,0,0,0,0,0,0,0,0,0,0,0,0,0,0,0,0,0,0,0,0,0,0,0,0,0,1,1,1,1,0,0,0,0,5,2,5,0,0,0,0
65687,0,0,0,0,0,0,0,0,2001751,22,205,22,205,205,0,0,1,8,8,9,9,10,0,0,"","オーシャン・ローズリング","ラットモール","オーシャン・ローズリング","ラットモール","ラットモール","","","妖花の種",,,,,,,,0,0,0,0,0,0,0,0,0,0,0,0,0,0,0,0,1,0,0,2,3,2,0,0,5,0,0,40,2,60,0,0,0,0,0,1,1,1,0,0,0,0,0,1,1,1,0,0,0,0,0,0,0,0,0,0,0,0,0,0,0,0,0,0,1,0,1,0,0,0,0,0,2,1,0,0,0,0,0,0,1,0,1,0,0,0,0,0,1,1,0,0,0,0,0,0,0,0,0,0,0,0,0,0,0,0,0,0,0,0,0,0,0,0,0,0,0,0,0,0,0,0,0,0,0,0,0,0,1,1,1,1,0,0,0,0,6,2,16,0,0,0,0
65688,0,0,0,0,0,0,0,0,2001752,340,340,340,0,0,0,0,1,8,9,10,0,0,0,0,"","フェラル・ドードー","フェラル・ドードー","フェラル・ドードー","","","","","ドードーの有精卵",,,,,,,,0,0,0,0,0,0,0,0,0,0,0,0,0,0,0,0,1,0,3,2,0,0,0,0,8,0,3,30,0,0,0,0,0,0,1,1,0,0,0,0,0,0,1,1,0,0,0,0,0,0,0,0,0,0,0,0,0,0,0,0,0,0,0,0,2,1,0,0,0,0,0,0,3,1,0,0,0,0,0,0,2,1,0,0,0,0,0,0,3,1,0,0,0,0,0,0,0,0,0,0,0,0,0,0,0,0,0,0,0,0,0,0,0,0,0,0,0,0,0,0,0,0,0,0,0,0,0,0,1,1,1,1,0,0,0,0,6,1,2,0,0,0,0
65689,0,0,0,0,0,0,0,0,325,326,0,0,0,0,0,0,10,6,0,0,0,0,0,0,"ビッグクロウ","モルティング・メガロクラブ","","","","","","",,,,,,,,,0,0,0,0,0,0,0,0,0,0,0,0,0,0,0,0,1,0,0,0,0,0,0,0,0,2,0,0,0,0,0,0,0,0,0,0,0,0,0,0,0,0,0,0,0,0,0,0,20,0,0,0,0,0,0,0,2,0,0,0,0,0,0,0,1,0,0,0,0,0,0,0,0,2,0,0,0,0,0,0,0,0,0,0,0,0,0,0,0,0,0,0,0,0,0,0,0,0,0,0,0,0,0,0,0,0,0,0,0,0,0,0,0,0,0,0,0,0,0,0,0,0,0,0,0,0,0,0,1,2,0,0,0,0,0,0,3,1,3,4,0,0,0
65690,0,0,0,0,0,0,0,0,36,351,0,0,0,0,0,0,1,1,0,0,0,0,0,0,"グレインウィーヴィル","ナッツマンチャー・マーモット","","","","","","",,,,,,,,,0,0,0,0,0,0,0,0,0,0,0,0,0,0,0,0,4,4,0,0,0,0,0,0,0,0,0,0,0,0,0,0,0,0,0,0,0,0,0,0,0,0,0,0,0,0,0,0,0,0,0,0,0,0,0,0,0,0,0,0,0,0,0,0,2,0,0,0,0,0,0,0,2,0,0,0,0,0,0,0,0,2,0,0,0,0,0,0,0,2,0,0,0,0,0,0,0,0,0,0,0,0,0,0,0,0,0,0,0,0,0,0,0,0,0,0,0,0,0,0,0,0,0,0,0,0,0,0,1,1,1,1,0,0,0,0,1,1,1,0,0,0,0
65691,0,0,0,0,0,0,0,0,12,0,0,0,0,0,0,0,1,0,0,0,0,0,0,0,"ブラッドアイ・バザード","","","","","","","","色鮮やかな羽",,,,,,,,2,0,0,0,0,0,0,0,70,0,0,0,0,0,0,0,8,0,0,0,0,0,0,0,1,0,0,0,0,0,0,0,0,0,0,0,0,0,0,0,0,0,0,0,0,0,0,0,0,0,0,0,0,0,0,0,0,0,0,0,0,0,0,0,1,0,0,0,0,0,0,0,1,0,0,0,0,0,0,0,1,0,0,0,0,0,0,0,1,0,0,0,0,0,0,0,0,0,0,0,0,0,0,0,0,0,0,0,0,0,0,0,0,0,0,0,0,0,0,0,0,0,0,0,0,0,0,0,1,1,1,1,0,0,0,0,2,1,2,0,0,0,0
65692,0,0,0,0,0,0,0,0,205,206,0,0,0,0,0,0,1,2,0,0,0,0,0,0,"ネイキッド・シュルー","タンブリング・ツコツコ","","","","","","",,,,,,,,,0,0,0,0,0,0,0,0,0,0,0,0,0,0,0,0,6,0,0,0,0,0,0,0,0,1,0,0,0,0,0,0,0,0,0,0,0,0,0,0,0,0,0,0,0,0,0,0,10,0,0,0,0,0,0,0,4,0,0,0,0,0,0,0,2,0,0,0,0,0,0,0,2,0,0,0,0,0,0,0,2,0,0,0,0,0,0,0,0,1,0,0,0,0,0,0,0,0,0,0,0,0,0,0,0,0,0,0,0,0,0,0,0,0,0,0,0,0,0,0,0,0,0,0,0,0,0,0,1,1,1,2,0,0,0,0,3,1,3,0,0,0,0
65693,0,0,0,0,0,0,0,0,351,49,175,42,0,0,0,0,1,1,2,1,0,0,0,0,"ナッツマンチャー・マーモット","ラブリー・レディバグ","アンコモン・カクター","ヤーゾン・ラーカー","","","","",,,,,,,,,0,0,0,0,0,0,0,0,0,0,0,0,0,0,0,0,0,0,0,0,0,0,0,0,0,0,0,0,0,0,0,0,0,0,0,0,0,0,0,0,0,0,0,0,0,0,0,0,0,0,0,0,0,0,0,0,0,0,0,0,0,0,0,0,1,0,0,0,0,0,0,0,0,1,0,0,0,0,0,0,0,0,0,2,0,0,0,0,0,0,1,0,0,0,0,0,0,0,0,0,0,0,0,0,0,0,0,0,0,0,0,0,0,0,0,0,0,0,0,0,0,0,0,0,0,0,0,0,2,2,2,2,0,0,0,0,8,1,7,0,0,0,0
65694,0,0,0,0,0,0,0,0,351,49,0,0,0,0,0,0,1,1,0,0,0,0,0,0,"ナッツマンチャー・マーモット","ラブリー・レディバグ","","","","","","",,,,,,,,,0,0,0,0,0,0,0,0,0,0,0,0,0,0,0,0,4,0,0,0,0,0,0,0,0,0,0,0,0,0,0,0,0,0,0,0,0,0,0,0,900,0,0,0,0,0,0,0,60,0,0,0,0,0,0,0,70,0,0,0,0,0,0,0,1,0,0,0,0,0,0,0,1,0,0,0,0,0,0,0,1,1,0,0,0,0,0,0,1,0,0,0,0,0,0,0,0,0,0,0,0,0,0,0,0,0,0,0,0,0,0,0,0,0,0,0,0,0,0,0,0,0,0,0,0,0,0,0,1,1,1,1,0,0,0,0,5,1,5,0,0,0,0
65695,0,0,0,0,0,0,0,0,2001744,49,175,49,175,0,0,0,1,1,1,2,2,0,0,0,"","ラブリー・レディバグ","アンコモン・カクター","ラブリー・レディバグ","アンコモン・カクター","","","","落ちた積荷",,,,,,,,0,0,0,0,0,0,0,0,0,0,0,0,0,0,0,0,1,0,0,0,0,0,0,0,8,0,0,0,0,0,0,0,0,0,0,0,0,0,0,0,0,0,0,0,0,0,0,0,0,0,0,0,0,0,0,0,0,0,0,0,0,0,0,0,2,1,1,0,0,0,0,0,2,1,1,0,0,0,0,0,2,0,0,1,0,0,0,0,2,0,0,0,1,0,0,0,0,0,0,0,0,0,0,0,0,0,0,0,0,0,0,0,0,0,0,0,0,0,0,0,0,0,0,0,0,0,0,0,1,1,1,1,0,0,0,0,6,1,2,0,0,0,0
65696,0,0,0,0,0,0,0,0,49,136,42,0,0,0,0,0,4,4,6,0,0,0,0,0,"ラブリー・レディバグ","サンミッヂ・クラウド","ヤーゾン・ラーカー","","","","","",,,,,,,,,0,0,0,0,0,0,0,0,0,0,0,0,0,0,0,0,2,2,1,0,0,0,0,0,0,0,1,0,0,0,0,0,0,0,0,0,0,0,0,0,0,0,0,0,0,0,0,0,0,0,0,0,0,0,0,0,0,0,0,0,0,0,0,0,1,0,0,0,0,0,0,0,1,1,0,0,0,0,0,0,0,1,0,0,0,0,0,0,0,0,1,0,0,0,0,0,0,0,0,0,0,0,0,0,0,0,0,0,0,0,0,0,0,0,0,0,0,0,0,0,0,0,0,0,0,0,0,0,1,1,1,2,0,0,0,0,1,2,1,0,0,0,0
65697,0,0,0,0,0,0,0,0,187,0,0,0,0,0,0,0,5,0,0,0,0,0,0,0,"パイライトコブラン","","","","","","","","黄鉄鉱の欠片",,,,,,,,2,0,0,0,0,0,0,0,75,0,0,0,0,0,0,0,7,0,0,0,0,0,0,0,1,0,0,0,0,0,0,0,0,0,0,0,0,0,0,0,0,0,0,0,0,0,0,0,0,0,0,0,0,0,0,0,0,0,0,0,0,0,0,0,1,0,0,0,0,0,0,0,1,0,0,0,0,0,0,0,1,0,0,0,0,0,0,0,1,0,0,0,0,0,0,0,0,0,0,0,0,0,0,0,0,0,0,0,0,0,0,0,0,0,0,0,0,0,0,0,0,0,0,0,0,0,0,0,1,1,1,1,0,0,0,0,2,1,2,0,0,0,0
65698,0,0,0,0,0,0,0,0,175,175,0,0,0,0,0,0,5,4,0,0,0,0,0,0,"アンコモン・カクター","アンコモン・カクター","","","","","","",,,,,,,,,0,0,0,0,0,0,0,0,0,0,0,0,0,0,0,0,4,0,0,0,0,0,0,0,0,1,0,0,0,0,0,0,0,0,0,0,0,0,0,0,0,0,0,0,0,0,0,0,15,0,0,0,0,0,0,0,4,0,0,0,0,0,0,0,1,0,0,0,0,0,0,0,1,0,0,0,0,0,0,0,2,0,0,0,0,0,0,0,0,1,0,0,0,0,0,0,0,0,0,0,0,0,0,0,0,0,0,0,0,0,0,0,0,0,0,0,0,0,0,0,0,0,0,0,0,0,0,0,1,1,1,2,0,0,0,0,3,1,3,4,0,0,0
65699,0,0,0,0,0,0,0,0,12,187,175,431,0,0,0,0,5,3,5,6,0,0,0,0,"ブラッドアイ・バザード","パイライトコブラン","アンコモン・カクター","トマホークビーク","","","","",,,,,,,,,0,0,0,0,0,0,0,0,0,0,0,0,0,0,0,0,0,0,0,0,0,0,0,0,0,0,0,0,0,0,0,0,0,0,0,0,0,0,0,0,0,0,0,0,0,0,0,0,0,0,0,0,0,0,0,0,0,0,0,0,0,0,0,0,1,0,0,0,0,0,0,0,0,2,0,0,0,0,0,0,0,0,1,0,0,0,0,0,0,0,0,1,0,0,0,0,0,0,0,0,0,0,0,0,0,0,0,0,0,0,0,0,0,0,0,0,0,0,0,0,0,0,0,0,0,0,0,0,2,2,2,2,0,0,0,0,8,1,7,0,0,0,0
65700,0,0,0,0,0,0,0,0,431,187,0,0,0,0,0,0,4,3,0,0,0,0,0,0,"トマホークビーク","パイライトコブラン","","","","","","","特製の沈静薬",,,,,,,,0,0,0,0,0,0,0,0,0,0,0,0,0,0,0,0,4,0,0,0,0,0,0,0,0,0,0,0,0,0,0,0,0,0,0,0,0,0,0,0,900,0,0,0,0,0,0,0,50,0,0,0,0,0,0,0,60,0,0,0,0,0,0,0,1,0,0,0,0,0,0,0,1,1,0,0,0,0,0,0,1,1,0,0,0,0,0,0,1,0,0,0,0,0,0,0,0,0,0,0,0,0,0,0,0,0,0,0,0,0,0,0,0,0,0,0,0,0,0,0,0,0,0,0,0,0,0,0,1,1,1,1,0,0,0,0,5,1,5,0,0,0,0
65701,0,0,0,0,0,0,0,0,2001745,351,136,431,0,0,0,0,1,5,5,6,0,0,0,0,"","ナッツマンチャー・マーモット","サンミッヂ・クラウド","トマホークビーク","","","","","隠された貴金属",,,,,,,,0,0,0,0,0,0,0,0,0,0,0,0,0,0,0,0,1,0,0,2,0,0,0,0,8,0,0,80,0,0,0,0,0,0,0,1,0,0,0,0,0,0,0,1,0,0,0,0,0,0,0,0,0,0,0,0,0,0,0,0,0,0,0,0,2,0,1,0,0,0,0,0,2,0,1,0,0,0,0,0,2,1,0,0,0,0,0,0,2,1,0,0,0,0,0,0,0,0,0,0,0,0,0,0,0,0,0,0,0,0,0,0,0,0,0,0,0,0,0,0,0,0,0,0,0,0,0,0,1,1,1,1,0,0,0,0,6,1,2,0,0,0,0
65702,0,0,0,0,0,0,0,0,1121,0,0,0,0,0,0,0,1,0,0,0,0,0,0,0,"キャリアー・レディバグ","","","","","","","",,,,,,,,,0,0,0,0,0,0,0,0,0,0,0,0,0,0,0,0,7,0,0,0,0,0,0,0,0,0,0,0,0,0,0,0,0,0,0,0,0,0,0,0,0,0,0,0,0,0,0,0,0,0,0,0,0,0,0,0,0,0,0,0,0,0,0,0,2,0,0,0,0,0,0,0,2,0,0,0,0,0,0,0,2,0,0,0,0,0,0,0,1,0,0,0,0,0,0,0,0,0,0,0,0,0,0,0,0,0,0,0,0,0,0,0,0,0,0,0,0,0,0,0,0,0,0,0,0,0,0,0,1,1,1,1,0,0,0,0,1,1,1,0,0,0,0
65703,0,0,0,0,0,0,0,0,324,0,0,0,0,0,0,0,1,0,0,0,0,0,0,0,"ソルトウォーター・オーレリア","","","","","","","","オーレリアのバラスト袋",,,,,,,,2,0,0,0,0,0,0,0,80,0,0,0,0,0,0,0,12,0,0,0,0,0,0,0,1,0,0,0,0,0,0,0,0,0,0,0,0,0,0,0,0,0,0,0,0,0,0,0,0,0,0,0,0,0,0,0,0,0,0,0,0,0,0,0,1,0,0,0,0,0,0,0,1,0,0,0,0,0,0,0,1,0,0,0,0,0,0,0,1,0,0,0,0,0,0,0,0,0,0,0,0,0,0,0,0,0,0,0,0,0,0,0,0,0,0,0,0,0,0,0,0,0,0,0,0,0,0,0,1,1,1,1,0,0,0,0,2,1,2,0,0,0,0
65704,0,0,0,0,0,0,0,0,351,351,0,0,0,0,0,0,1,2,0,0,0,0,0,0,"パックラット","パックラット","","","","","","",,,,,,,,,0,0,0,0,0,0,0,0,0,0,0,0,0,0,0,0,5,0,0,0,0,0,0,0,0,1,0,0,0,0,0,0,0,0,0,0,0,0,0,0,0,0,0,0,0,0,0,0,5,0,0,0,0,0,0,0,4,0,0,0,0,0,0,0,2,0,0,0,0,0,0,0,2,0,0,0,0,0,0,0,1,0,0,0,0,0,0,0,0,1,0,0,0,0,0,0,0,0,0,0,0,0,0,0,0,0,0,0,0,0,0,0,0,0,0,0,0,0,0,0,0,0,0,0,0,0,0,0,1,1,1,2,0,0,0,0,3,1,3,0,0,0,0
65705,0,0,0,0,0,0,0,0,313,324,351,49,0,0,0,0,2,1,1,1,0,0,0,0,"リバーバンクトード","ソルトウォーター・オーレリア","パックラット","キャリアー・レディバグ","","","","",,,,,,,,,0,0,0,0,0,0,0,0,0,0,0,0,0,0,0,0,0,0,0,0,0,0,0,0,0,0,0,0,0,0,0,0,0,0,0,0,0,0,0,0,0,0,0,0,0,0,0,0,0,0,0,0,0,0,0,0,0,0,0,0,0,0,0,0,0,0,0,1,0,0,0,0,0,0,2,0,0,0,0,0,0,1,0,0,0,0,0,0,1,0,0,0,0,0,0,0,0,0,0,0,0,0,0,0,0,0,0,0,0,0,0,0,0,0,0,0,0,0,0,0,0,0,0,0,0,0,0,0,2,2,2,2,0,0,0,0,8,1,7,0,0,0,0
65706,0,0,0,0,0,0,0,0,867,338,0,0,0,0,0,0,1,2,0,0,0,0,0,0,"ロストシープ","ワイルドラム","","","","","","",,,,,,,,,0,0,0,0,0,0,0,0,0,0,0,0,0,0,0,0,3,0,0,0,0,0,0,0,0,0,0,0,0,0,0,0,0,0,0,0,0,0,0,0,900,0,0,0,0,0,0,0,60,0,0,0,0,0,0,0,70,0,0,0,0,0,0,0,1,1,0,0,0,0,0,0,1,1,0,0,0,0,0,0,1,1,0,0,0,0,0,0,1,1,0,0,0,0,0,0,0,0,0,0,0,0,0,0,0,0,0,0,0,0,0,0,0,0,0,0,0,0,0,0,0,0,0,0,0,0,0,0,1,1,1,1,0,0,0,0,5,1,5,0,0,0,0
65707,0,0,0,0,0,0,0,0,2001749,341,49,49,341,341,0,0,1,1,1,2,2,2,0,0,"","スケールプーク","キャリアー・レディバグ","キャリアー・レディバグ","スケールプーク","スケールプーク","","",,,,,,,,,0,0,0,0,0,0,0,0,0,0,0,0,0,0,0,0,1,0,0,3,2,2,0,0,5,0,0,2,40,80,0,0,0,0,0,1,1,1,0,0,0,0,0,1,1,1,0,0,0,0,0,0,0,0,0,0,0,0,0,0,0,0,0,0,1,1,0,0,0,0,0,0,1,0,0,0,0,0,0,0,1,0,1,0,0,0,0,0,2,0,0,0,0,0,0,0,0,0,0,0,0,0,0,0,0,0,0,0,0,0,0,0,0,0,0,0,0,0,0,0,0,0,0,0,0,0,0,0,1,1,1,1,0,0,0,0,6,2,16,0,0,0,0
65708,0,0,0,0,0,0,0,0,138,12,138,0,0,0,0,0,5,5,3,0,0,0,0,0,"ジバリング・ジャッカル","ブラッドアイ・バザード","ジバリング・ジャッカル","","","","","",,,,,,,,,0,0,0,0,0,0,0,0,0,0,0,0,0,0,0,0,2,2,2,0,0,0,0,0,0,0,2,0,0,0,0,0,0,0,0,0,0,0,0,0,0,0,0,0,0,0,0,0,0,0,0,0,0,0,0,0,0,0,0,0,0,0,0,0,0,1,0,0,0,0,0,0,1,0,0,0,0,0,0,0,1,1,0,0,0,0,0,0,0,0,0,0,0,0,0,0,0,0,0,0,0,0,0,0,0,0,0,0,0,0,0,0,0,0,0,0,0,0,0,0,0,0,0,0,0,0,0,0,1,1,1,2,0,0,0,0,1,2,1,0,0,0,0
65709,0,0,0,0,0,0,0,0,133,0,0,0,0,0,0,0,5,0,0,0,0,0,0,0,"ウィンドスプライト","","","","","","","","ウィンドスプライトの核",,,,,,,,2,0,0,0,0,0,0,0,80,0,0,0,0,0,0,0,10,0,0,0,0,0,0,0,1,0,0,0,0,0,0,0,0,0,0,0,0,0,0,0,0,0,0,0,0,0,0,0,0,0,0,0,0,0,0,0,0,0,0,0,0,0,0,0,1,0,0,0,0,0,0,0,1,0,0,0,0,0,0,0,1,0,0,0,0,0,0,0,1,0,0,0,0,0,0,0,0,0,0,0,0,0,0,0,0,0,0,0,0,0,0,0,0,0,0,0,0,0,0,0,0,0,0,0,0,0,0,0,1,1,1,1,0,0,0,0,2,1,2,0,0,0,0
65710,0,0,0,0,0,0,0,0,118,118,0,0,0,0,0,0,5,6,0,0,0,0,0,0,"マーチング・マンドラゴラ","マーチング・マンドラゴラ","","","","","","",,,,,,,,,0,0,0,0,0,0,0,0,0,0,0,0,0,0,0,0,5,0,0,0,0,0,0,0,0,1,0,0,0,0,0,0,0,0,0,0,0,0,0,0,0,0,0,0,0,0,0,0,5,0,0,0,0,0,0,0,4,0,0,0,0,0,0,0,2,0,0,0,0,0,0,0,2,0,0,0,0,0,0,0,1,0,0,0,0,0,0,0,0,1,0,0,0,0,0,0,0,0,0,0,0,0,0,0,0,0,0,0,0,0,0,0,0,0,0,0,0,0,0,0,0,0,0,0,0,0,0,0,1,1,1,2,0,0,0,0,3,1,3,0,0,0,0
65711,0,0,0,0,0,0,0,0,339,37,205,0,0,0,0,0,5,5,4,0,0,0,0,0,"ストレイドードー","パックラット","ラットモール","","","","","",,,,,,,,,0,0,0,0,0,0,0,0,0,0,0,0,0,0,0,0,0,0,0,0,0,0,0,0,0,0,0,0,0,0,0,0,0,0,0,0,0,0,0,0,0,0,0,0,0,0,0,0,0,0,0,0,0,0,0,0,0,0,0,0,0,0,0,0,1,0,0,0,0,0,0,0,0,1,0,0,0,0,0,0,0,0,2,0,0,0,0,0,1,0,0,0,0,0,0,0,0,0,0,0,0,0,0,0,0,0,0,0,0,0,0,0,0,0,0,0,0,0,0,0,0,0,0,0,0,0,0,0,2,2,2,2,0,0,0,0,8,1,7,0,0,0,0
65712,0,0,0,0,0,0,0,0,118,339,0,0,0,0,0,0,4,5,0,0,0,0,0,0,"マーチング・マンドラゴラ","ストレイドードー","","","","","","",,,,,,,,,0,0,0,0,0,0,0,0,0,0,0,0,0,0,0,0,4,0,0,0,0,0,0,0,0,0,0,0,0,0,0,0,0,0,0,0,0,0,0,0,900,0,0,0,0,0,0,0,50,0,0,0,0,0,0,0,60,0,0,0,0,0,0,0,1,1,0,0,0,0,0,0,1,1,0,0,0,0,0,0,1,1,0,0,0,0,0,0,1,1,0,0,0,0,0,0,0,0,0,0,0,0,0,0,0,0,0,0,0,0,0,0,0,0,0,0,0,0,0,0,0,0,0,0,0,0,0,0,1,1,1,1,0,0,0,0,5,1,5,0,0,0,0
65713,0,0,0,0,0,0,0,0,2001750,57,57,57,57,0,0,0,0,4,5,5,6,0,0,0,"","ビー・クラウド","ビー・クラウド","ビー・クラウド","ビー・クラウド","","","","新鮮なローランドグレープ",,,,,,,,0,0,0,0,0,0,0,0,0,0,0,0,0,0,0,0,1,2,2,2,2,0,0,0,10,20,40,60,90,0,0,0,0,1,1,1,1,0,0,0,0,1,1,1,1,0,0,0,0,0,0,0,0,0,0,0,0,0,0,0,0,0,0,0,3,0,0,0,0,0,0,0,2,0,0,0,0,0,0,0,3,0,0,0,0,0,0,0,2,0,0,0,0,0,0,0,0,0,0,0,0,0,0,0,0,0,0,0,0,0,0,0,0,0,0,0,0,0,0,0,0,0,0,0,0,0,0,0,1,1,1,1,0,0,0,0,6,1,2,0,0,0,0
65714,0,0,0,0,0,0,0,0,339,170,0,0,0,0,0,0,16,18,0,0,0,0,0,0,"エッグレイヤー・ドードー","キキルン・トラッフラー","","","","","","",,,,,,,,,0,0,0,0,0,0,0,0,0,0,0,0,0,0,0,0,4,4,0,0,0,0,0,0,0,0,0,0,0,0,0,0,0,0,0,0,0,0,0,0,0,0,0,0,0,0,0,0,0,0,0,0,0,0,0,0,0,0,0,0,0,0,0,0,1,1,0,0,0,0,0,0,1,1,0,0,0,0,0,0,1,1,0,0,0,0,0,0,1,1,0,0,0,0,0,0,0,0,0,0,0,0,0,0,0,0,0,0,0,0,0,0,0,0,0,0,0,0,0,0,0,0,0,0,0,0,0,0,1,1,1,1,0,0,0,0,1,1,1,0,0,0,0
65715,0,0,0,0,0,0,0,0,135,862,325,0,0,0,0,0,16,19,22,0,0,0,0,0,"ライトニングスプライト","サスピシャス・メガロクラブ","ビッグクロウ","","","","","","ライトニングスプライトの核",,,,,,,,2,0,0,0,0,0,0,0,85,0,0,0,0,0,0,0,1,2,3,0,0,0,0,0,0,3,2,0,0,0,0,0,0,2,0,0,0,0,0,0,0,1,0,0,0,0,0,0,0,0,0,0,0,0,0,0,0,0,0,0,0,0,0,0,0,1,0,0,0,0,0,0,0,1,0,0,0,0,0,0,0,1,0,0,0,0,0,0,1,0,0,0,0,0,0,0,0,0,0,0,0,0,0,0,0,0,0,0,0,0,0,0,0,0,0,0,0,0,0,0,0,0,0,0,0,0,0,0,1,1,1,1,0,0,0,0,7,2,6,0,0,0,0
65716,0,0,0,0,0,0,0,0,28,42,0,866,865,0,0,0,20,15,0,19,20,0,0,0,"トラッフル・クァール","ヤーゾン・バイター","","連雷衆の弓術士","連雷衆の斧術士","","","",,,,,,,,,0,0,0,0,0,0,0,0,0,0,0,0,0,0,0,0,0,0,0,0,0,0,0,0,0,0,0,0,0,0,0,0,0,0,0,0,0,0,0,0,0,0,0,0,0,0,0,0,0,0,0,0,0,0,0,0,0,0,0,0,0,0,0,0,1,0,0,0,0,0,0,0,0,2,0,0,0,0,0,0,0,0,0,0,0,0,0,0,0,0,0,1,0,0,0,0,0,0,0,0,1,0,0,0,0,0,0,0,0,0,0,0,0,0,0,0,0,0,0,0,0,0,0,0,0,0,0,0,2,2,0,2,3,0,0,0,8,1,7,0,0,0,0
65717,0,0,0,0,0,0,0,0,170,205,306,0,0,0,0,0,19,17,17,0,0,0,0,0,"キキルン・トラッフラー","ネイキッドモール","イブンフォール・ファイアフライ","","","","","",,,,,,,,,0,0,0,0,0,0,0,0,0,0,0,0,0,0,0,0,3,0,0,0,0,0,0,0,0,0,0,0,0,0,0,0,0,0,0,0,0,0,0,0,600,0,0,0,0,0,0,0,40,0,0,0,0,0,0,0,50,0,0,0,0,0,0,0,1,1,0,0,0,0,0,0,1,0,1,0,0,0,0,0,1,1,0,0,0,0,0,0,1,0,1,0,0,0,0,0,0,0,0,0,0,0,0,0,0,0,0,0,0,0,0,0,0,0,0,0,0,0,0,0,0,0,0,0,0,0,0,0,1,1,1,1,0,0,0,0,5,1,5,0,0,0,0
65718,0,0,0,0,0,0,0,0,2001754,138,205,326,0,0,0,0,0,21,15,20,0,0,0,0,"","ラガディ・ジャッカル","ネイキッドモール","サスピシャス・メガロクラブ","","","","",,,,,,,,,0,0,0,0,0,0,0,0,0,0,0,0,0,0,0,0,1,2,2,2,0,0,0,0,5,80,20,40,0,0,0,0,0,1,1,1,0,0,0,0,0,1,2,1,0,0,0,0,0,0,0,0,0,0,0,0,0,0,0,0,0,0,0,0,1,0,0,0,0,0,0,0,0,0,0,0,0,0,0,0,0,0,0,0,0,0,0,0,0,0,0,0,0,0,0,0,0,0,0,0,0,0,0,0,0,0,0,0,0,0,0,0,0,0,0,0,0,0,0,0,0,0,0,0,0,0,0,0,1,1,1,1,0,0,0,0,6,3,16,0,0,0,0
65719,0,0,0,0,0,0,0,0,859,348,326,324,0,0,0,0,20,17,17,17,0,0,0,0,"正直者のガットリクス","サングイナリィ・バッカニア","サスピシャス・メガロクラブ","ソルトウォーター・オーレリア","","","","",,,,,,,,,0,0,0,0,0,0,0,0,0,0,0,0,0,0,0,0,0,1,1,1,0,0,0,0,0,4,2,3,0,0,0,0,821,825,822,823,824,0,0,0,0,0,0,0,0,0,0,0,0,0,0,0,0,0,0,0,0,0,0,0,0,0,0,0,0,0,0,0,0,0,0,0,0,1,1,0,0,0,0,0,0,1,1,0,0,0,0,0,0,1,0,1,0,0,0,0,0,0,0,0,0,0,0,0,0,0,0,0,0,0,0,0,0,0,0,0,0,0,0,0,0,0,0,0,0,0,0,0,1,2,3,4,5,0,0,0,9,1,9,0,0,0,0
65720,0,0,0,0,0,0,0,0,135,862,325,0,0,0,0,0,15,19,21,0,0,0,0,0,"ライトニングスプライト","サスピシャス・メガロクラブ","ビッグクロウ","","","","","","ライトニングスプライトの核",,,,,,,,2,0,0,0,0,0,0,0,85,0,0,0,0,0,0,0,1,2,3,0,0,0,0,0,0,3,2,0,0,0,0,0,0,2,0,0,0,0,0,0,0,1,0,0,0,0,0,0,0,0,0,0,0,0,0,0,0,0,0,0,0,0,0,0,0,1,0,0,0,0,0,0,0,1,0,0,0,0,0,0,0,1,0,0,0,0,0,0,1,0,0,0,0,0,0,0,0,0,0,0,0,0,0,0,0,0,0,0,0,0,0,0,0,0,0,0,0,0,0,0,0,0,0,0,0,0,0,0,1,1,1,1,0,0,0,0,7,2,6,0,0,0,0
65721,0,0,0,0,0,0,0,0,326,324,133,326,0,0,0,0,29,28,29,30,0,0,0,0,"ブラッドショア・スニッパー","ブラッドショア・アイソア","ウィンドスプライト","ブラッドショア・スニッパー","","","","",,,,,,,,,0,0,0,0,0,0,0,0,0,0,0,0,0,0,0,0,2,1,1,1,0,0,0,0,0,0,1,0,0,0,0,0,0,0,0,1,0,0,0,0,0,0,0,0,0,0,0,0,0,0,0,0,0,0,0,0,0,0,0,0,0,0,0,0,1,0,0,0,0,0,0,0,0,1,0,0,0,0,0,0,1,0,0,0,0,0,0,0,0,0,1,0,0,0,0,0,0,0,0,0,0,0,0,0,0,0,0,0,0,0,0,0,0,0,0,0,0,0,0,0,0,0,0,0,0,0,0,0,1,1,1,2,3,0,0,0,1,2,1,0,0,0,0
65722,0,0,0,0,0,0,0,0,314,314,0,0,0,0,0,0,29,26,0,0,0,0,0,0,"アプカル・コーラー","アプカル・コーラー","","","","","","",,,,,,,,,0,0,0,0,0,0,0,0,0,0,0,0,0,0,0,0,4,0,0,0,0,0,0,0,0,2,0,0,0,0,0,0,0,0,0,0,0,0,0,0,0,0,0,0,0,0,0,0,8,0,0,0,0,0,0,0,5,0,0,0,0,0,0,0,1,0,0,0,0,0,0,0,1,0,0,0,0,0,0,0,1,0,0,0,0,0,0,0,1,0,0,0,0,0,0,0,0,2,0,0,0,0,0,0,0,0,0,0,0,0,0,0,0,0,0,0,0,0,0,0,0,0,0,0,0,0,0,0,1,1,1,1,2,0,0,0,3,1,3,0,0,0,0
65723,0,0,0,0,0,0,0,0,2001101,133,118,327,0,0,0,0,0,28,23,30,0,0,0,0,"","ウィンドスプライト","コスタル・マンドラゴラ","ヴォイド・マイン","","","","","妖異全集「燃えさかりし者」の頁",,,,,,,,1,0,0,0,0,0,0,0,100,0,0,0,0,0,0,0,4,0,0,0,0,0,0,0,4,0,0,0,0,0,0,0,1,3,3,2,0,0,0,0,1,0,0,1,0,0,0,0,0,0,0,0,0,0,0,0,0,0,0,0,0,0,0,0,2,1,0,0,0,0,0,0,1,1,0,0,0,0,0,0,3,0,2,0,0,0,0,0,2,1,0,0,0,0,0,0,0,0,0,0,0,0,0,0,0,0,0,0,0,0,0,0,0,0,0,0,0,0,0,0,0,0,0,0,0,0,0,0,1,1,1,1,0,0,0,0,10,1,8,0,0,0,0
65724,0,0,0,0,0,0,0,0,386,314,13,0,0,0,0,0,29,27,27,0,0,0,0,0,"トーキング・コリブリ","アプカル・コーラー","クレイブン・コンドル","","","","","",,,,,,,,,0,0,0,0,0,0,0,0,0,0,0,0,0,0,0,0,4,0,0,0,0,0,0,0,0,0,0,0,0,0,0,0,0,0,0,0,0,0,0,0,600,0,0,0,0,0,0,0,30,0,0,0,0,0,0,0,40,0,0,0,0,0,0,0,1,1,0,0,0,0,0,0,1,0,1,0,0,0,0,0,1,1,0,0,0,0,0,0,1,0,1,0,0,0,0,0,0,0,0,0,0,0,0,0,0,0,0,0,0,0,0,0,0,0,0,0,0,0,0,0,0,0,0,0,0,0,0,0,1,1,1,1,0,0,0,0,5,1,5,0,0,0,0
65725,0,0,0,0,0,0,0,0,2001755,13,326,133,118,0,0,0,0,29,29,29,26,0,0,0,"","クレイブン・コンドル","ブラッドショア・スニッパー","ウィンドスプライト","コスタル・マンドラゴラ","","","","漂着したワイン",,,,,,,,0,0,0,0,0,0,0,0,0,0,0,0,0,0,0,0,1,2,2,2,2,0,0,0,5,20,40,60,80,0,0,0,0,1,1,1,1,0,0,0,0,1,1,1,2,0,0,0,0,0,0,0,0,0,0,0,0,0,0,0,0,0,0,0,1,0,0,0,0,0,0,0,1,0,0,0,0,0,0,0,1,0,0,0,0,0,0,0,1,0,0,0,0,0,0,0,1,0,0,0,0,0,0,0,0,0,0,0,0,0,0,0,0,0,0,0,0,0,0,0,0,0,0,0,0,0,0,0,1,1,1,1,1,0,0,0,6,1,2,0,0,0,0
65726,0,0,0,0,0,0,0,0,857,327,133,312,0,0,0,0,24,27,27,28,0,0,0,0,"バッファロー・カーフ","ヴォイド・マイン","ウィンドスプライト","ブラッドショア・アイソア","","","","",,,,,,,,,0,0,0,0,0,0,0,0,0,0,0,0,0,0,0,0,0,0,0,1,0,0,0,0,0,0,0,4,0,0,0,0,0,0,0,0,0,0,0,0,0,0,0,0,0,0,0,0,0,0,0,0,0,0,0,0,0,0,0,0,0,0,0,0,0,0,0,0,0,0,0,0,0,0,1,1,0,0,0,0,0,1,1,0,0,0,0,0,0,0,0,1,0,0,0,0,0,0,1,0,0,0,0,0,0,0,0,0,0,0,0,0,0,0,0,0,0,0,0,0,0,0,0,0,0,0,0,0,1,2,3,4,5,0,0,0,9,1,9,0,0,0,0
65727,0,0,0,0,0,0,0,0,326,314,324,322,0,0,0,0,30,26,29,30,0,0,0,0,"ブラッドショア・スニッパー","アプカル・コーラー","ブラッドショア・アイソア","アンサイトリィ・バッファロー","","","","",,,,,,,,,0,0,0,0,0,0,0,0,0,0,0,0,0,0,0,0,0,0,0,0,0,0,0,0,0,0,0,0,0,0,0,0,0,0,0,0,0,0,0,0,0,0,0,0,0,0,0,0,0,0,0,0,0,0,0,0,0,0,0,0,0,0,0,0,1,0,0,0,0,0,0,0,0,2,0,0,0,0,0,0,0,0,1,0,0,0,0,0,0,0,0,1,0,0,0,0,0,0,0,0,0,0,0,0,0,0,0,0,0,0,0,0,0,0,0,0,0,0,0,0,0,0,0,0,0,0,0,0,2,2,2,2,0,0,0,0,8,1,7,0,0,0,0
65728,0,0,0,0,0,0,0,0,858,1305,1304,350,0,0,0,0,15,14,13,14,0,0,0,0,"金主のメメルン","ロープボーンド・バッカニア","タールステイン・バッカニア","ゲイルボーン・バッカニア","","","","",,,,,,,,,0,0,0,0,0,0,0,0,0,0,0,0,0,0,0,0,0,0,1,1,0,0,0,0,0,0,2,4,0,0,0,0,816,820,817,818,819,0,0,0,0,0,0,0,0,0,0,0,0,0,0,0,0,0,0,0,0,0,0,0,0,0,0,0,0,0,0,0,0,0,0,0,0,0,0,0,0,0,0,0,0,0,0,0,0,0,0,0,0,1,0,0,0,0,0,0,0,0,0,0,0,0,0,0,0,0,0,0,0,0,0,0,0,0,0,0,0,0,0,0,0,0,0,0,0,0,0,0,1,2,3,4,5,0,0,0,9,1,9,0,0,0,0
65729,0,0,0,0,0,0,0,0,132,1837,1838,182,0,0,0,0,42,46,46,46,0,0,0,0,"アイススプライト","ベガー・シャモン","ベガー・ボンズ","ブラッドショット・アイ","","","","","アイススプライトの核",,,,,,,,4,0,0,0,0,0,0,0,85,0,0,0,0,0,0,0,1,2,2,3,0,0,0,0,0,4,4,2,0,0,0,0,0,1,1,0,0,0,0,0,0,1,1,0,0,0,0,0,0,0,0,0,0,0,0,0,0,0,0,0,0,0,0,0,1,0,0,0,0,0,0,0,0,1,1,0,0,0,0,0,0,1,1,0,0,0,0,0,0,1,1,0,0,0,0,0,0,0,0,0,0,0,0,0,0,0,0,0,0,0,0,0,0,0,0,0,0,0,0,0,0,0,0,0,0,0,0,0,1,1,1,1,0,0,0,0,7,2,6,0,0,0,0
65730,0,0,0,0,0,0,0,0,2001098,27,135,377,0,0,0,0,0,43,43,45,0,0,0,0,"","ウィンター・ニクス","ライトニングスプライト","ダーク・ダハーカ","","","","","妖異全集「噛み砕きし者」の頁",,,,,,,,1,0,0,0,0,0,0,0,100,0,0,0,0,0,0,0,5,0,0,0,0,0,0,0,4,0,0,0,0,0,0,0,1,3,3,2,0,0,0,0,1,0,50,1,0,0,0,0,0,0,1,0,0,0,0,0,0,0,0,0,0,0,0,0,2,1,0,0,0,0,0,0,1,1,0,0,0,0,0,0,2,1,0,0,0,0,0,0,2,1,0,0,0,0,0,0,0,0,0,0,0,0,0,0,0,0,0,0,0,0,0,0,0,0,0,0,0,0,0,0,0,0,0,0,0,0,0,0,1,1,1,1,0,0,0,0,10,1,8,0,0,0,0
65731,0,0,0,0,0,0,0,0,2000610,647,644,27,0,0,0,0,0,45,43,42,0,0,0,0,"","ファウルリバー・ハパリット","ラゲッド・ヒッポグリフ","ウィンター・ニクス","","","","",,,"ヒッポグリフのモモ肉",,,,,,0,0,4,0,0,0,0,0,0,0,0,0,0,0,0,0,2,2,0,0,0,0,0,0,2,1,0,1,0,0,0,0,0,0,0,0,0,0,0,0,0,0,0,0,0,0,0,0,0,0,0,0,0,0,0,0,0,0,0,0,0,0,0,0,2,0,1,0,0,0,0,0,2,0,0,0,0,0,0,0,2,0,1,0,0,0,0,0,2,0,0,0,0,0,0,0,0,0,0,0,0,0,0,0,0,0,0,0,0,0,0,0,0,0,0,0,0,0,0,0,0,0,0,0,0,0,0,0,1,1,1,1,0,0,0,0,11,1,17,0,0,0,0
65732,0,0,0,0,0,0,0,0,727,728,729,730,0,0,0,0,45,45,45,45,0,0,0,0,"ベガー・シャモン","ベガー・ボンズ","ベガー・ソーズ","ベガー・ビク","","","","",,,,,,,,,0,0,0,0,0,0,0,0,0,0,0,0,0,0,0,0,0,0,0,0,0,0,0,0,0,0,0,0,0,0,0,0,0,0,0,0,0,0,0,0,0,0,0,0,0,0,0,0,0,0,0,0,0,0,0,0,0,0,0,0,0,0,0,0,1,0,0,0,0,0,0,0,0,1,0,0,0,0,0,0,0,0,1,0,0,0,0,0,0,0,0,1,0,0,0,0,0,0,0,0,0,0,0,0,0,0,0,0,0,0,0,0,0,0,0,0,0,0,0,0,0,0,0,0,0,0,0,0,2,2,2,2,0,0,0,0,8,1,7,0,0,0,0
65733,0,0,0,0,0,0,0,0,1839,645,727,728,646,0,0,0,35,45,45,45,45,0,0,0,"聖コイナク財団の学士","ラゲッド・ヒッポグリフ","ベガー・シャモン","ベガー・ボンズ","ファウルリバー・ハパリット","","","",,,,,,,,,0,0,0,0,0,0,0,0,0,0,0,0,0,0,0,0,0,1,1,1,1,0,0,0,0,2,4,3,3,0,0,0,1005,1009,1006,1007,1008,0,0,0,0,0,0,0,0,0,0,0,0,0,0,0,0,0,0,0,0,0,0,0,0,0,0,0,0,0,0,0,0,0,0,0,0,0,0,0,1,0,0,0,0,0,1,0,0,0,0,0,0,0,0,1,0,0,0,0,0,1,0,0,0,0,0,0,0,0,0,0,0,0,0,0,0,0,0,0,0,0,0,0,0,0,0,0,0,0,0,0,1,2,3,4,5,0,0,0,9,1,9,0,0,0,0
65734,0,0,0,0,0,0,0,0,27,645,0,0,0,0,0,0,44,43,0,0,0,0,0,0,"ウィンター・ニクス","ラゲッド・ヒッポグリフ","","","","","","",,,,,,,,,0,0,0,0,0,0,0,0,0,0,0,0,0,0,0,0,4,0,0,0,0,0,0,0,0,0,0,0,0,0,0,0,0,0,0,0,0,0,0,0,600,0,0,0,0,0,0,0,30,0,0,0,0,0,0,0,40,0,0,0,0,0,0,0,1,1,0,0,0,0,0,0,1,0,0,0,0,0,0,0,1,1,0,0,0,0,0,0,1,0,0,0,0,0,0,0,0,0,0,0,0,0,0,0,0,0,0,0,0,0,0,0,0,0,0,0,0,0,0,0,0,0,0,0,0,0,0,0,1,1,1,1,0,0,0,0,5,1,5,0,0,0,0
65735,0,0,0,0,0,0,0,0,5069,5070,5071,0,0,0,0,0,49,49,49,0,0,0,0,0,"エバーウィンターベアー","ウェイリング・イエティ","アイスウォリアー","","","","","",,,,,,,,,0,0,0,0,0,0,0,0,0,0,0,0,0,0,0,0,2,2,1,0,0,0,0,0,0,0,1,0,0,0,0,0,0,0,0,0,0,0,0,0,0,0,0,0,0,0,0,0,0,0,0,0,0,0,0,0,0,0,0,0,0,0,0,0,0,1,0,0,0,0,0,0,1,0,0,0,0,0,0,0,1,1,0,0,0,0,0,0,0,0,0,0,0,0,0,0,0,0,0,0,0,0,0,0,0,0,0,0,0,0,0,0,0,0,0,0,0,0,0,0,0,0,0,0,0,0,0,0,1,1,1,2,0,0,0,0,1,2,1,0,0,0,0
65736,0,0,0,0,0,0,0,0,4930,4808,5072,4810,5073,0,0,0,49,49,49,49,49,0,0,0,"オールドヤク","ブラインド・バテラー","コールドウォーター・トゥルスス","ボーニー・ウルフ","アグレッシヴ・アルケオーニス","","","",,,,,,,,,0,0,0,0,0,0,0,0,0,0,0,0,0,0,0,0,0,1,1,7,1,0,0,0,0,2,2,4,3,0,0,0,0,0,0,0,0,0,0,0,0,0,0,0,0,0,0,0,0,0,0,0,0,0,0,0,0,0,0,0,0,0,0,0,0,0,0,0,0,0,0,0,0,0,0,0,1,0,0,0,0,1,0,0,0,0,0,0,0,0,1,0,0,0,0,0,0,0,0,1,0,0,0,0,0,0,0,0,0,0,0,0,0,0,0,0,0,0,0,0,0,0,0,0,0,0,0,0,1,2,3,4,5,0,0,0,9,1,9,0,0,0,0
65737,0,0,0,0,0,0,0,0,4803,4805,4932,0,0,0,0,0,49,49,49,0,0,0,0,0,"ブラッドショット・ディープアイ","メルティング・ゾブラン","アンバウンド・ペルソナ","","","","","","妖異全集「仮面を被りし者」の頁",,,,,,,,1,0,0,0,0,0,0,0,100,0,0,0,0,0,0,0,4,0,0,0,0,0,0,0,3,0,0,0,0,0,0,0,4,4,2,0,0,0,0,0,1,1,1,0,0,0,0,0,0,0,0,0,0,0,0,0,0,0,0,0,0,0,0,0,1,0,0,0,0,0,0,0,0,1,0,0,0,0,0,0,1,1,0,0,0,0,0,0,1,0,0,0,0,0,0,0,0,0,0,0,0,0,0,0,0,0,0,0,0,0,0,0,0,0,0,0,0,0,0,0,0,0,0,0,0,0,0,0,1,1,1,1,0,0,0,0,10,2,20,0,0,0,0
65738,0,0,0,0,0,0,0,0,5069,5070,5071,0,0,0,0,0,49,49,49,0,0,0,0,0,"エバーウィンターベアー","ウェイリング・イエティ","アイスウォリアー","","","","","",,,,,,,,,0,0,0,0,0,0,0,0,0,0,0,0,0,0,0,0,4,4,1,0,0,0,0,0,0,1,0,0,0,0,0,0,0,0,1,0,0,0,0,0,0,0,0,0,0,0,0,0,0,0,0,0,0,0,0,0,0,0,0,0,0,0,0,0,1,1,0,0,0,0,0,0,1,1,0,0,0,0,0,0,2,1,0,0,0,0,0,0,0,0,0,0,0,0,0,0,0,0,0,0,0,0,0,0,0,0,0,0,0,0,0,0,0,0,0,0,0,0,0,0,0,0,0,0,0,0,0,0,1,1,1,2,3,0,0,0,1,2,1,0,0,0,0
65739,0,0,0,0,0,0,0,0,4931,4808,5072,4810,5073,0,0,0,49,49,49,49,49,0,0,0,"オールドヤク","ブラインド・バテラー","コールドウォーター・トゥルスス","ボーニー・ウルフ","アグレッシヴ・アルケオーニス","","","",,,,,,,,,0,0,0,0,0,0,0,0,0,0,0,0,0,0,0,0,0,2,2,7,2,0,0,0,0,2,3,4,2,0,0,0,0,0,0,0,0,0,0,0,0,0,0,0,0,0,0,0,0,0,0,0,0,0,0,0,0,0,0,0,0,0,0,0,0,0,0,0,0,0,0,0,0,0,1,0,0,0,0,0,0,1,0,0,0,0,0,0,0,0,0,1,0,0,0,0,0,0,0,0,1,0,0,0,0,0,0,0,0,0,0,0,0,0,0,0,0,0,0,0,0,0,0,0,0,0,0,0,1,2,3,4,5,0,0,0,9,1,9,0,0,0,0
65740,0,0,0,0,0,0,0,0,4803,4805,4933,0,0,0,0,0,49,49,49,0,0,0,0,0,"ブラッドショット・ディープアイ","メルティング・ゾブラン","アンバウンド・ペルソナ","","","","","","妖異全集「仮面を被りし者」の頁",,,,,,,,1,0,0,0,0,0,0,0,100,0,0,0,0,0,0,0,7,0,0,0,0,0,0,0,3,0,0,0,0,0,0,0,4,4,2,0,0,0,0,0,1,1,1,0,0,0,0,0,0,0,1,0,0,0,0,0,0,0,0,0,0,0,0,0,1,1,0,0,0,0,0,0,1,1,0,0,0,0,0,0,1,1,0,0,0,0,0,0,1,1,0,0,0,0,0,0,0,0,0,0,0,0,0,0,0,0,0,0,0,0,0,0,0,0,0,0,0,0,0,0,0,0,0,0,0,0,0,0,1,1,1,1,0,0,0,0,10,2,20,0,0,0,0
65741,0,0,0,0,0,0,0,0,4008,4934,21,0,0,0,0,0,51,52,51,0,0,0,0,0,"バウンド・バンダースナッチ","エーコンベアー","シーフ・インプ","","","","","","臭い玉",,,,,,,,4,0,0,0,0,0,0,0,85,0,0,0,0,0,0,0,1,2,3,0,0,0,0,0,0,3,3,0,0,0,0,0,0,3,0,0,0,0,0,0,0,1,0,0,0,0,0,0,0,0,0,0,0,0,0,0,0,0,0,0,0,0,0,0,1,0,0,0,0,0,0,0,0,1,0,0,0,0,0,0,0,2,0,0,0,0,0,0,0,2,0,0,0,0,0,0,0,0,0,0,0,0,0,0,0,0,0,0,0,0,0,0,0,0,0,0,0,0,0,0,0,0,0,0,0,0,0,0,1,1,1,1,0,0,0,0,7,2,6,0,0,0,0
65742,0,0,0,0,0,0,0,0,4166,131,134,4009,0,0,0,0,51,52,52,52,0,0,0,0,"テイルフェザーフリー","アーススプライト","ファイアスプライト","ディープグレイ・ヒッポセルフ","","","","",,,,,,,,,0,0,0,0,0,0,0,0,0,0,0,0,0,0,0,0,0,0,0,0,0,0,0,0,0,0,0,0,0,0,0,0,0,0,0,0,0,0,0,0,0,0,0,0,0,0,0,0,0,0,0,0,0,0,0,0,0,0,0,0,0,0,0,0,1,0,0,0,0,0,0,0,0,1,0,0,0,0,0,0,0,0,1,0,0,0,0,0,0,0,0,1,0,0,0,0,0,0,0,0,0,0,0,0,0,0,0,0,0,0,0,0,0,0,0,0,0,0,0,0,0,0,0,0,0,0,0,0,2,2,2,2,0,0,0,0,8,1,7,0,0,0,0
65743,0,0,0,0,0,0,0,0,4936,4013,4466,4465,4012,0,0,0,51,51,51,51,51,0,0,0,"迷いチョコボ","ホットフッド・ガッリミムス","セブンスポット・ナンカ","セブンスポット・ニンキナンカ","ジャイアント・ロフタン","","","",,,,,,,,,0,0,0,0,0,0,0,0,0,0,0,0,0,0,0,0,0,0,1,1,1,0,0,0,0,0,2,3,4,0,0,0,0,0,0,0,0,0,0,0,0,0,0,0,0,0,0,0,0,0,0,0,0,0,0,0,0,0,0,0,0,0,0,0,0,0,0,0,0,0,0,0,0,0,0,1,0,0,0,0,0,0,1,0,0,0,0,0,0,0,0,0,1,0,0,0,0,1,0,0,0,0,0,0,0,0,0,0,0,0,0,0,0,0,0,0,0,0,0,0,0,0,0,0,0,0,0,0,1,2,3,4,5,0,0,0,9,1,9,0,0,0,0
65744,0,0,0,0,0,0,0,0,4008,4934,4935,0,0,0,0,0,52,52,52,0,0,0,0,0,"バウンド・バンダースナッチ","エーコンベアー","シーフ・インプ","","","","","","臭い玉",,,,,,,,4,0,0,0,0,0,0,0,100,0,0,0,0,0,0,0,1,2,3,0,0,0,0,0,0,3,3,0,0,0,0,0,0,3,0,0,0,0,0,0,0,1,0,0,0,0,0,0,0,0,0,0,0,0,0,0,0,0,0,0,0,0,0,0,1,0,0,0,0,0,0,0,0,3,0,0,0,0,0,0,0,4,0,0,0,0,0,0,0,4,0,0,0,0,0,0,0,0,0,0,0,0,0,0,0,0,0,0,0,0,0,0,0,0,0,0,0,0,0,0,0,0,0,0,0,0,0,0,1,1,1,1,0,0,0,0,7,2,6,0,0,0,0
65745,0,0,0,0,0,0,0,0,131,134,131,134,4009,4166,4166,0,52,52,51,51,50,50,52,0,"アーススプライト","ファイアスプライト","アーススプライト","ファイアスプライト","ディープグレイ・ヒッポセルフ","テイルフェザーフリー","テイルフェザーフリー","",,,,,,,,,0,0,0,0,0,0,0,0,0,0,0,0,0,0,0,0,0,0,0,0,0,0,0,0,0,0,0,0,0,0,0,0,0,0,0,0,0,0,0,0,0,0,0,0,0,0,0,0,0,0,0,0,0,0,0,0,0,0,0,0,0,0,0,0,1,0,0,0,0,0,0,0,0,1,0,0,0,0,0,0,0,0,1,0,0,0,0,0,0,0,0,1,0,0,0,0,0,0,0,0,2,0,0,0,0,0,0,0,0,3,0,0,0,0,0,0,0,0,1,0,0,0,0,0,0,0,0,0,2,2,2,2,2,2,2,0,8,1,7,0,0,0,0
65746,0,0,0,0,0,0,0,0,4937,4013,4466,4465,4012,0,0,0,51,51,51,51,51,0,0,0,"迷いチョコボ","ホットフッド・ガッリミムス","セブンスポット・ナンカ","セブンスポット・ニンキナンカ","ジャイアント・ロフタン","","","",,,,,,,,,0,0,0,0,0,0,0,0,0,0,0,0,0,0,0,0,0,2,1,1,1,0,0,0,0,2,2,2,3,0,0,0,0,0,0,0,0,0,0,0,0,0,0,0,0,0,0,0,0,0,0,0,0,0,0,0,0,0,0,0,0,0,0,0,0,0,0,0,0,0,0,0,0,0,0,1,0,0,0,0,0,0,1,0,0,0,0,0,0,0,1,0,1,0,0,0,0,1,1,0,0,0,0,0,0,0,0,0,0,0,0,0,0,0,0,0,0,0,0,0,0,0,0,0,0,0,0,0,1,2,3,4,5,0,0,0,9,1,9,0,0,0,0
65747,0,0,0,0,0,0,0,0,4631,4668,4076,0,0,0,0,0,53,53,54,0,0,0,0,0,"スタークシャドウ・ワイバーン","スタークシャドウ・ドラゴン","スタークシャドウ・ウィング","","","","","",,,,,,,,,0,0,0,0,0,0,0,0,0,0,0,0,0,0,0,0,2,2,1,0,0,0,0,0,0,0,1,0,0,0,0,0,0,0,0,0,0,0,0,0,0,0,0,0,0,0,0,0,0,0,0,0,0,0,0,0,0,0,0,0,0,0,0,0,1,1,0,0,0,0,0,0,1,0,0,0,0,0,0,0,0,1,0,0,0,0,0,0,0,0,0,0,0,0,0,0,0,0,0,0,0,0,0,0,0,0,0,0,0,0,0,0,0,0,0,0,0,0,0,0,0,0,0,0,0,0,0,0,1,1,1,2,3,0,0,0,1,2,1,0,0,0,0
65748,0,0,0,0,0,0,0,0,191,3999,0,0,0,0,0,0,53,53,0,0,0,0,0,0,"スタークシャドウ・ビアスト","ティラノサウルス・タイラント","","","","","","","硬い竜鱗",,,,,,,,1,0,0,0,0,0,0,0,100,0,0,0,0,0,0,0,5,0,0,0,0,0,0,0,1,1,0,0,0,0,0,0,0,0,0,0,0,0,0,0,0,0,0,0,0,0,0,0,0,0,0,0,0,0,0,0,0,0,0,0,0,0,0,0,2,0,0,0,0,0,0,0,0,2,0,0,0,0,0,0,2,0,0,0,0,0,0,0,0,2,0,0,0,0,0,0,0,0,0,0,0,0,0,0,0,0,0,0,0,0,0,0,0,0,0,0,0,0,0,0,0,0,0,0,0,0,0,0,1,1,1,1,0,0,0,0,2,1,2,0,0,0,0
65749,0,0,0,0,0,0,0,0,4041,3999,4042,0,0,0,0,0,53,53,54,0,0,0,0,0,"タイアレス・トゥリヘンド","ティラノサウルス・タイラント","パティナドラゴン","","","","","",,,,,,,,,0,0,0,0,0,0,0,0,0,0,0,0,0,0,0,0,2,3,0,0,0,0,0,0,0,0,1,0,0,0,0,0,0,0,0,0,0,0,0,0,0,0,0,0,0,0,0,0,6,6,0,0,0,0,0,0,4,4,0,0,0,0,0,0,1,1,0,0,0,0,0,0,1,1,0,0,0,0,0,0,0,1,0,0,0,0,0,0,0,0,1,0,0,0,0,0,0,0,0,0,0,0,0,0,0,0,0,0,0,0,0,0,0,0,0,0,0,0,0,0,0,0,0,0,0,0,0,0,1,1,1,2,0,0,0,0,3,1,3,0,0,0,0
65750,0,0,0,0,0,0,0,0,4631,4668,4076,0,0,0,0,0,53,53,53,0,0,0,0,0,"スタークシャドウ・ワイバーン","スタークシャドウ・ドラゴン","スタークシャドウ・ウィング","","","","","",,,,,,,,,0,0,0,0,0,0,0,0,0,0,0,0,0,0,0,0,3,3,2,0,0,0,0,0,0,0,1,0,0,0,0,0,0,0,1,0,0,0,0,0,0,0,0,0,0,0,0,0,0,0,0,0,0,0,0,0,0,0,0,0,0,0,0,0,1,1,0,0,0,0,0,0,1,1,0,0,0,0,0,0,1,1,0,0,0,0,0,0,0,0,0,0,0,0,0,0,0,0,0,0,0,0,0,0,0,0,0,0,0,0,0,0,0,0,0,0,0,0,0,0,0,0,0,0,0,0,0,0,1,1,1,2,3,0,0,0,1,2,1,0,0,0,0
65751,0,0,0,0,0,0,0,0,191,3999,0,0,0,0,0,0,53,53,0,0,0,0,0,0,"スタークシャドウ・ビアスト","ティラノサウルス・タイラント","","","","","","","硬い竜鱗",,,,,,,,2,0,0,0,0,0,0,0,100,0,0,0,0,0,0,0,10,0,0,0,0,0,0,0,1,1,0,0,0,0,0,0,0,0,0,0,0,0,0,0,0,0,0,0,0,0,0,0,0,0,0,0,0,0,0,0,0,0,0,0,0,0,0,0,3,0,0,0,0,0,0,0,0,3,0,0,0,0,0,0,3,0,0,0,0,0,0,0,0,3,0,0,0,0,0,0,0,0,0,0,0,0,0,0,0,0,0,0,0,0,0,0,0,0,0,0,0,0,0,0,0,0,0,0,0,0,0,0,1,1,1,1,0,0,0,0,2,1,2,0,0,0,0
65752,0,0,0,0,0,0,0,0,4041,3999,4938,0,0,0,0,0,53,53,54,0,0,0,0,0,"タイアレス・トゥリヘンド","ティラノサウルス・タイラント","パティナドラゴン","","","","","",,,,,,,,,0,0,0,0,0,0,0,0,0,0,0,0,0,0,0,0,4,3,0,0,0,0,0,0,0,0,1,0,0,0,0,0,0,0,0,0,0,0,0,0,0,0,0,0,0,0,0,0,7,7,0,0,0,0,0,0,4,4,0,0,0,0,0,0,1,1,0,0,0,0,0,0,1,1,0,0,0,0,0,0,2,1,0,0,0,0,0,0,0,0,1,0,0,0,0,0,0,0,0,0,0,0,0,0,0,0,0,0,0,0,0,0,0,0,0,0,0,0,0,0,0,0,0,0,0,0,0,0,1,1,1,2,0,0,0,0,3,1,3,0,0,0,0
65753,0,0,0,0,0,0,0,0,2000610,4066,4055,4058,0,0,0,0,0,56,54,55,0,0,0,0,"","クラウドトップ・ツィナハレ","ガストルニス・ガストロノーム","ロスト・サヌワ","","","","",,,"ガストルニスの胸肉",,,,,,0,0,4,0,0,0,0,0,0,0,0,0,0,0,0,0,2,2,0,0,0,0,0,0,2,1,0,1,0,0,0,0,0,0,0,0,0,0,0,0,0,0,0,0,0,0,0,0,0,0,0,0,0,0,0,0,0,0,0,0,0,0,0,0,2,0,1,0,0,0,0,0,2,0,0,0,0,0,0,0,2,0,1,0,0,0,0,0,2,0,0,0,0,0,0,0,0,0,0,0,0,0,0,0,0,0,0,0,0,0,0,0,0,0,0,0,0,0,0,0,0,0,0,0,0,0,0,0,1,1,1,1,0,0,0,0,11,1,17,0,0,0,0
65754,0,0,0,0,0,0,0,0,4049,4056,4055,4054,0,0,0,0,56,56,56,56,0,0,0,0,"パウティング・パイッサ","プラウリング・ゲイラキャット","ガストルニス・ガストロノーム","スカイゲイザー","","","","",,,,,,,,,0,0,0,0,0,0,0,0,0,0,0,0,0,0,0,0,0,0,0,0,0,0,0,0,0,0,0,0,0,0,0,0,0,0,0,0,0,0,0,0,0,0,0,0,0,0,0,0,0,0,0,0,0,0,0,0,0,0,0,0,0,0,0,0,1,0,0,0,0,0,0,0,0,1,0,0,0,0,0,0,0,0,1,0,0,0,0,0,0,0,0,1,0,0,0,0,0,0,0,0,0,0,0,0,0,0,0,0,0,0,0,0,0,0,0,0,0,0,0,0,0,0,0,0,0,0,0,0,2,2,2,2,0,0,0,0,8,1,7,0,0,0,0
65755,0,0,0,0,0,0,0,0,2006338,4063,4057,4069,4058,0,0,0,0,51,51,51,51,0,0,0,"","マスキー・ウィセント","キラーコリガン","ブルダルメル","ロスト・サヌワ","","","","上質な肥料",,,,,,,,0,0,0,0,0,0,0,0,0,0,0,0,0,0,0,0,1,2,2,2,2,0,0,0,7,47,20,35,87,0,0,0,0,2,5,2,1,0,0,0,0,1,1,1,1,0,0,0,0,1,1,1,1,0,0,0,0,0,0,0,0,0,0,0,7,0,0,0,0,0,0,0,0,0,0,0,0,0,0,0,0,0,0,0,0,0,0,0,0,0,0,0,0,0,0,0,0,0,0,0,0,0,0,0,0,0,0,0,0,0,0,0,0,0,0,0,0,0,0,0,0,0,0,0,0,0,0,0,1,1,1,1,1,0,0,0,6,1,2,0,0,0,0
65756,0,0,0,0,0,0,0,0,2000610,4066,4055,4058,0,0,0,0,0,56,54,55,0,0,0,0,"","クラウドトップ・ツィナハレ","ガストルニス・ガストロノーム","ロスト・サヌワ","","","","",,,"ガストルニスの胸肉",,,,,,0,0,4,0,0,0,0,0,0,0,0,0,0,0,0,0,4,4,0,0,0,0,0,0,2,1,0,2,0,0,0,0,0,0,0,0,0,0,0,0,0,0,0,0,0,0,0,0,0,0,0,0,0,0,0,0,0,0,0,0,0,0,0,0,2,0,1,0,0,0,0,0,2,0,1,0,0,0,0,0,3,0,1,0,0,0,0,0,3,0,0,0,0,0,0,0,0,0,0,0,0,0,0,0,0,0,0,0,0,0,0,0,0,0,0,0,0,0,0,0,0,0,0,0,0,0,0,0,1,1,1,1,0,0,0,0,11,1,17,0,0,0,0
65757,0,0,0,0,0,0,0,0,4049,4056,4055,4054,0,0,0,0,53,53,53,53,0,0,0,0,"パウティング・パイッサ","プラウリング・ゲイラキャット","ガストルニス・ガストロノーム","スカイゲイザー","","","","",,,,,,,,,0,0,0,0,0,0,0,0,0,0,0,0,0,0,0,0,0,0,0,0,0,0,0,0,0,0,0,0,0,0,0,0,0,0,0,0,0,0,0,0,0,0,0,0,0,0,0,0,0,0,0,0,0,0,0,0,0,0,0,0,0,0,0,0,2,0,0,0,0,0,0,0,0,2,0,0,0,0,0,0,0,0,2,0,0,0,0,0,0,0,0,2,0,0,0,0,0,0,0,0,0,0,0,0,0,0,0,0,0,0,0,0,0,0,0,0,0,0,0,0,0,0,0,0,0,0,0,0,2,2,2,2,0,0,0,0,8,1,7,0,0,0,0
65758,0,0,0,0,0,0,0,0,2006338,4063,4057,4069,4058,0,0,0,0,50,51,51,51,0,0,0,"","マスキー・ウィセント","キラーコリガン","ブルダルメル","ロスト・サヌワ","","","","上質な肥料",,,,,,,,0,0,0,0,0,0,0,0,0,0,0,0,0,0,0,0,1,2,2,2,2,0,0,0,15,36,25,85,10,0,0,0,0,1,2,1,6,0,0,0,0,1,1,1,1,0,0,0,0,0,0,0,0,0,0,0,0,0,0,0,0,0,0,0,15,0,0,0,0,0,0,0,0,0,0,0,0,0,0,0,0,0,0,0,0,0,0,0,0,0,0,0,0,0,0,0,0,0,0,0,0,0,0,0,0,0,0,0,0,0,0,0,0,0,0,0,0,0,0,0,0,0,0,0,0,0,0,0,1,1,1,1,1,0,0,0,6,1,2,0,0,0,0
65759,0,0,0,0,0,0,0,0,4019,4031,4032,4033,0,0,0,0,57,57,57,58,0,0,0,0,"ロウレス・ブランディッシャー","ロウレス・シャープシューター","ロウレス・グライダー","III号ゴブリガードF型","","","","",,,,,,,,,0,0,0,0,0,0,0,0,0,0,0,0,0,0,0,0,2,1,1,0,0,0,0,0,0,0,0,1,0,0,0,0,0,0,0,0,0,0,0,0,0,0,0,0,0,0,0,0,7,7,7,0,0,0,0,0,4,4,4,0,0,0,0,0,2,0,0,0,0,0,0,0,0,1,0,0,0,0,0,0,0,0,1,0,0,0,0,0,0,0,0,1,0,0,0,0,0,0,0,0,0,0,0,0,0,0,0,0,0,0,0,0,0,0,0,0,0,0,0,0,0,0,0,0,0,0,0,0,1,1,1,2,0,0,0,0,3,1,3,0,0,0,0
65760,0,0,0,0,0,0,0,0,4025,4028,4020,4940,0,0,0,0,57,57,57,57,0,0,0,0,"ポンドレス・ポロッゴ","ワイルド・ワイルドビースト","ラゲッド・ラーテル","アークデーモン","","","","","妖異全集「青眼を宿せし者」の頁",,,,,,,,1,0,0,0,0,0,0,0,100,0,0,0,0,0,0,0,3,0,0,0,0,0,0,0,4,0,0,0,0,0,0,0,4,4,4,2,0,0,0,0,1,1,1,1,0,0,0,0,0,0,0,0,0,0,0,0,0,0,0,0,0,0,0,0,1,0,0,0,0,0,0,0,0,1,0,0,0,0,0,0,0,0,1,0,0,0,0,0,1,0,1,0,0,0,0,0,0,0,0,0,0,0,0,0,0,0,0,0,0,0,0,0,0,0,0,0,0,0,0,0,0,0,0,0,0,0,0,0,1,1,1,1,0,0,0,0,10,2,20,0,0,0,0
65761,0,0,0,0,0,0,0,0,4027,4024,4018,0,0,0,0,0,58,58,58,0,0,0,0,0,"グレーターモルボル","アロマクロウラー","スコーピオンホーク","","","","","",,,,,,,,,0,0,0,0,0,0,0,0,0,0,0,0,0,0,0,0,3,0,0,0,0,0,0,0,0,0,0,0,0,0,0,0,0,0,0,0,0,0,0,0,600,0,0,0,0,0,0,0,30,0,0,0,0,0,0,0,40,0,0,0,0,0,0,0,1,1,0,0,0,0,0,0,1,0,1,0,0,0,0,0,1,1,0,0,0,0,0,0,0,0,1,0,0,0,0,0,0,0,0,0,0,0,0,0,0,0,0,0,0,0,0,0,0,0,0,0,0,0,0,0,0,0,0,0,0,0,0,0,1,1,1,1,0,0,0,0,5,1,5,0,0,0,0
65762,0,0,0,0,0,0,0,0,4019,4031,4032,4939,0,0,0,0,57,57,57,58,0,0,0,0,"ロウレス・ブランディッシャー","ロウレス・シャープシューター","ロウレス・グライダー","III号ゴブリガードF型","","","","",,,,,,,,,0,0,0,0,0,0,0,0,0,0,0,0,0,0,0,0,3,2,2,0,0,0,0,0,0,0,0,1,0,0,0,0,0,0,0,0,0,0,0,0,0,0,0,0,0,0,0,0,5,5,5,0,0,0,0,0,4,4,4,0,0,0,0,0,1,1,0,0,0,0,0,0,1,0,1,0,0,0,0,0,1,1,1,0,0,0,0,0,0,0,0,1,0,0,0,0,0,0,0,0,0,0,0,0,0,0,0,0,0,0,0,0,0,0,0,0,0,0,0,0,0,0,0,0,0,0,0,0,1,1,1,2,0,0,0,0,3,1,3,0,0,0,0
65763,0,0,0,0,0,0,0,0,4025,4028,4020,4940,0,0,0,0,57,57,57,58,0,0,0,0,"ポンドレス・ポロッゴ","ワイルド・ワイルドビースト","ラゲッド・ラーテル","アークデーモン","","","","","妖異全集「青眼を宿せし者」の頁",,,,,,,,1,0,0,0,0,0,0,0,100,0,0,0,0,0,0,0,7,0,0,0,0,0,0,0,4,0,0,0,0,0,0,0,4,4,4,2,0,0,0,0,1,1,1,1,0,0,0,0,0,0,0,0,0,0,0,0,0,0,0,0,0,0,0,0,1,0,1,0,0,0,0,0,0,1,0,0,0,0,0,0,1,0,1,0,0,0,0,0,1,1,1,0,0,0,0,0,0,0,0,0,0,0,0,0,0,0,0,0,0,0,0,0,0,0,0,0,0,0,0,0,0,0,0,0,0,0,0,0,1,1,1,1,0,0,0,0,10,2,20,0,0,0,0
65764,0,0,0,0,0,0,0,0,4027,4024,4018,0,0,0,0,0,57,58,58,0,0,0,0,0,"グレーターモルボル","アロマクロウラー","スコーピオンホーク","","","","","",,,,,,,,,0,0,0,0,0,0,0,0,0,0,0,0,0,0,0,0,6,0,0,0,0,0,0,0,0,0,0,0,0,0,0,0,0,0,0,0,0,0,0,0,900,0,0,0,0,0,0,0,20,0,0,0,0,0,0,0,30,0,0,0,0,0,0,0,1,1,0,0,0,0,0,0,2,0,1,0,0,0,0,0,2,1,0,0,0,0,0,0,1,0,1,0,0,0,0,0,0,0,0,0,0,0,0,0,0,0,0,0,0,0,0,0,0,0,0,0,0,0,0,0,0,0,0,0,0,0,0,0,1,1,1,1,0,0,0,0,5,1,5,0,0,0,0
