key,0,1,2,3,4,5,6,7,8,9,10,11,12,13,14,15,16,17,18,19,20,21,22,23,24,25,26,27,28,29,30,31,32,33,34,35,36,37,38,39,40,41,42,43,44,45,46,47,48,49,50,51,52,53,54,55,56,57,58,59,60,61,62,63,64,65,66,67,68,69,70,71,72,73,74,75,76,77,78,79,80,81,82,83,84,85,86,87,88,89,90,91,92,93,94,95,96,97,98,99,100,101,102,103,104,105,106,107,108,109,110,111,112,113,114,115,116,117,118,119,120,121,122,123,124,125,126,127,128,129,130,131,132,133,134,135,136,137,138,139,140,141,142,143,144,145,146,147,148,149,150,151,152,153,154,155,156,157,158,159,160,161,162,163,164,165,166,167,168,169,170,171,172,173,174,175,176,177
#,Time[0],Time[1],Time[2],Time[3],Time[4],Time[5],Time[6],Time[7],ToDo[0],ToDo[1],ToDo[2],ToDo[3],ToDo[4],ToDo[5],ToDo[6],ToDo[7],EnemyLevel[0],EnemyLevel[1],EnemyLevel[2],EnemyLevel[3],EnemyLevel[4],EnemyLevel[5],EnemyLevel[6],EnemyLevel[7],BNpcName[0],BNpcName[1],BNpcName[2],BNpcName[3],BNpcName[4],BNpcName[5],BNpcName[6],BNpcName[7],ItemsInvolved[0],ItemsInvolved[1],ItemsInvolved[2],ItemsInvolved[3],ItemsInvolved[4],ItemsInvolved[5],ItemsInvolved[6],ItemsInvolved[7],ItemsInvolvedQty[0],ItemsInvolvedQty[1],ItemsInvolvedQty[2],ItemsInvolvedQty[3],ItemsInvolvedQty[4],ItemsInvolvedQty[5],ItemsInvolvedQty[6],ItemsInvolvedQty[7],ItemDropRate[0],ItemDropRate[1],ItemDropRate[2],ItemDropRate[3],ItemDropRate[4],ItemDropRate[5],ItemDropRate[6],ItemDropRate[7],ToDoNumberInvolved[0],ToDoNumberInvolved[1],ToDoNumberInvolved[2],ToDoNumberInvolved[3],ToDoNumberInvolved[4],ToDoNumberInvolved[5],ToDoNumberInvolved[6],ToDoNumberInvolved[7],,,,,,,,,,,,,,,,,,,,,,,,,,,,,,,,,,,,,,,,,,,,,,,,,,,,,,,,,,,,,,,,,,,,,,,,,,,,,,,,,,,,,,,,,,,,,,,,,,,,,,,,,,,,,,,,,CompanyLeveRule,
int32,uint16,uint16,uint16,uint16,uint16,uint16,uint16,uint16,int32,int32,int32,int32,int32,int32,int32,int32,uint16,uint16,uint16,uint16,uint16,uint16,uint16,uint16,BNpcName,BNpcName,BNpcName,BNpcName,BNpcName,BNpcName,BNpcName,BNpcName,EventItem,EventItem,EventItem,EventItem,EventItem,EventItem,EventItem,EventItem,byte,byte,byte,byte,byte,byte,byte,byte,byte,byte,byte,byte,byte,byte,byte,byte,uint32,uint32,uint32,uint32,uint32,uint32,uint32,uint32,uint32,uint32,uint32,uint32,uint32,uint32,uint32,uint32,uint32,uint32,uint32,uint32,uint32,uint32,uint32,uint32,uint32,uint32,uint32,uint32,uint32,uint32,uint32,uint32,uint32,uint32,uint32,uint32,uint32,uint32,uint32,uint32,uint32,uint32,uint32,uint32,uint32,uint32,uint32,uint32,byte,byte,byte,byte,byte,byte,byte,byte,byte,byte,byte,byte,byte,byte,byte,byte,byte,byte,byte,byte,byte,byte,byte,byte,byte,byte,byte,byte,byte,byte,byte,byte,byte,byte,byte,byte,byte,byte,byte,byte,byte,byte,byte,byte,byte,byte,byte,byte,byte,byte,byte,byte,byte,byte,byte,byte,byte,byte,byte,byte,byte,byte,byte,byte,byte,byte,byte,byte,byte,byte,byte,byte,CompanyLeveRule,byte
196608,0,0,0,0,0,0,0,0,0,0,0,0,0,0,0,0,0,0,0,0,0,0,0,0,"","","","","","","","",,,,,,,,,0,0,0,0,0,0,0,0,0,0,0,0,0,0,0,0,0,0,0,0,0,0,0,0,0,0,0,0,0,0,0,0,0,0,0,0,0,0,0,0,0,0,0,0,0,0,0,0,0,0,0,0,0,0,0,0,0,0,0,0,0,0,0,0,0,0,0,0,0,0,0,0,0,0,0,0,0,0,0,0,0,0,0,0,0,0,0,0,0,0,0,0,0,0,0,0,0,0,0,0,0,0,0,0,0,0,0,0,0,0,0,0,0,0,0,0,0,0,0,0,0,0,0,0,0,0,0,0,0,0,0,0,0,0,0,0,"",1
196609,0,0,0,0,0,0,0,0,17,20,4,15,0,0,0,0,10,10,10,10,0,0,0,0,"バルーン","スケルトン・ソルジャー","シックファー・ドゥ","ワイルドボア","","","","",,,,,,,,,0,0,0,0,0,0,0,0,0,0,0,0,0,0,0,0,3,3,3,6,0,0,0,0,1,2,2,3,0,0,0,0,20,20,20,40,0,0,0,0,5,5,5,2,0,0,0,0,0,0,0,0,0,0,0,0,0,0,0,0,0,0,0,0,0,0,0,0,0,0,0,0,0,0,0,0,0,0,0,0,0,0,0,0,0,0,0,0,0,0,0,0,0,0,0,0,0,0,0,0,0,0,0,0,0,0,0,0,0,0,0,0,0,0,0,0,0,0,0,0,0,0,0,0,0,0,0,0,0,0,0,0,0,0,0,0,"CompanyLeveInterception",1
196610,0,0,0,0,0,0,0,0,17,20,4,15,0,0,0,0,10,10,10,10,0,0,0,0,"バルーン","スケルトン・ソルジャー","シックファー・ドゥ","ワイルドボア","","","","","ウォータースプライトの核",,,,,,,,4,0,0,0,0,0,0,0,0,0,0,0,0,0,0,0,3,2,2,4,0,0,0,0,0,0,0,0,0,0,0,0,0,0,0,0,0,0,0,0,0,0,0,0,0,0,0,0,0,0,0,0,0,0,0,0,0,0,0,0,0,0,0,0,0,0,0,0,0,0,0,0,0,0,0,0,0,0,0,0,0,0,0,0,0,0,0,0,0,0,0,0,0,0,0,0,0,0,0,0,0,0,0,0,0,0,0,0,0,0,0,0,0,0,0,0,0,0,0,0,0,0,0,0,0,0,0,0,0,0,0,0,0,0,0,0,"CompanyLevePenetration",1
196611,0,0,0,0,0,0,0,0,17,20,4,15,0,0,0,0,20,10,10,10,0,0,0,0,"バルーン","スケルトン・ソルジャー","シックファー・ドゥ","ワイルドボア","","","","",,,,,,,,,0,0,0,0,0,0,0,0,0,0,0,0,0,0,0,0,80,60,40,0,0,0,0,0,2,3,4,5,6,0,0,0,0,0,0,0,0,0,0,0,0,0,0,0,0,0,0,0,0,0,0,0,0,0,0,0,0,0,0,0,0,0,0,0,0,0,0,0,0,0,0,0,0,0,0,0,0,0,0,0,0,0,0,0,0,0,0,0,0,0,0,0,0,0,0,0,0,0,0,0,0,0,0,0,0,0,0,0,0,0,0,0,0,0,0,0,0,0,0,0,0,0,0,0,0,0,0,0,0,0,0,0,0,0,0,0,"CompanyLeveSummon",1
196612,0,0,0,0,0,0,0,0,17,20,4,15,0,0,0,0,20,10,10,10,0,0,0,0,"バルーン","スケルトン・ソルジャー","シックファー・ドゥ","ワイルドボア","","","","",,,,,,,,,0,0,0,0,0,0,0,0,0,0,0,0,0,0,0,0,4164718,4164720,4164721,4164722,0,0,0,0,1,0,0,0,0,0,0,0,0,0,0,0,0,0,0,0,0,0,0,0,0,0,0,0,0,0,0,0,0,0,0,0,0,0,0,0,0,0,0,0,1,1,0,0,0,0,0,0,0,2,2,0,0,0,0,0,0,0,1,1,0,0,0,0,0,0,0,3,0,0,0,0,0,0,0,0,0,0,0,0,0,0,0,0,0,0,0,0,0,0,0,0,0,0,0,0,0,0,0,0,0,0,0,0,1,2,1,3,0,0,0,0,"CompanyLeveProtection",1
196613,0,0,0,0,0,0,0,0,0,0,0,0,0,0,0,0,0,0,0,0,0,0,0,0,"","","","","","","","",,,,,,,,,0,0,0,0,0,0,0,0,0,0,0,0,0,0,0,0,0,0,0,0,0,0,0,0,0,0,0,0,0,0,0,0,0,0,0,0,0,0,0,0,0,0,0,0,0,0,0,0,0,0,0,0,0,0,0,0,0,0,0,0,0,0,0,0,0,0,0,0,0,0,0,0,0,0,0,0,0,0,0,0,0,0,0,0,0,0,0,0,0,0,0,0,0,0,0,0,0,0,0,0,0,0,0,0,0,0,0,0,0,0,0,0,0,0,0,0,0,0,0,0,0,0,0,0,0,0,0,0,0,0,0,0,0,0,0,0,"",1
196614,0,0,0,0,0,0,0,0,0,0,0,0,0,0,0,0,0,0,0,0,0,0,0,0,"","","","","","","","",,,,,,,,,0,0,0,0,0,0,0,0,0,0,0,0,0,0,0,0,0,0,0,0,0,0,0,0,0,0,0,0,0,0,0,0,0,0,0,0,0,0,0,0,0,0,0,0,0,0,0,0,0,0,0,0,0,0,0,0,0,0,0,0,0,0,0,0,0,0,0,0,0,0,0,0,0,0,0,0,0,0,0,0,0,0,0,0,0,0,0,0,0,0,0,0,0,0,0,0,0,0,0,0,0,0,0,0,0,0,0,0,0,0,0,0,0,0,0,0,0,0,0,0,0,0,0,0,0,0,0,0,0,0,0,0,0,0,0,0,"",1
196615,0,0,0,0,0,0,0,0,0,0,0,0,0,0,0,0,0,0,0,0,0,0,0,0,"","","","","","","","",,,,,,,,,0,0,0,0,0,0,0,0,0,0,0,0,0,0,0,0,0,0,0,0,0,0,0,0,0,0,0,0,0,0,0,0,0,0,0,0,0,0,0,0,0,0,0,0,0,0,0,0,0,0,0,0,0,0,0,0,0,0,0,0,0,0,0,0,0,0,0,0,0,0,0,0,0,0,0,0,0,0,0,0,0,0,0,0,0,0,0,0,0,0,0,0,0,0,0,0,0,0,0,0,0,0,0,0,0,0,0,0,0,0,0,0,0,0,0,0,0,0,0,0,0,0,0,0,0,0,0,0,0,0,0,0,0,0,0,0,"",1
196616,0,0,0,0,0,0,0,0,0,0,0,0,0,0,0,0,0,0,0,0,0,0,0,0,"","","","","","","","",,,,,,,,,0,0,0,0,0,0,0,0,0,0,0,0,0,0,0,0,0,0,0,0,0,0,0,0,0,0,0,0,0,0,0,0,0,0,0,0,0,0,0,0,0,0,0,0,0,0,0,0,0,0,0,0,0,0,0,0,0,0,0,0,0,0,0,0,0,0,0,0,0,0,0,0,0,0,0,0,0,0,0,0,0,0,0,0,0,0,0,0,0,0,0,0,0,0,0,0,0,0,0,0,0,0,0,0,0,0,0,0,0,0,0,0,0,0,0,0,0,0,0,0,0,0,0,0,0,0,0,0,0,0,0,0,0,0,0,0,"",1
196617,0,0,0,0,0,0,0,0,0,0,0,0,0,0,0,0,0,0,0,0,0,0,0,0,"","","","","","","","",,,,,,,,,0,0,0,0,0,0,0,0,0,0,0,0,0,0,0,0,0,0,0,0,0,0,0,0,0,0,0,0,0,0,0,0,0,0,0,0,0,0,0,0,0,0,0,0,0,0,0,0,0,0,0,0,0,0,0,0,0,0,0,0,0,0,0,0,0,0,0,0,0,0,0,0,0,0,0,0,0,0,0,0,0,0,0,0,0,0,0,0,0,0,0,0,0,0,0,0,0,0,0,0,0,0,0,0,0,0,0,0,0,0,0,0,0,0,0,0,0,0,0,0,0,0,0,0,0,0,0,0,0,0,0,0,0,0,0,0,"",1
196618,0,0,0,0,0,0,0,0,0,0,0,0,0,0,0,0,0,0,0,0,0,0,0,0,"","","","","","","","",,,,,,,,,0,0,0,0,0,0,0,0,0,0,0,0,0,0,0,0,0,0,0,0,0,0,0,0,0,0,0,0,0,0,0,0,0,0,0,0,0,0,0,0,0,0,0,0,0,0,0,0,0,0,0,0,0,0,0,0,0,0,0,0,0,0,0,0,0,0,0,0,0,0,0,0,0,0,0,0,0,0,0,0,0,0,0,0,0,0,0,0,0,0,0,0,0,0,0,0,0,0,0,0,0,0,0,0,0,0,0,0,0,0,0,0,0,0,0,0,0,0,0,0,0,0,0,0,0,0,0,0,0,0,0,0,0,0,0,0,"",1
196619,0,0,0,0,0,0,0,0,138,170,12,320,0,0,0,0,20,21,21,21,0,0,0,0,"ラガディ・ジャッカル","キキルン・エッグリフター","バルド・バザード","スウィートトゥース・グゥーブー","","","","",,,,,,,,,0,0,0,0,0,0,0,0,0,0,0,0,0,0,0,0,4178129,4392499,0,0,0,0,0,0,1232,1232,0,0,0,0,0,0,0,0,0,0,0,0,0,0,0,0,0,0,0,0,0,0,0,0,0,0,0,0,0,0,0,0,0,0,0,0,0,0,1,0,0,0,0,0,0,0,0,1,0,0,0,0,0,0,0,0,1,0,0,0,0,0,1,0,0,1,0,0,0,0,0,0,0,0,0,0,0,0,0,0,0,0,0,0,0,0,0,0,0,0,0,0,0,0,0,0,0,0,0,0,0,0,1,2,3,4,0,0,0,0,"CompanyLeveProtection",1
196620,0,0,0,0,0,0,0,0,1087,317,318,320,0,0,0,0,20,20,20,20,0,0,0,0,"デックハウンド","海蛇の斧術士","海蛇の弓術士","スウィートトゥース・グゥーブー","","","","",,,,,,,,,0,0,0,0,0,0,0,0,0,0,0,0,0,0,0,0,1,1,1,1,0,0,0,0,2,2,1,1,0,0,0,0,20,20,20,40,0,0,0,0,5,5,5,2,0,0,0,0,0,0,0,0,0,0,0,0,0,0,0,0,0,0,0,0,0,0,0,0,0,0,0,0,0,0,0,0,0,0,0,0,0,0,0,0,0,0,0,0,0,0,0,0,0,0,0,0,0,0,0,0,0,0,0,0,0,0,0,0,0,0,0,0,0,0,0,0,0,0,0,0,0,0,0,0,0,0,0,0,1,2,3,0,0,0,0,0,"CompanyLeveInterception",1
196621,0,0,0,0,0,0,0,0,342,1850,1102,1101,0,0,0,0,21,18,20,20,0,0,0,0,"ウィケッドソウル","ライトニングスプライト","ラガディ・ジャッカル","ウェット・ラット","","","","","発光性クリスタル",,,,,,,,4,0,0,0,0,0,0,0,0,0,0,0,0,0,0,0,2,1,2,1,0,0,0,0,0,0,0,0,0,0,0,0,0,0,0,0,0,0,0,0,0,0,0,0,0,0,0,0,0,0,0,0,0,0,0,0,0,0,0,0,0,0,0,0,0,0,0,0,0,0,0,0,0,0,0,0,0,0,0,0,0,0,0,0,0,0,0,0,0,0,0,0,0,0,0,0,0,0,0,0,0,0,0,0,0,0,0,0,0,0,0,0,0,0,0,0,0,0,0,0,0,0,0,0,0,0,0,0,1,2,3,0,0,0,0,0,"CompanyLevePenetration",1
196622,0,0,0,0,0,0,0,0,1088,7,17,405,0,0,0,0,21,13,13,13,0,0,0,0,"狂気のワームウィックス","ヴォイド・ジャンパー","ヴォイド・フレイム","モルディ・プリン","","","","",,,,,,,,,0,0,0,0,0,0,0,0,0,0,0,0,0,0,0,0,90,60,30,0,0,0,0,0,741,745,744,743,742,0,0,0,0,0,0,0,0,0,0,0,0,0,0,0,0,0,0,0,0,0,0,0,0,0,0,0,0,0,0,0,0,0,0,0,0,0,0,0,0,0,0,0,0,0,0,0,0,0,0,0,0,0,0,0,0,0,0,0,0,0,0,0,0,0,0,0,0,0,0,0,0,0,0,0,0,0,0,0,0,0,0,0,0,0,0,0,0,0,0,0,0,0,0,0,0,0,0,0,1,2,3,0,0,0,0,0,"CompanyLeveSummon",1
196623,0,0,0,0,0,0,0,0,52,53,0,0,0,0,0,0,21,21,0,0,0,0,0,0,"ゴブリン・ローパー","サナップスケイル","","","","","","",,,,,,,,,0,0,0,0,0,0,0,0,0,0,0,0,0,0,0,0,4178212,4392495,0,0,0,0,0,0,1230,1230,0,0,0,0,0,0,0,0,0,0,0,0,0,0,0,0,0,0,0,0,0,0,0,0,0,0,0,0,0,0,0,0,0,0,0,0,0,0,1,0,0,0,0,0,0,0,0,1,0,0,0,0,0,0,1,0,0,0,0,0,0,0,1,1,0,0,0,0,0,0,0,0,0,0,0,0,0,0,0,0,0,0,0,0,0,0,0,0,0,0,0,0,0,0,0,0,0,0,0,0,0,0,1,2,3,4,0,0,0,0,"CompanyLeveProtection",1
196624,0,0,0,0,0,0,0,0,44,12,38,40,0,0,0,0,20,20,20,20,0,0,0,0,"キャリオンヂッガ","バルド・バザード","ウィングラット","リーフブリード・アリオン","","","","",,,,,,,,,0,0,0,0,0,0,0,0,0,0,0,0,0,0,0,0,1,1,1,1,0,0,0,0,1,2,1,2,0,0,0,0,20,20,20,40,0,0,0,0,5,5,5,2,0,0,0,0,0,0,0,0,0,0,0,0,0,0,0,0,0,0,0,0,0,0,0,0,0,0,0,0,0,0,0,0,0,0,0,0,0,0,0,0,0,0,0,0,0,0,0,0,0,0,0,0,0,0,0,0,0,0,0,0,0,0,0,0,0,0,0,0,0,0,0,0,0,0,0,0,0,0,0,0,0,0,0,0,1,2,3,0,0,0,0,0,"CompanyLeveInterception",1
196625,0,0,0,0,0,0,0,0,21,1861,1106,1107,0,0,0,0,21,18,20,20,0,0,0,0,"トリックスター・インプ","ウィンドスプライト","チャージング・ホッグ","ロングウィンド・レミュー","","","","","発光性クリスタル",,,,,,,,5,0,0,0,0,0,0,0,0,0,0,0,0,0,0,0,2,1,1,3,0,0,0,0,0,0,0,0,0,0,0,0,0,0,0,0,0,0,0,0,0,0,0,0,0,0,0,0,0,0,0,0,0,0,0,0,0,0,0,0,0,0,0,0,0,0,0,0,0,0,0,0,0,0,0,0,0,0,0,0,0,0,0,0,0,0,0,0,0,0,0,0,0,0,0,0,0,0,0,0,0,0,0,0,0,0,0,0,0,0,0,0,0,0,0,0,0,0,0,0,0,0,0,0,0,0,0,0,1,2,3,0,0,0,0,0,"CompanyLevePenetration",1
196626,0,0,0,0,0,0,0,0,1090,18,19,388,0,0,0,0,20,13,14,16,0,0,0,0,"魔性のレフケン","ゾンビー・パイクマン","ゾンビー・ウィザード","ヴォドリガ・カー","","","","",,,,,,,,,0,0,0,0,0,0,0,0,0,0,0,0,0,0,0,0,90,60,30,0,0,0,0,0,746,750,747,748,749,0,0,0,0,0,0,0,0,0,0,0,0,0,0,0,0,0,0,0,0,0,0,0,0,0,0,0,0,0,0,0,0,0,0,0,0,0,0,0,0,0,0,0,0,0,0,0,0,0,0,0,0,0,0,0,0,0,0,0,0,0,0,0,0,0,0,0,0,0,0,0,0,0,0,0,0,0,0,0,0,0,0,0,0,0,0,0,0,0,0,0,0,0,0,0,0,0,0,0,1,2,3,0,0,0,0,0,"CompanyLeveSummon",1
196627,0,0,0,0,0,0,0,0,167,166,1096,0,0,0,0,0,21,21,22,0,0,0,0,0,"アマルジャ・ブルーザー","アマルジャ・シーア","バトルドレイク","","","","","",,,,,,,,,0,0,0,0,0,0,0,0,0,0,0,0,0,0,0,0,4178230,4392500,0,0,0,0,0,0,1227,1227,0,0,0,0,0,0,0,0,0,0,0,0,0,0,0,0,0,0,0,0,0,0,0,0,0,0,0,0,0,0,0,0,0,0,0,0,0,0,1,0,0,0,0,0,0,0,0,1,0,0,0,0,0,0,0,0,1,0,0,0,0,0,1,0,1,0,0,0,0,0,0,0,0,0,0,0,0,0,0,0,0,0,0,0,0,0,0,0,0,0,0,0,0,0,0,0,0,0,0,0,0,0,1,2,3,4,0,0,0,0,"CompanyLeveProtection",1
196628,0,0,0,0,0,0,0,0,206,131,41,193,0,0,0,0,20,20,20,20,0,0,0,0,"ドライボーン・ツコツコ","アーススプライト","スティンギング・サーフィド","ラヴェナス・ビリー","","","","",,,,,,,,,0,0,0,0,0,0,0,0,0,0,0,0,0,0,0,0,1,1,1,1,0,0,0,0,1,1,1,1,0,0,0,0,20,20,20,40,0,0,0,0,5,5,5,2,0,0,0,0,0,0,0,0,0,0,0,0,0,0,0,0,0,0,0,0,0,0,0,0,0,0,0,0,0,0,0,0,0,0,0,0,0,0,0,0,0,0,0,0,0,0,0,0,0,0,0,0,0,0,0,0,0,0,0,0,0,0,0,0,0,0,0,0,0,0,0,0,0,0,0,0,0,0,0,0,0,0,0,0,1,2,3,0,0,0,0,0,"CompanyLeveInterception",1
196629,0,0,0,0,0,0,0,0,305,1863,1102,847,0,0,0,0,21,17,21,21,0,0,0,0,"ウィケッドソウル","アーススプライト","ダーティ・モングレル","バルド・バザード","","","","","発光性クリスタル",,,,,,,,2,0,0,0,0,0,0,0,0,0,0,0,0,0,0,0,3,2,1,1,0,0,0,0,0,0,0,0,0,0,0,0,0,0,0,0,0,0,0,0,0,0,0,0,0,0,0,0,0,0,0,0,0,0,0,0,0,0,0,0,0,0,0,0,0,0,0,0,0,0,0,0,0,0,0,0,0,0,0,0,0,0,0,0,0,0,0,0,0,0,0,0,0,0,0,0,0,0,0,0,0,0,0,0,0,0,0,0,0,0,0,0,0,0,0,0,0,0,0,0,0,0,0,0,0,0,0,0,1,2,3,0,0,0,0,0,"CompanyLevePenetration",1
196630,0,0,0,0,0,0,0,0,1097,7,17,66,0,0,0,0,21,13,15,13,0,0,0,0,"焼かれし者 ママンゾ","ヴォイド・ジャンパー","ヴォイド・フレイム","モルディ・プリン","","","","",,,,,,,,,0,0,0,0,0,0,0,0,0,0,0,0,0,0,0,0,90,60,30,0,0,0,0,0,751,755,752,753,754,0,0,0,0,0,0,0,0,0,0,0,0,0,0,0,0,0,0,0,0,0,0,0,0,0,0,0,0,0,0,0,0,0,0,0,0,0,0,0,0,0,0,0,0,0,0,0,0,0,0,0,0,0,0,0,0,0,0,0,0,0,0,0,0,0,0,0,0,0,0,0,0,0,0,0,0,0,0,0,0,0,0,0,0,0,0,0,0,0,0,0,0,0,0,0,0,0,0,0,1,2,3,0,0,0,0,0,"CompanyLeveSummon",1
196631,0,0,0,0,0,0,0,0,326,170,0,0,0,0,0,0,24,22,0,0,0,0,0,0,"デコイ・クラブ","キキルン・エッグリフター","","","","","","",,,,,,,,,0,0,0,0,0,0,0,0,0,0,0,0,0,0,0,0,4178137,4185314,4185361,0,0,0,0,0,1231,0,0,0,0,0,0,0,0,0,0,0,0,0,0,0,0,0,0,0,0,0,0,0,0,0,0,0,0,0,0,0,0,0,0,0,0,0,0,0,1,0,0,0,0,0,0,0,1,1,0,0,0,0,0,0,1,0,0,0,0,0,0,0,1,1,0,0,0,0,0,0,0,0,0,0,0,0,0,0,0,0,0,0,0,0,0,0,0,0,0,0,0,0,0,0,0,0,0,0,0,0,0,0,1,2,3,4,0,0,0,0,"CompanyLeveProtection",1
196632,0,0,0,0,0,0,0,0,334,335,382,312,0,0,0,0,25,25,25,25,0,0,0,0,"サハギン・スパイ","サハギン・サッパー","モラビー・ストーンシェル","ウォータースキン","","","","",,,,,,,,,0,0,0,0,0,0,0,0,0,0,0,0,0,0,0,0,1,1,1,1,0,0,0,0,1,1,1,1,0,0,0,0,20,20,20,40,0,0,0,0,5,5,5,2,0,0,0,0,0,0,0,0,0,0,0,0,0,0,0,0,0,0,0,0,0,0,0,0,0,0,0,0,0,0,0,0,0,0,0,0,0,0,0,0,0,0,0,0,0,0,0,0,0,0,0,0,0,0,0,0,0,0,0,0,0,0,0,0,0,0,0,0,0,0,0,0,0,0,0,0,0,0,0,0,0,0,0,0,1,2,3,0,0,0,0,0,"CompanyLeveInterception",1
196633,0,0,0,0,0,0,0,0,513,1850,1103,1101,0,0,0,0,26,23,25,25,0,0,0,0,"ダークウィング・デビレット","ライトニングスプライト","スウィートトゥース・グゥーブー","ウェット・ラット","","","","","発光性クリスタル",,,,,,,,5,0,0,0,0,0,0,0,0,0,0,0,0,0,0,0,3,1,1,3,0,0,0,0,0,0,0,0,0,0,0,0,0,0,0,0,0,0,0,0,0,0,0,0,0,0,0,0,0,0,0,0,0,0,0,0,0,0,0,0,0,0,0,0,0,0,0,0,0,0,0,0,0,0,0,0,0,0,0,0,0,0,0,0,0,0,0,0,0,0,0,0,0,0,0,0,0,0,0,0,0,0,0,0,0,0,0,0,0,0,0,0,0,0,0,0,0,0,0,0,0,0,0,0,0,0,0,0,1,2,3,0,0,0,0,0,"CompanyLevePenetration",1
196634,0,0,0,0,0,0,0,0,1089,18,19,1092,0,0,0,0,26,16,16,22,0,0,0,0,"虚言のマンセル","ゾンビー・パイクマン","ゾンビー・ウィザード","ヴォイド・ウォリアー","","","","",,,,,,,,,0,0,0,0,0,0,0,0,0,0,0,0,0,0,0,0,90,60,30,0,0,0,0,0,756,760,757,758,759,0,0,0,0,0,0,0,0,0,0,0,0,0,0,0,0,0,0,0,0,0,0,0,0,0,0,0,0,0,0,0,0,0,0,0,0,0,0,0,0,0,0,0,0,0,0,0,0,0,0,0,0,0,0,0,0,0,0,0,0,0,0,0,0,0,0,0,0,0,0,0,0,0,0,0,0,0,0,0,0,0,0,0,0,0,0,0,0,0,0,0,0,0,0,0,0,0,0,0,1,2,3,0,0,0,0,0,"CompanyLeveSummon",1
196635,0,0,0,0,0,0,0,0,57,385,0,0,0,0,0,0,22,24,0,0,0,0,0,0,"ハニービー・クラウド","ジャイアントビー","","","","","","",,,,,,,,,0,0,0,0,0,0,0,0,0,0,0,0,0,0,0,0,4178217,4186417,4186418,0,0,0,0,0,1229,0,0,0,0,0,0,0,0,0,0,0,0,0,0,0,0,0,0,0,0,0,0,0,0,0,0,0,0,0,0,0,0,0,0,0,0,0,0,0,1,0,0,0,0,0,0,0,1,1,0,0,0,0,0,0,1,0,0,0,0,0,0,0,1,1,0,0,0,0,0,0,0,0,0,0,0,0,0,0,0,0,0,0,0,0,0,0,0,0,0,0,0,0,0,0,0,0,0,0,0,0,0,0,1,2,3,4,0,0,0,0,"CompanyLeveProtection",1
196636,0,0,0,0,0,0,0,0,70,23,73,133,0,0,0,0,25,25,25,25,0,0,0,0,"テンパード・スクリーム","ポイズン・フライトラップ","テンパード・サウ","ウィンドスプライト","","","","",,,,,,,,,0,0,0,0,0,0,0,0,0,0,0,0,0,0,0,0,1,1,1,1,0,0,0,0,1,1,1,1,0,0,0,0,20,20,20,40,0,0,0,0,5,5,5,2,0,0,0,0,0,0,0,0,0,0,0,0,0,0,0,0,0,0,0,0,0,0,0,0,0,0,0,0,0,0,0,0,0,0,0,0,0,0,0,0,0,0,0,0,0,0,0,0,0,0,0,0,0,0,0,0,0,0,0,0,0,0,0,0,0,0,0,0,0,0,0,0,0,0,0,0,0,0,0,0,0,0,0,0,1,2,3,0,0,0,0,0,"CompanyLeveInterception",1
196637,0,0,0,0,0,0,0,0,305,1861,1108,1109,0,0,0,0,26,22,26,26,0,0,0,0,"ウィケッドソウル","ウィンドスプライト","ナールド・トレント","リーフブリード・オチュー","","","","","発光性クリスタル",,,,,,,,3,0,0,0,0,0,0,0,0,0,0,0,0,0,0,0,2,2,2,3,0,0,0,0,0,0,0,0,0,0,0,0,0,0,0,0,0,0,0,0,0,0,0,0,0,0,0,0,0,0,0,0,0,0,0,0,0,0,0,0,0,0,0,0,0,0,0,0,0,0,0,0,0,0,0,0,0,0,0,0,0,0,0,0,0,0,0,0,0,0,0,0,0,0,0,0,0,0,0,0,0,0,0,0,0,0,0,0,0,0,0,0,0,0,0,0,0,0,0,0,0,0,0,0,0,0,0,0,1,2,3,0,0,0,0,0,"CompanyLevePenetration",1
196638,0,0,0,0,0,0,0,0,1094,33,23,24,0,0,0,0,25,18,18,21,0,0,0,0,"大羽のパニシア","リーフブリード・オチュー","ポイズン・フライトラップ","ナールド・トレント","","","","",,,,,,,,,0,0,0,0,0,0,0,0,0,0,0,0,0,0,0,0,90,60,30,0,0,0,0,0,761,765,762,763,764,0,0,0,0,0,0,0,0,0,0,0,0,0,0,0,0,0,0,0,0,0,0,0,0,0,0,0,0,0,0,0,0,0,0,0,0,0,0,0,0,0,0,0,0,0,0,0,0,0,0,0,0,0,0,0,0,0,0,0,0,0,0,0,0,0,0,0,0,0,0,0,0,0,0,0,0,0,0,0,0,0,0,0,0,0,0,0,0,0,0,0,0,0,0,0,0,0,0,0,1,2,3,0,0,0,0,0,"CompanyLeveSummon",2
196639,0,0,0,0,0,0,0,0,167,168,169,0,0,0,0,0,24,22,22,0,0,0,0,0,"アマルジャ・ブルーザー","アマルジャ・レンジャー","アマルジャ・シーア","","","","","",,,,,,,,,0,0,0,0,0,0,0,0,0,0,0,0,0,0,0,0,4178232,4186129,4186130,0,0,0,0,0,1226,0,0,0,0,0,0,0,0,0,0,0,0,0,0,0,0,0,0,0,0,0,0,0,0,0,0,0,0,0,0,0,0,0,0,0,0,0,0,0,0,0,1,0,0,0,0,0,1,1,0,0,0,0,0,0,1,0,0,0,0,0,0,0,1,0,1,0,0,0,0,0,0,0,0,0,0,0,0,0,0,0,0,0,0,0,0,0,0,0,0,0,0,0,0,0,0,0,0,0,0,0,0,0,1,2,3,4,0,0,0,0,"CompanyLeveProtection",1
196640,0,0,0,0,0,0,0,0,138,172,181,12,0,0,0,0,25,25,25,25,0,0,0,0,"ラガディ・ジャッカル","フェルバイト・ペイスト","ガーント・ビーク","バルド・バザード","","","","",,,,,,,,,0,0,0,0,0,0,0,0,0,0,0,0,0,0,0,0,1,1,1,1,0,0,0,0,1,1,1,1,0,0,0,0,20,20,20,40,0,0,0,0,5,5,5,2,0,0,0,0,0,0,0,0,0,0,0,0,0,0,0,0,0,0,0,0,0,0,0,0,0,0,0,0,0,0,0,0,0,0,0,0,0,0,0,0,0,0,0,0,0,0,0,0,0,0,0,0,0,0,0,0,0,0,0,0,0,0,0,0,0,0,0,0,0,0,0,0,0,0,0,0,0,0,0,0,0,0,0,0,1,2,3,0,0,0,0,0,"CompanyLeveInterception",1
196641,0,0,0,0,0,0,0,0,21,1863,1112,1113,0,0,0,0,26,23,25,25,0,0,0,0,"トリックスター・インプ","アーススプライト","ラヴェナス・ビリー","ラヴェナス・ナニー","","","","","発光性クリスタル",,,,,,,,3,0,0,0,0,0,0,0,0,0,0,0,0,0,0,0,2,2,1,4,0,0,0,0,0,0,0,0,0,0,0,0,0,0,0,0,0,0,0,0,0,0,0,0,0,0,0,0,0,0,0,0,0,0,0,0,0,0,0,0,0,0,0,0,0,0,0,0,0,0,0,0,0,0,0,0,0,0,0,0,0,0,0,0,0,0,0,0,0,0,0,0,0,0,0,0,0,0,0,0,0,0,0,0,0,0,0,0,0,0,0,0,0,0,0,0,0,0,0,0,0,0,0,0,0,0,0,0,1,2,3,0,0,0,0,0,"CompanyLevePenetration",1
196642,0,0,0,0,0,0,0,0,1098,513,17,1093,0,0,0,0,25,20,19,18,0,0,0,0,"火打のマージリー","ダークウィング・デビレット","ヴォイド・フレイム","ヴォイド・マイン","","","","",,,,,,,,,0,0,0,0,0,0,0,0,0,0,0,0,0,0,0,0,90,60,30,0,0,0,0,0,766,770,767,768,769,0,0,0,0,0,0,0,0,0,0,0,0,0,0,0,0,0,0,0,0,0,0,0,0,0,0,0,0,0,0,0,0,0,0,0,0,0,0,0,0,0,0,0,0,0,0,0,0,0,0,0,0,0,0,0,0,0,0,0,0,0,0,0,0,0,0,0,0,0,0,0,0,0,0,0,0,0,0,0,0,0,0,0,0,0,0,0,0,0,0,0,0,0,0,0,0,0,0,0,1,2,3,0,0,0,0,0,"CompanyLeveSummon",1
196643,0,0,0,0,0,0,0,0,328,329,330,331,0,0,0,0,28,28,28,28,0,0,0,0,"426オーダー・パトロールマン","426オーダー・ピットマン","426オーダー・ビーズマン","426オーダー・ミッションアリー","","","","",,,,,,,,,0,0,0,0,0,0,0,0,0,0,0,0,0,0,0,0,4178198,4185437,4185438,4185439,0,0,0,0,1225,0,0,0,0,0,0,0,0,0,0,0,0,0,0,0,0,0,0,0,0,0,0,0,0,0,0,0,0,0,0,0,0,0,0,0,0,0,0,0,1,0,0,0,0,0,0,0,0,1,1,0,0,0,0,0,1,1,0,0,0,0,0,0,1,0,0,1,0,0,0,0,0,0,0,0,0,0,0,0,0,0,0,0,0,0,0,0,0,0,0,0,0,0,0,0,0,0,0,0,0,0,0,0,1,2,3,4,0,0,0,0,"CompanyLeveProtection",1
196644,0,0,0,0,0,0,0,0,315,318,334,335,0,0,0,0,29,29,29,29,0,0,0,0,"海蛇の剣術士","海蛇の弓術士","サハギン・スパイ","サハギン・サッパー","","","","",,,,,,,,,0,0,0,0,0,0,0,0,0,0,0,0,0,0,0,0,1,1,1,1,0,0,0,0,1,1,1,1,0,0,0,0,20,20,20,40,0,0,0,0,5,5,5,2,0,0,0,0,0,0,0,0,0,0,0,0,0,0,0,0,0,0,0,0,0,0,0,0,0,0,0,0,0,0,0,0,0,0,0,0,0,0,0,0,0,0,0,0,0,0,0,0,0,0,0,0,0,0,0,0,0,0,0,0,0,0,0,0,0,0,0,0,0,0,0,0,0,0,0,0,0,0,0,0,0,0,0,0,1,2,3,0,0,0,0,0,"CompanyLeveInterception",1
196645,0,0,0,0,0,0,0,0,55,1860,1104,1105,0,0,0,0,31,27,31,31,0,0,0,0,"インペリアル・テッセラリウス","キキルン・エッグリフター","怪しい海賊","怪しい海賊","","","","","商談用の魔導通信機",,,,,,,,2,0,0,0,0,0,0,0,0,0,0,0,0,0,0,0,2,2,2,2,0,0,0,0,0,0,0,0,0,0,0,0,0,0,0,0,0,0,0,0,0,0,0,0,0,0,0,0,0,0,0,0,0,0,0,0,0,0,0,0,0,0,0,0,0,0,0,0,0,0,0,0,0,0,0,0,0,0,0,0,0,0,0,0,0,0,0,0,0,0,0,0,0,0,0,0,0,0,0,0,0,0,0,0,0,0,0,0,0,0,0,0,0,0,0,0,0,0,0,0,0,0,0,0,0,0,0,0,1,2,3,0,0,0,0,0,"CompanyLevePenetration",2
196646,0,0,0,0,0,0,0,0,1086,131,17,1093,0,0,0,0,30,22,23,24,0,0,0,0,"メンディカント426 ジ・グ","アーススプライト","ヴォイド・フレイム","ヴォイド・マイン","","","","",,,,,,,,,0,0,0,0,0,0,0,0,0,0,0,0,0,0,0,0,90,60,30,0,0,0,0,0,771,775,772,773,774,0,0,0,0,0,0,0,0,0,0,0,0,0,0,0,0,0,0,0,0,0,0,0,0,0,0,0,0,0,0,0,0,0,0,0,0,0,0,0,0,0,0,0,0,0,0,0,0,0,0,0,0,0,0,0,0,0,0,0,0,0,0,0,0,0,0,0,0,0,0,0,0,0,0,0,0,0,0,0,0,0,0,0,0,0,0,0,0,0,0,0,0,0,0,0,0,0,0,0,1,2,3,0,0,0,0,0,"CompanyLeveSummon",2
196647,0,0,0,0,0,0,0,0,0,0,0,0,0,0,0,0,0,0,0,0,0,0,0,0,"","","","","","","","",,,,,,,,,0,0,0,0,0,0,0,0,0,0,0,0,0,0,0,0,0,0,0,0,0,0,0,0,0,0,0,0,0,0,0,0,0,0,0,0,0,0,0,0,0,0,0,0,0,0,0,0,0,0,0,0,0,0,0,0,0,0,0,0,0,0,0,0,0,0,0,0,0,0,0,0,0,0,0,0,0,0,0,0,0,0,0,0,0,0,0,0,0,0,0,0,0,0,0,0,0,0,0,0,0,0,0,0,0,0,0,0,0,0,0,0,0,0,0,0,0,0,0,0,0,0,0,0,0,0,0,0,1,2,3,0,0,0,0,0,"",1
196648,0,0,0,0,0,0,0,0,509,510,34,0,0,0,0,0,27,27,29,0,0,0,0,0,"レッドベリー・ランナー","レッドベリー・スナッチャー","スポーニング・アダマンタス","","","","","",,,,,,,,,0,0,0,0,0,0,0,0,0,0,0,0,0,0,0,0,4178223,4186390,4186391,4186392,0,0,0,0,1228,0,0,0,0,0,0,0,0,0,0,0,0,0,0,0,0,0,0,0,0,0,0,0,0,0,0,0,0,0,0,0,0,0,0,0,0,0,0,0,1,0,0,0,0,0,0,0,1,1,0,0,0,0,0,0,0,1,1,0,0,0,0,0,1,0,1,0,0,0,0,0,0,0,0,0,0,0,0,0,0,0,0,0,0,0,0,0,0,0,0,0,0,0,0,0,0,0,0,0,0,0,0,0,1,2,3,4,0,0,0,0,"CompanyLeveProtection",1
196649,0,0,0,0,0,0,0,0,302,139,34,13,0,0,0,0,29,29,29,29,0,0,0,0,"シャープトゥース・オロボン","スポテッド・エフト","スポーニング・アダマンタス","クレイブン・コンドル","","","","",,,,,,,,,0,0,0,0,0,0,0,0,0,0,0,0,0,0,0,0,1,1,1,1,0,0,0,0,1,1,1,1,0,0,0,0,20,20,20,40,0,0,0,0,5,5,5,2,0,0,0,0,0,0,0,0,0,0,0,0,0,0,0,0,0,0,0,0,0,0,0,0,0,0,0,0,0,0,0,0,0,0,0,0,0,0,0,0,0,0,0,0,0,0,0,0,0,0,0,0,0,0,0,0,0,0,0,0,0,0,0,0,0,0,0,0,0,0,0,0,0,0,0,0,0,0,0,0,0,0,0,0,1,2,3,0,0,0,0,0,"CompanyLeveInterception",1
196650,0,0,0,0,0,0,0,0,55,1862,1110,1111,0,0,0,0,31,27,30,30,0,0,0,0,"インペリアル・テッセラリウス","ゴブリン・ローパー","怪しい密猟者","怪しい密猟者","","","","","商談用の魔導通信機",,,,,,,,3,0,0,0,0,0,0,0,0,0,0,0,0,0,0,0,3,2,1,2,0,0,0,0,0,0,0,0,0,0,0,0,0,0,0,0,0,0,0,0,0,0,0,0,0,0,0,0,0,0,0,0,0,0,0,0,0,0,0,0,0,0,0,0,0,0,0,0,0,0,0,0,0,0,0,0,0,0,0,0,0,0,0,0,0,0,0,0,0,0,0,0,0,0,0,0,0,0,0,0,0,0,0,0,0,0,0,0,0,0,0,0,0,0,0,0,0,0,0,0,0,0,0,0,0,0,0,0,1,2,3,0,0,0,0,0,"CompanyLevePenetration",2
196651,0,0,0,0,0,0,0,0,1091,388,327,327,0,0,0,0,30,25,23,23,0,0,0,0,"変節のクレールヴィース","ヴォドリガ・カー","ヴォイド・マイン","ヴォイド・マイン","","","","",,,,,,,,,0,0,0,0,0,0,0,0,0,0,0,0,0,0,0,0,90,60,30,0,0,0,0,0,776,780,777,778,779,0,0,0,0,0,0,0,0,0,0,0,0,0,0,0,0,0,0,0,0,0,0,0,0,0,0,0,0,0,0,0,0,0,0,0,0,0,0,0,0,0,0,0,0,0,0,0,0,0,0,0,0,0,0,0,0,0,0,0,0,0,0,0,0,0,0,0,0,0,0,0,0,0,0,0,0,0,0,0,0,0,0,0,0,0,0,0,0,0,0,0,0,0,0,0,0,0,0,0,1,2,3,0,0,0,0,0,"CompanyLeveSummon",1
196652,0,0,0,0,0,0,0,0,0,0,0,0,0,0,0,0,0,0,0,0,0,0,0,0,"","","","","","","","",,,,,,,,,0,0,0,0,0,0,0,0,0,0,0,0,0,0,0,0,0,0,0,0,0,0,0,0,0,0,0,0,0,0,0,0,0,0,0,0,0,0,0,0,0,0,0,0,0,0,0,0,0,0,0,0,0,0,0,0,0,0,0,0,0,0,0,0,0,0,0,0,0,0,0,0,0,0,0,0,0,0,0,0,0,0,0,0,0,0,0,0,0,0,0,0,0,0,0,0,0,0,0,0,0,0,0,0,0,0,0,0,0,0,0,0,0,0,0,0,0,0,0,0,0,0,0,0,0,0,0,0,1,2,3,0,0,0,0,0,"",1
196653,0,0,0,0,0,0,0,0,170,362,171,0,0,0,0,0,27,28,30,0,0,0,0,0,"キキルン・ヨークドレナー","キキルン・ヨークドレナー","黄歯のムムルン","","","","","",,,,,,,,,0,0,0,0,0,0,0,0,0,0,0,0,0,0,0,0,4178234,4186186,4186187,4186188,0,0,0,0,1225,0,0,0,0,0,0,0,0,0,0,0,0,0,0,0,0,0,0,0,0,0,0,0,0,0,0,0,0,0,0,0,0,0,0,0,0,0,0,0,1,0,0,0,0,0,0,0,1,1,0,0,0,0,0,0,1,1,0,0,0,0,0,0,1,0,1,0,0,0,0,0,0,0,0,0,0,0,0,0,0,0,0,0,0,0,0,0,0,0,0,0,0,0,0,0,0,0,0,0,0,0,0,0,1,2,3,4,0,0,0,0,"CompanyLeveProtection",1
196654,0,0,0,0,0,0,0,0,167,168,1096,1099,0,0,0,0,29,29,29,29,0,0,0,0,"アマルジャ・ブルーザー","アマルジャ・レンジャー","バトルドレイク","テンパード・スレイヴ","","","","",,,,,,,,,0,0,0,0,0,0,0,0,0,0,0,0,0,0,0,0,1,1,1,1,0,0,0,0,1,1,1,1,0,0,0,0,20,20,20,40,0,0,0,0,5,5,5,2,0,0,0,0,0,0,0,0,0,0,0,0,0,0,0,0,0,0,0,0,0,0,0,0,0,0,0,0,0,0,0,0,0,0,0,0,0,0,0,0,0,0,0,0,0,0,0,0,0,0,0,0,0,0,0,0,0,0,0,0,0,0,0,0,0,0,0,0,0,0,0,0,0,0,0,0,0,0,0,0,0,0,0,0,1,2,3,0,0,0,0,0,"CompanyLeveInterception",1
196655,0,0,0,0,0,0,0,0,55,1100,1114,1115,0,0,0,0,31,29,29,31,0,0,0,0,"インペリアル・テッセラリウス","怪しい商人","怪しい荒くれ者","怪しい荒くれ者","","","","","商談用の魔導通信機",,,,,,,,5,0,0,0,0,0,0,0,0,0,0,0,0,0,0,0,3,1,1,3,0,0,0,0,0,0,0,0,0,0,0,0,0,0,0,0,0,0,0,0,0,0,0,0,0,0,0,0,0,0,0,0,0,0,0,0,0,0,0,0,0,0,0,0,0,0,0,0,0,0,0,0,0,0,0,0,0,0,0,0,0,0,0,0,0,0,0,0,0,0,0,0,0,0,0,0,0,0,0,0,0,0,0,0,0,0,0,0,0,0,0,0,0,0,0,0,0,0,0,0,0,0,0,0,0,0,0,0,1,2,3,0,0,0,0,0,"CompanyLevePenetration",2
196656,0,0,0,0,0,0,0,0,1095,327,134,646,0,0,0,0,30,21,16,26,0,0,0,0,"焚刑のロデグ・チャー","ヴォイド・マイン","ファイアスプライト","ヘッドリップ・オーガ","","","","",,,,,,,,,0,0,0,0,0,0,0,0,0,0,0,0,0,0,0,0,90,60,30,0,0,0,0,0,781,785,782,783,784,0,0,0,0,0,0,0,0,0,0,0,0,0,0,0,0,0,0,0,0,0,0,0,0,0,0,0,0,0,0,0,0,0,0,0,0,0,0,0,0,0,0,0,0,0,0,0,0,0,0,0,0,0,0,0,0,0,0,0,0,0,0,0,0,0,0,0,0,0,0,0,0,0,0,0,0,0,0,0,0,0,0,0,0,0,0,0,0,0,0,0,0,0,0,0,0,0,0,0,1,2,3,0,0,0,0,0,"CompanyLeveSummon",1
196657,0,0,0,0,0,0,0,0,0,0,0,0,0,0,0,0,0,0,0,0,0,0,0,0,"","","","","","","","",,,,,,,,,0,0,0,0,0,0,0,0,0,0,0,0,0,0,0,0,0,0,0,0,0,0,0,0,0,0,0,0,0,0,0,0,0,0,0,0,0,0,0,0,0,0,0,0,0,0,0,0,0,0,0,0,0,0,0,0,0,0,0,0,0,0,0,0,0,0,0,0,0,0,0,0,0,0,0,0,0,0,0,0,0,0,0,0,0,0,0,0,0,0,0,0,0,0,0,0,0,0,0,0,0,0,0,0,0,0,0,0,0,0,0,0,0,0,0,0,0,0,0,0,0,0,0,0,0,0,0,0,0,0,0,0,0,0,0,0,"",1
196658,0,0,0,0,0,0,0,0,113,1841,115,0,0,0,0,0,33,33,34,0,0,0,0,0,"イクサル・フェンサー","イクサル・ウォッチウルフ","イクサル・フロストビーク","","","","","",,,,,,,,,0,0,0,0,0,0,0,0,0,0,0,0,0,0,0,0,4296356,4296357,4296359,4296365,0,0,0,0,1794,0,0,0,0,0,0,0,0,0,0,0,0,0,0,0,0,0,0,0,0,0,0,0,0,0,0,0,0,0,0,0,0,0,0,0,0,0,0,0,1,1,0,0,0,0,0,0,0,1,1,0,0,0,0,0,0,0,1,0,0,0,0,0,1,0,1,0,0,0,0,0,0,0,0,0,0,0,0,0,0,0,0,0,0,0,0,0,0,0,0,0,0,0,0,0,0,0,0,0,0,0,0,0,1,2,3,4,0,0,0,0,"CompanyLeveProtection",1
196659,0,0,0,0,0,0,0,0,1853,133,404,388,0,0,0,0,30,29,30,32,0,0,0,0,"気流のロトリ・アファタン","ウィンドスプライト","フローズン・ババロア","ヴォドリガ・シェイド","","","","",,,,,,,,,0,0,0,0,0,0,0,0,0,0,0,0,0,0,0,0,90,60,30,0,0,0,0,0,1010,1014,1011,1012,1013,0,0,0,0,0,0,0,0,0,0,0,0,0,0,0,0,0,0,0,0,0,0,0,0,0,0,0,0,0,0,0,0,0,0,0,0,0,0,0,0,0,0,0,0,0,0,0,0,0,0,0,0,0,0,0,0,0,0,0,0,0,0,0,0,0,0,0,0,0,0,0,0,0,0,0,0,0,0,0,0,0,0,0,0,0,0,0,0,0,0,0,0,0,0,0,0,0,0,0,1,2,3,0,0,0,0,0,"CompanyLeveSummon",1
196660,0,0,0,0,0,0,0,0,395,646,720,731,0,0,0,0,35,35,35,35,0,0,0,0,"スナップジョー","ラースフル・オーガ","フロスト・グゥーブー","ホワイトウルフ","","","","",,,,,,,,,0,0,0,0,0,0,0,0,0,0,0,0,0,0,0,0,1,1,1,1,0,0,0,0,1,1,1,1,0,0,0,0,20,20,20,40,0,0,0,0,5,5,5,2,0,0,0,0,0,0,0,0,0,0,0,0,0,0,0,0,0,0,0,0,0,0,0,0,0,0,0,0,0,0,0,0,0,0,0,0,0,0,0,0,0,0,0,0,0,0,0,0,0,0,0,0,0,0,0,0,0,0,0,0,0,0,0,0,0,0,0,0,0,0,0,0,0,0,0,0,0,0,0,0,0,0,0,0,1,2,3,0,0,0,0,0,"CompanyLeveInterception",1
196661,0,0,0,0,0,0,0,0,113,115,114,116,0,0,0,0,35,35,35,35,0,0,0,0,"イクサル・フェンサー","イクサル・フロストビーク","イクサル・フロストウィング","イクサル・フロストコーラー","","","","",,,,,,,,,0,0,0,0,0,0,0,0,0,0,0,0,0,0,0,0,1,1,1,1,0,0,0,0,1,1,1,1,0,0,0,0,20,20,20,40,0,0,0,0,5,5,5,2,0,0,0,0,0,0,0,0,0,0,0,0,0,0,0,0,0,0,0,0,0,0,0,0,0,0,0,0,0,0,0,0,0,0,0,0,0,0,0,0,0,0,0,0,0,0,0,0,0,0,0,0,0,0,0,0,0,0,0,0,0,0,0,0,0,0,0,0,0,0,0,0,0,0,0,0,0,0,0,0,0,0,0,0,1,2,3,0,0,0,0,0,"CompanyLeveInterception",1
196662,0,0,0,0,0,0,0,0,305,1842,1843,1844,0,0,0,0,35,34,35,35,0,0,0,0,"ワンダリング・ソウル","アイススプライト","イクサル・フェンサー","イクサル・フロストウィング","","","","","発光性クリスタル",,,,,,,,5,0,0,0,0,0,0,0,0,0,0,0,0,0,0,0,3,1,1,3,0,0,0,0,0,0,0,0,0,0,0,0,0,0,0,0,0,0,0,0,0,0,0,0,0,0,0,0,0,0,0,0,0,0,0,0,0,0,0,0,0,0,0,0,0,0,0,0,0,0,0,0,0,0,0,0,0,0,0,0,0,0,0,0,0,0,0,0,0,0,0,0,0,0,0,0,0,0,0,0,0,0,0,0,0,0,0,0,0,0,0,0,0,0,0,0,0,0,0,0,0,0,0,0,0,0,0,0,1,2,3,0,0,0,0,0,"CompanyLevePenetration",1
196663,0,0,0,0,0,0,0,0,1854,731,722,721,0,0,0,0,40,32,30,30,0,0,0,0,"怒号のミマス","ホワイトウルフ","ジャイアント・ドラッバー","ジャイアント・リッパー","","","","",,,,,,,,,0,0,0,0,0,0,0,0,0,0,0,0,0,0,0,0,90,60,30,0,0,0,0,0,1015,1019,1016,1017,1018,0,0,0,0,0,0,0,0,0,0,0,0,0,0,0,0,0,0,0,0,0,0,0,0,0,0,0,0,0,0,0,0,0,0,0,0,0,0,0,0,0,0,0,0,0,0,0,0,0,0,0,0,0,0,0,0,0,0,0,0,0,0,0,0,0,0,0,0,0,0,0,0,0,0,0,0,0,0,0,0,0,0,0,0,0,0,0,0,0,0,0,0,0,0,0,0,0,0,0,1,2,3,0,0,0,0,0,"CompanyLeveSummon",2
196664,0,0,0,0,0,0,0,0,513,1845,1846,1847,0,0,0,0,40,39,40,40,0,0,0,0,"ダスティ・デビレット","ワンダリング・ウィスプ","ブラッド・バテラー","ドラゴンフライ・チェイサー","","","","","発光性クリスタル",,,,,,,,2,0,0,0,0,0,0,0,0,0,0,0,0,0,0,0,2,2,2,2,0,0,0,0,0,0,0,0,0,0,0,0,0,0,0,0,0,0,0,0,0,0,0,0,0,0,0,0,0,0,0,0,0,0,0,0,0,0,0,0,0,0,0,0,0,0,0,0,0,0,0,0,0,0,0,0,0,0,0,0,0,0,0,0,0,0,0,0,0,0,0,0,0,0,0,0,0,0,0,0,0,0,0,0,0,0,0,0,0,0,0,0,0,0,0,0,0,0,0,0,0,0,0,0,0,0,0,0,1,2,3,0,0,0,0,0,"CompanyLevePenetration",1
196665,0,0,0,0,0,0,0,0,139,27,191,720,0,0,0,0,39,39,39,39,0,0,0,0,"スノウパピー","ウィンター・ニクス","ブリザード・ビアスト","フロスト・グゥーブー","","","","",,,,,,,,,0,0,0,0,0,0,0,0,0,0,0,0,0,0,0,0,1,1,1,1,0,0,0,0,1,1,1,1,0,0,0,0,20,20,20,40,0,0,0,0,5,5,5,2,0,0,0,0,0,0,0,0,0,0,0,0,0,0,0,0,0,0,0,0,0,0,0,0,0,0,0,0,0,0,0,0,0,0,0,0,0,0,0,0,0,0,0,0,0,0,0,0,0,0,0,0,0,0,0,0,0,0,0,0,0,0,0,0,0,0,0,0,0,0,0,0,0,0,0,0,0,0,0,0,0,0,0,0,1,2,3,0,0,0,0,0,"CompanyLeveInterception",1
196666,0,0,0,0,0,0,0,0,721,722,644,0,0,0,0,0,39,39,37,0,0,0,0,0,"ジャイアント・リッパー","ジャイアント・ドラッバー","ダウンキャスト・ヒッポセルフ","","","","","",,,,,,,,,0,0,0,0,0,0,0,0,0,0,0,0,0,0,0,0,4296409,4296411,4296412,4296413,0,0,0,0,1232,0,0,0,0,0,0,0,0,0,0,0,0,0,0,0,0,0,0,0,0,0,0,0,0,0,0,0,0,0,0,0,0,0,0,0,0,0,0,0,1,0,1,0,0,0,0,0,0,1,1,0,0,0,0,0,0,1,0,0,0,0,0,0,1,1,0,0,0,0,0,0,0,0,0,0,0,0,0,0,0,0,0,0,0,0,0,0,0,0,0,0,0,0,0,0,0,0,0,0,0,0,0,0,1,2,3,4,0,0,0,0,"CompanyLeveProtection",1
196667,0,0,0,0,0,0,0,0,342,1842,1848,1849,0,0,0,0,40,39,40,40,0,0,0,0,"ワンダリング・ボギー","アイススプライト","ジャイアント・ドラッバー","ジャイアント・トーカー","","","","","発光性クリスタル",,,,,,,,2,0,0,0,0,0,0,0,0,0,0,0,0,0,0,0,3,2,1,1,0,0,0,0,0,0,0,0,0,0,0,0,0,0,0,0,0,0,0,0,0,0,0,0,0,0,0,0,0,0,0,0,0,0,0,0,0,0,0,0,0,0,0,0,0,0,0,0,0,0,0,0,0,0,0,0,0,0,0,0,0,0,0,0,0,0,0,0,0,0,0,0,0,0,0,0,0,0,0,0,0,0,0,0,0,0,0,0,0,0,0,0,0,0,0,0,0,0,0,0,0,0,0,0,0,0,0,0,1,2,3,0,0,0,0,0,"CompanyLevePenetration",1
196668,0,0,0,0,0,0,0,0,727,728,729,730,0,0,0,0,45,45,44,45,0,0,0,0,"ベガー・シャモン","ベガー・ボンズ","ベガー・ソーズ","ベガー・ビク","","","","",,,,,,,,,0,0,0,0,0,0,0,0,0,0,0,0,0,0,0,0,1,1,1,1,0,0,0,0,1,1,1,1,0,0,0,0,20,20,20,40,0,0,0,0,5,5,5,2,0,0,0,0,0,0,0,0,0,0,0,0,0,0,0,0,0,0,0,0,0,0,0,0,0,0,0,0,0,0,0,0,0,0,0,0,0,0,0,0,0,0,0,0,0,0,0,0,0,0,0,0,0,0,0,0,0,0,0,0,0,0,0,0,0,0,0,0,0,0,0,0,0,0,0,0,0,0,0,0,0,0,0,0,1,2,3,0,0,0,0,0,"CompanyLeveInterception",1
196669,0,0,0,0,0,0,0,0,1855,387,191,398,0,0,0,0,45,35,35,37,0,0,0,0,"帰依のアルマンテル","ドラゴンフライ・チェイサー","ブリザード・ビアスト","レッドエイビス","","","","",,,,,,,,,0,0,0,0,0,0,0,0,0,0,0,0,0,0,0,0,90,60,30,0,0,0,0,0,1020,1024,1021,1022,1023,0,0,0,0,0,0,0,0,0,0,0,0,0,0,0,0,0,0,0,0,0,0,0,0,0,0,0,0,0,0,0,0,0,0,0,0,0,0,0,0,0,0,0,0,0,0,0,0,0,0,0,0,0,0,0,0,0,0,0,0,0,0,0,0,0,0,0,0,0,0,0,0,0,0,0,0,0,0,0,0,0,0,0,0,0,0,0,0,0,0,0,0,0,0,0,0,0,0,0,1,2,3,0,0,0,0,0,"CompanyLeveSummon",2
196670,0,0,0,0,0,0,0,0,730,728,645,0,0,0,0,0,43,44,42,0,0,0,0,0,"ベガー・ビク","ベガー・ボンズ","ヒッポグリフ・パップ","","","","","",,,,,,,,,0,0,0,0,0,0,0,0,0,0,0,0,0,0,0,0,4296668,4296669,4296670,4296671,0,0,0,0,1795,0,0,0,0,0,0,0,0,0,0,0,0,0,0,0,0,0,0,0,0,0,0,0,0,0,0,0,0,0,0,0,0,0,0,0,0,0,0,0,1,0,1,0,0,0,0,0,0,1,0,0,0,0,0,0,0,1,1,0,0,0,0,0,1,1,0,0,0,0,0,0,0,0,0,0,0,0,0,0,0,0,0,0,0,0,0,0,0,0,0,0,0,0,0,0,0,0,0,0,0,0,0,0,1,2,3,4,0,0,0,0,"CompanyLeveProtection",1
196671,0,0,0,0,0,0,0,0,513,1850,1851,1852,0,0,0,0,45,44,45,45,0,0,0,0,"ダスティ・デビレット","ライトニングスプライト","ダウンキャスト・ヒッポセルフ","ファウルリバー・ハパリット","","","","","発光性クリスタル",,,,,,,,3,0,0,0,0,0,0,0,0,0,0,0,0,0,0,0,2,2,1,4,0,0,0,0,0,0,0,0,0,0,0,0,0,0,0,0,0,0,0,0,0,0,0,0,0,0,0,0,0,0,0,0,0,0,0,0,0,0,0,0,0,0,0,0,0,0,0,0,0,0,0,0,0,0,0,0,0,0,0,0,0,0,0,0,0,0,0,0,0,0,0,0,0,0,0,0,0,0,0,0,0,0,0,0,0,0,0,0,0,0,0,0,0,0,0,0,0,0,0,0,0,0,0,0,0,0,0,0,1,2,3,0,0,0,0,0,"CompanyLevePenetration",1
196672,0,0,0,0,0,0,0,0,1856,644,729,728,0,0,0,0,45,32,31,31,0,0,0,0,"紅髪のオケアノス","ギガース・マスチフ","ベガー・ソーズ","ベガー・ボンズ","","","","",,,,,,,,,0,0,0,0,0,0,0,0,0,0,0,0,0,0,0,0,90,60,30,0,0,0,0,0,1025,1029,1026,1027,1028,0,0,0,0,0,0,0,0,0,0,0,0,0,0,0,0,0,0,0,0,0,0,0,0,0,0,0,0,0,0,0,0,0,0,0,0,0,0,0,0,0,0,0,0,0,0,0,0,0,0,0,0,0,0,0,0,0,0,0,0,0,0,0,0,0,0,0,0,0,0,0,0,0,0,0,0,0,0,0,0,0,0,0,0,0,0,0,0,0,0,0,0,0,0,0,0,0,0,0,1,2,3,0,0,0,0,0,"CompanyLeveSummon",2
196673,0,0,0,0,0,0,0,0,21,1845,1846,1847,0,0,0,0,36,32,35,35,0,0,0,0,"ダスティ・インプ","ワンダリング・ウィスプ","ブラッド・バテラー","ドラゴンフライ・チェイサー","","","","","発光性クリスタル",,,,,,,,3,0,0,0,0,0,0,0,0,0,0,0,0,0,0,0,2,2,1,4,0,0,0,0,0,0,0,0,0,0,0,0,0,0,0,0,0,0,0,0,0,0,0,0,0,0,0,0,0,0,0,0,0,0,0,0,0,0,0,0,0,0,0,0,0,0,0,0,0,0,0,0,0,0,0,0,0,0,0,0,0,0,0,0,0,0,0,0,0,0,0,0,0,0,0,0,0,0,0,0,0,0,0,0,0,0,0,0,0,0,0,0,0,0,0,0,0,0,0,0,0,0,0,0,0,0,0,0,1,2,3,0,0,0,0,0,"CompanyLevePenetration",1
196674,0,0,0,0,0,0,0,0,2489,719,731,720,0,0,0,0,35,25,28,28,0,0,0,0,"スノウブロウン・グゥーブー","マッドカラクール・ラム","ホワイトウルフ","フロスト・グゥーブー","","","","",,,,,,,,,0,0,0,0,0,0,0,0,0,0,0,0,0,0,0,0,80,45,25,0,0,0,0,0,0,0,0,0,0,0,0,0,0,0,0,0,0,0,0,0,0,0,0,0,0,0,0,0,0,0,0,0,0,0,0,0,0,0,0,0,0,0,0,0,0,0,0,0,0,0,0,0,0,0,0,0,0,0,0,0,0,0,0,0,0,0,0,0,0,0,0,0,0,0,0,0,0,0,0,0,0,0,0,0,0,0,0,0,0,0,0,0,0,0,0,0,0,0,0,0,0,0,0,0,0,0,0,0,1,2,3,0,0,0,0,0,"CompanyLeveSummon",2
196675,0,0,0,0,0,0,0,0,44,1845,2490,2491,0,0,0,0,36,33,35,35,0,0,0,0,"パラサイト・ヂッガ","ワンダリング・ウィスプ","ストレイカラクール・ユー","ストレイカラクール・ラム","","","","","鬼火の種",,,,,,,,3,0,0,0,0,0,0,0,0,0,0,0,0,0,0,0,2,2,1,4,0,0,0,0,0,0,0,0,0,0,0,0,0,0,0,0,0,0,0,0,0,0,0,0,0,0,0,0,0,0,0,0,0,0,0,0,0,0,0,0,0,0,0,0,0,0,0,0,0,0,0,0,0,0,0,0,0,0,0,0,0,0,0,0,0,0,0,0,0,0,0,0,0,0,0,0,0,0,0,0,0,0,0,0,0,0,0,0,0,0,0,0,0,0,0,0,0,0,0,0,0,0,0,0,0,0,0,0,1,2,3,0,0,0,0,0,"CompanyLevePenetration",1
196676,0,0,0,0,0,0,0,0,725,724,726,2497,0,0,0,0,32,32,32,35,0,0,0,0,"ヘレティカル・ハリアー","ラヴェジング・ハリアー","ウィッチング・ハリアー","レッドエイビス","","","","",,,,,,,,,0,0,0,0,0,0,0,0,0,0,0,0,0,0,0,0,4406097,4406098,4406099,0,0,0,0,0,2241,0,0,0,0,0,0,0,0,0,0,0,0,0,0,0,0,0,0,0,0,0,0,0,0,0,0,0,0,0,0,0,0,0,0,0,0,0,0,0,1,0,1,0,0,0,0,0,0,1,0,0,0,0,0,0,0,1,1,0,0,0,0,0,0,0,0,1,0,0,0,0,0,0,0,0,0,0,0,0,0,0,0,0,0,0,0,0,0,0,0,0,0,0,0,0,0,0,0,0,0,0,0,0,1,2,3,4,0,0,0,0,"CompanyLeveProtection",1
196677,0,0,0,0,0,0,0,0,644,403,191,143,0,0,0,0,40,40,40,40,0,0,0,0,"ダウンキャスト・ヒッポセルフ","ブラッド・バテラー","ブリザード・ビアスト","スノウシュー・マウス","","","","",,,,,,,,,0,0,0,0,0,0,0,0,0,0,0,0,0,0,0,0,1,1,1,1,0,0,0,0,1,1,1,1,0,0,0,0,20,20,20,40,0,0,0,0,5,5,5,2,0,0,0,0,0,0,0,0,0,0,0,0,0,0,0,0,0,0,0,0,0,0,0,0,0,0,0,0,0,0,0,0,0,0,0,0,0,0,0,0,0,0,0,0,0,0,0,0,0,0,0,0,0,0,0,0,0,0,0,0,0,0,0,0,0,0,0,0,0,0,0,0,0,0,0,0,0,0,0,0,0,0,0,0,1,2,3,0,0,0,0,0,"CompanyLeveInterception",1
196678,0,0,0,0,0,0,0,0,2500,388,646,650,0,0,0,0,40,30,33,35,0,0,0,0,"叫喚のベズル・フィザン","ヴォドリガ・スナッチャー","ラースフル・オーガ","ホロウ・ガーゴイル","","","","",,,,,,,,,0,0,0,0,0,0,0,0,0,0,0,0,0,0,0,0,80,45,25,0,0,0,0,0,1987,1991,1988,1989,1990,0,0,0,0,0,0,0,0,0,0,0,0,0,0,0,0,0,0,0,0,0,0,0,0,0,0,0,0,0,0,0,0,0,0,0,0,0,0,0,0,0,0,0,0,0,0,0,0,0,0,0,0,0,0,0,0,0,0,0,0,0,0,0,0,0,0,0,0,0,0,0,0,0,0,0,0,0,0,0,0,0,0,0,0,0,0,0,0,0,0,0,0,0,0,0,0,0,0,0,1,2,3,0,0,0,0,0,"CompanyLeveSummon",1
196679,0,0,0,0,0,0,0,0,387,403,143,2497,0,0,0,0,37,37,37,40,0,0,0,0,"ドラゴンフライ・チェイサー","ブラッド・バテラー","スノウシュー・マウス","レッドエイビス","","","","",,,,,,,,,0,0,0,0,0,0,0,0,0,0,0,0,0,0,0,0,4406119,4406123,4406124,0,0,0,0,0,2242,0,0,0,0,0,0,0,0,0,0,0,0,0,0,0,0,0,0,0,0,0,0,0,0,0,0,0,0,0,0,0,0,0,0,0,0,0,0,0,1,0,1,0,0,0,0,0,0,1,0,0,0,0,0,0,1,1,0,0,0,0,0,0,0,0,0,1,0,0,0,0,0,0,0,0,0,0,0,0,0,0,0,0,0,0,0,0,0,0,0,0,0,0,0,0,0,0,0,0,0,0,0,0,1,2,3,4,0,0,0,0,"CompanyLeveProtection",1
196680,0,0,0,0,0,0,0,0,2492,387,191,398,0,0,0,0,40,28,31,31,0,0,0,0,"フロストエイビス","ドラゴンフライ・チェイサー","ブリザード・ビアスト","レッドエイビス","","","","",,,,,,,,,0,0,0,0,0,0,0,0,0,0,0,0,0,0,0,0,80,45,25,0,0,0,0,0,0,0,0,0,0,0,0,0,0,0,0,0,0,0,0,0,0,0,0,0,0,0,0,0,0,0,0,0,0,0,0,0,0,0,0,0,0,0,0,0,0,0,0,0,0,0,0,0,0,0,0,0,0,0,0,0,0,0,0,0,0,0,0,0,0,0,0,0,0,0,0,0,0,0,0,0,0,0,0,0,0,0,0,0,0,0,0,0,0,0,0,0,0,0,0,0,0,0,0,0,0,0,0,0,1,2,3,0,0,0,0,0,"CompanyLeveSummon",2
196681,0,0,0,0,0,0,0,0,55,63,64,2498,0,0,0,0,42,42,42,45,0,0,0,0,"インペリアル・ホプロマクス","インペリアル・セクトール","インペリアル・シグニフェル","魔導パッカー","","","","",,,,,,,,,0,0,0,0,0,0,0,0,0,0,0,0,0,0,0,0,4406129,4406130,4406131,0,0,0,0,0,2243,0,0,0,0,0,0,0,0,0,0,0,0,0,0,0,0,0,0,0,0,0,0,0,0,0,0,0,0,0,0,0,0,0,0,0,0,0,0,0,1,1,0,0,0,0,0,0,0,1,0,0,0,0,0,0,1,0,1,0,0,0,0,0,0,0,0,1,0,0,0,0,0,0,0,0,0,0,0,0,0,0,0,0,0,0,0,0,0,0,0,0,0,0,0,0,0,0,0,0,0,0,0,0,1,2,3,4,0,0,0,0,"CompanyLeveProtection",1
196682,0,0,0,0,0,0,0,0,55,62,63,64,0,0,0,0,44,44,44,44,0,0,0,0,"インペリアル・ホプロマクス","インペリアル・エクエス","インペリアル・セクトール","インペリアル・シグニフェル","","","","",,,,,,,,,0,0,0,0,0,0,0,0,0,0,0,0,0,0,0,0,1,1,1,1,0,0,0,0,1,1,1,1,0,0,0,0,20,20,20,40,0,0,0,0,5,5,5,2,0,0,0,0,0,0,0,0,0,0,0,0,0,0,0,0,0,0,0,0,0,0,0,0,0,0,0,0,0,0,0,0,0,0,0,0,0,0,0,0,0,0,0,0,0,0,0,0,0,0,0,0,0,0,0,0,0,0,0,0,0,0,0,0,0,0,0,0,0,0,0,0,0,0,0,0,0,0,0,0,0,0,0,0,1,2,3,0,0,0,0,0,"CompanyLeveInterception",1
196683,0,0,0,0,0,0,0,0,645,777,647,135,0,0,0,0,45,45,45,45,0,0,0,0,"ヒッポグリフ・パップ","シルバー・コブラ","ファウルリバー・ハパリット","ライトニングスプライト","","","","",,,,,,,,,0,0,0,0,0,0,0,0,0,0,0,0,0,0,0,0,1,1,1,1,0,0,0,0,1,1,1,1,0,0,0,0,20,20,20,40,0,0,0,0,5,5,5,2,0,0,0,0,0,0,0,0,0,0,0,0,0,0,0,0,0,0,0,0,0,0,0,0,0,0,0,0,0,0,0,0,0,0,0,0,0,0,0,0,0,0,0,0,0,0,0,0,0,0,0,0,0,0,0,0,0,0,0,0,0,0,0,0,0,0,0,0,0,0,0,0,0,0,0,0,0,0,0,0,0,0,0,0,1,2,3,0,0,0,0,0,"CompanyLeveInterception",1
196684,0,0,0,0,0,0,0,0,647,135,645,2499,0,0,0,0,42,42,42,45,0,0,0,0,"ファウルリバー・ハパリット","ライトニングスプライト","ヒッポグリフ・パップ","レイク・ニクス","","","","",,,,,,,,,0,0,0,0,0,0,0,0,0,0,0,0,0,0,0,0,4406140,4406141,4406142,0,0,0,0,0,2244,0,0,0,0,0,0,0,0,0,0,0,0,0,0,0,0,0,0,0,0,0,0,0,0,0,0,0,0,0,0,0,0,0,0,0,0,0,0,0,1,0,1,0,0,0,0,0,0,1,0,0,0,0,0,0,0,1,1,0,0,0,0,0,0,0,0,1,0,0,0,0,0,0,0,0,0,0,0,0,0,0,0,0,0,0,0,0,0,0,0,0,0,0,0,0,0,0,0,0,0,0,0,0,1,2,3,4,0,0,0,0,"CompanyLeveProtection",1
