key,0,1,2,3,4,5,6,7,8,9,10,11,12,13,14,15,16,17,18,19
#,Name,Description,Animation{Start},Animation{End},Icon,ClassJob,ClassJobCategory,ClassJobLevel,QuestRequirement,Specialist,,Cost,CRP,BSM,ARM,GSM,LTW,WVR,ALC,CUL
int32,str,str,ActionTimeline,ActionTimeline,Image,ClassJob,ClassJobCategory,byte,Quest,bit&01,uint16,byte,CraftAction,CraftAction,CraftAction,CraftAction,CraftAction,CraftAction,CraftAction,CraftAction
100000,"","","","","ui/icon/000000/000000.tex","すっぴん士","",0,,False,0,0,,,,,,,,
100001,"作業","耐久を消費して、作業を進める。
効率：100
成功率：90％","craft/action_normal","craft/action_normal_sub","ui/icon/001000/001501.tex","木工師","木工師",1,,False,0,0,"作業","作業","作業","作業","作業","作業","作業","作業"
100002,"加工","耐久を消費して、品質を上げる。
効率：100
成功率：70％","craft/action_carefully","craft/action_carefully_sub","ui/icon/001000/001502.tex","木工師","木工師",5,,False,0,18,"加工","加工","加工","加工","加工","加工","加工","加工"
100003,"マスターズメンド","耐久を30回復する。","craft/buff","craft/buff_sub","ui/icon/001000/001507.tex","木工師","木工師",7,,False,0,92,"マスターズメンド","マスターズメンド","マスターズメンド","マスターズメンド","マスターズメンド","マスターズメンド","マスターズメンド","マスターズメンド"
100004,"中級加工","耐久を消費して、品質を上げる。
効率：125
成功率：80％","craft/action_carefully","craft/action_carefully_sub","ui/icon/001000/001516.tex","木工師","木工師",18,,False,0,32,"中級加工","中級加工","中級加工","中級加工","中級加工","中級加工","中級加工","中級加工"
100005,"マスターズメンドII","耐久を60回復する。","craft/buff","craft/buff_sub","ui/icon/001000/001520.tex","木工師","木工師",25,,False,0,160,"マスターズメンドII","マスターズメンドII","マスターズメンドII","マスターズメンドII","マスターズメンドII","マスターズメンドII","マスターズメンドII","マスターズメンドII"
100006,"ブランド・オブ・ウィンド","耐久を消費して、作業を進める。
風属性レシピの場合は効率が2倍。
効率：100（200）
成功率：90％","craft/action_normal","craft/action_normal_sub","ui/icon/001000/001509.tex","木工師","クラフター",37,,False,0,6,"ブランド・オブ・ウィンド","ブランド・オブ・ウィンド","ブランド・オブ・ウィンド","ブランド・オブ・ウィンド","ブランド・オブ・ウィンド","ブランド・オブ・ウィンド","ブランド・オブ・ウィンド","ブランド・オブ・ウィンド"
100007,"中級作業","耐久を消費して、作業を進める。
効率：150
成功率：90％","craft/action_normal","craft/action_normal_sub","ui/icon/001000/001515.tex","木工師","木工師",31,,False,0,15,"中級作業","中級作業","中級作業","中級作業","中級作業","中級作業","中級作業","中級作業"
100008,"上級加工","耐久を消費して、品質を上げる。
効率：150
成功率：90％","craft/action_carefully","craft/action_carefully_sub","ui/icon/001000/001517.tex","木工師","木工師",43,,False,0,48,"上級加工","上級加工","上級加工","上級加工","上級加工","上級加工","上級加工","上級加工"
100009,"ビエルゴの祝福","耐久を消費して品質を上げる。 
「インナークワイエット」でステータス上昇した回数につき効率が20上昇する。 
使用後に「インナークワイエット」の効果は終了する。 
効率：100（100～）
成功率：90％","craft/action_carefully","craft/action_carefully_sub","ui/icon/001000/001521.tex","木工師","クラフター",50,,False,0,24,"ビエルゴの祝福","ビエルゴの祝福","ビエルゴの祝福","ビエルゴの祝福","ビエルゴの祝福","ビエルゴの祝福","ビエルゴの祝福","ビエルゴの祝福"
100010,"経過観察","1ターン何もせずに見守る。","craft/buff","craft/buff_sub","ui/icon/001000/001518.tex","木工師","木工師",13,,False,0,7,"経過観察","経過観察","経過観察","経過観察","経過観察","経過観察","経過観察","経過観察"
100011,"","","","","ui/icon/000000/000000.tex","すっぴん士","",0,,False,0,0,,,,,,,,
100012,"","","","","ui/icon/000000/000000.tex","すっぴん士","",0,,False,0,0,,,,,,,,
100013,"","","","","ui/icon/000000/000000.tex","すっぴん士","",0,,False,0,0,,,,,,,,
100014,"","","","","ui/icon/000000/000000.tex","すっぴん士","",0,,False,0,0,,,,,,,,
100015,"作業","耐久を消費して、作業を進める。
効率：100
成功率：90％","craft/action_normal","craft/action_normal_sub","ui/icon/001000/001551.tex","鍛冶師","鍛冶師",1,,False,0,0,"作業","作業","作業","作業","作業","作業","作業","作業"
100016,"加工","耐久を消費して、品質を上げる。
効率：100
成功率：70％","craft/action_carefully","craft/action_carefully_sub","ui/icon/001000/001552.tex","鍛冶師","鍛冶師",5,,False,0,18,"加工","加工","加工","加工","加工","加工","加工","加工"
100017,"マスターズメンド","耐久を30回復する。","craft/buff","craft/buff_sub","ui/icon/001000/001557.tex","鍛冶師","鍛冶師",7,,False,0,92,"マスターズメンド","マスターズメンド","マスターズメンド","マスターズメンド","マスターズメンド","マスターズメンド","マスターズメンド","マスターズメンド"
100018,"中級加工","耐久を消費して、品質を上げる。
効率：125
成功率：80％","craft/action_carefully","craft/action_carefully_sub","ui/icon/001000/001566.tex","鍛冶師","鍛冶師",18,,False,0,32,"中級加工","中級加工","中級加工","中級加工","中級加工","中級加工","中級加工","中級加工"
100019,"マスターズメンドII","耐久を60回復する。","craft/buff","craft/buff_sub","ui/icon/001000/001570.tex","鍛冶師","鍛冶師",25,,False,0,160,"マスターズメンドII","マスターズメンドII","マスターズメンドII","マスターズメンドII","マスターズメンドII","マスターズメンドII","マスターズメンドII","マスターズメンドII"
100020,"ブランド・オブ・ファイア","耐久を消費して、作業を進める。
火属性レシピの場合は効率が2倍。
効率：100（200）
成功率：90％","craft/action_normal","craft/action_normal_sub","ui/icon/001000/001559.tex","鍛冶師","クラフター",37,,False,0,6,"ブランド・オブ・ファイア","ブランド・オブ・ファイア","ブランド・オブ・ファイア","ブランド・オブ・ファイア","ブランド・オブ・ファイア","ブランド・オブ・ファイア","ブランド・オブ・ファイア","ブランド・オブ・ファイア"
100021,"中級作業","耐久を消費して、作業を進める。
効率：150
成功率：90％","craft/action_normal","craft/action_normal_sub","ui/icon/001000/001565.tex","鍛冶師","鍛冶師",31,,False,0,15,"中級作業","中級作業","中級作業","中級作業","中級作業","中級作業","中級作業","中級作業"
100022,"上級加工","耐久を消費して、品質を上げる。
効率：150
成功率：90％","craft/action_carefully","craft/action_carefully_sub","ui/icon/001000/001567.tex","鍛冶師","鍛冶師",43,,False,0,48,"上級加工","上級加工","上級加工","上級加工","上級加工","上級加工","上級加工","上級加工"
100023,"経過観察","1ターン何もせずに見守る。","craft/buff","craft/buff_sub","ui/icon/001000/001568.tex","鍛冶師","鍛冶師",13,,False,0,7,"経過観察","経過観察","経過観察","経過観察","経過観察","経過観察","経過観察","経過観察"
100024,"","","","","ui/icon/000000/000000.tex","すっぴん士","",0,,False,0,0,,,,,,,,
100025,"","","","","ui/icon/000000/000000.tex","すっぴん士","",0,,False,0,0,,,,,,,,
100026,"","","","","ui/icon/000000/000000.tex","すっぴん士","",0,,False,0,0,,,,,,,,
100027,"","","","","ui/icon/000000/000000.tex","すっぴん士","",0,,False,0,0,,,,,,,,
100028,"","","","","ui/icon/000000/000000.tex","すっぴん士","",0,,False,0,0,,,,,,,,
100029,"","","","","ui/icon/000000/000000.tex","すっぴん士","",0,,False,0,0,,,,,,,,
100030,"作業","耐久を消費して、作業を進める。
効率：100
成功率：90％","craft/action_normal","craft/action_normal_sub","ui/icon/001000/001601.tex","甲冑師","甲冑師",1,,False,0,0,"作業","作業","作業","作業","作業","作業","作業","作業"
100031,"加工","耐久を消費して、品質を上げる。
効率：100
成功率：70％","craft/action_carefully","craft/action_carefully_sub","ui/icon/001000/001602.tex","甲冑師","甲冑師",5,,False,0,18,"加工","加工","加工","加工","加工","加工","加工","加工"
100032,"マスターズメンド","耐久を30回復する。","craft/buff","craft/buff_sub","ui/icon/001000/001607.tex","甲冑師","甲冑師",7,,False,0,92,"マスターズメンド","マスターズメンド","マスターズメンド","マスターズメンド","マスターズメンド","マスターズメンド","マスターズメンド","マスターズメンド"
100033,"突貫作業","耐久を消費して、作業を進める。
効率：250
成功率：50％","craft/action_fearlessly","craft/action_fearlessly_sub","ui/icon/001000/001619.tex","甲冑師","クラフター",15,,False,0,0,"突貫作業","突貫作業","突貫作業","突貫作業","突貫作業","突貫作業","突貫作業","突貫作業"
100034,"中級加工","耐久を消費して、品質を上げる。
効率：125
成功率：80％","craft/action_carefully","craft/action_carefully_sub","ui/icon/001000/001616.tex","甲冑師","甲冑師",18,,False,0,32,"中級加工","中級加工","中級加工","中級加工","中級加工","中級加工","中級加工","中級加工"
100035,"マスターズメンドII","耐久を60回復する。","craft/buff","craft/buff_sub","ui/icon/001000/001621.tex","甲冑師","甲冑師",25,,False,0,160,"マスターズメンドII","マスターズメンドII","マスターズメンドII","マスターズメンドII","マスターズメンドII","マスターズメンドII","マスターズメンドII","マスターズメンドII"
100036,"ブランド・オブ・アイス","耐久を消費して、作業を進める。
氷属性レシピの場合は効率が2倍。
効率：100（200）
成功率：90％","craft/action_normal","craft/action_normal_sub","ui/icon/001000/001609.tex","甲冑師","クラフター",37,,False,0,6,"ブランド・オブ・アイス","ブランド・オブ・アイス","ブランド・オブ・アイス","ブランド・オブ・アイス","ブランド・オブ・アイス","ブランド・オブ・アイス","ブランド・オブ・アイス","ブランド・オブ・アイス"
100037,"中級作業","耐久を消費して、作業を進める。
効率：150
成功率：90％","craft/action_normal","craft/action_normal_sub","ui/icon/001000/001615.tex","甲冑師","甲冑師",31,,False,0,15,"中級作業","中級作業","中級作業","中級作業","中級作業","中級作業","中級作業","中級作業"
100038,"上級加工","耐久を消費して、品質を上げる。
効率：150
成功率：90％","craft/action_carefully","craft/action_carefully_sub","ui/icon/001000/001617.tex","甲冑師","甲冑師",43,,False,0,48,"上級加工","上級加工","上級加工","上級加工","上級加工","上級加工","上級加工","上級加工"
100039,"ピース・バイ・ピース","耐久を消費して、残り工数の1/3程度作業を進める。 
成功率：90％","craft/action_normal","craft/action_normal_sub","ui/icon/001000/001622.tex","甲冑師","クラフター",50,,False,0,15,"ピース・バイ・ピース","ピース・バイ・ピース","ピース・バイ・ピース","ピース・バイ・ピース","ピース・バイ・ピース","ピース・バイ・ピース","ピース・バイ・ピース","ピース・バイ・ピース"
100040,"経過観察","1ターン何もせずに見守る。","craft/buff","craft/buff_sub","ui/icon/001000/001618.tex","甲冑師","甲冑師",13,,False,0,7,"経過観察","経過観察","経過観察","経過観察","経過観察","経過観察","経過観察","経過観察"
100041,"","","","","ui/icon/000000/000000.tex","すっぴん士","",0,,False,0,0,,,,,,,,
100042,"","","","","ui/icon/000000/000000.tex","すっぴん士","",0,,False,0,0,,,,,,,,
100043,"","","","","ui/icon/000000/000000.tex","すっぴん士","",0,,False,0,0,,,,,,,,
100044,"","","","","ui/icon/000000/000000.tex","すっぴん士","",0,,False,0,0,,,,,,,,
100045,"作業","耐久を消費して、作業を進める。
効率：100
成功率：90％","craft/action_normal","craft/action_normal_sub","ui/icon/001000/001701.tex","革細工師","革細工師",1,,False,0,0,"作業","作業","作業","作業","作業","作業","作業","作業"
100046,"加工","耐久を消費して、品質を上げる。
効率：100
成功率：70％","craft/action_carefully","craft/action_carefully_sub","ui/icon/001000/001702.tex","革細工師","革細工師",5,,False,0,18,"加工","加工","加工","加工","加工","加工","加工","加工"
100047,"マスターズメンド","耐久を30回復する。","craft/buff","craft/buff_sub","ui/icon/001000/001707.tex","革細工師","革細工師",7,,False,0,92,"マスターズメンド","マスターズメンド","マスターズメンド","マスターズメンド","マスターズメンド","マスターズメンド","マスターズメンド","マスターズメンド"
100048,"中級加工","耐久を消費して、品質を上げる。
効率：125
成功率：80％","craft/action_carefully","craft/action_carefully_sub","ui/icon/001000/001716.tex","革細工師","革細工師",18,,False,0,32,"中級加工","中級加工","中級加工","中級加工","中級加工","中級加工","中級加工","中級加工"
100049,"マスターズメンドII","耐久を60回復する。","craft/buff","craft/buff_sub","ui/icon/001000/001720.tex","革細工師","革細工師",25,,False,0,160,"マスターズメンドII","マスターズメンドII","マスターズメンドII","マスターズメンドII","マスターズメンドII","マスターズメンドII","マスターズメンドII","マスターズメンドII"
100050,"ブランド・オブ・アース","耐久を消費して、作業を進める。
土属性レシピの場合は効率が2倍。
効率：100（200）
成功率：90％","craft/action_normal","craft/action_normal_sub","ui/icon/001000/001709.tex","革細工師","クラフター",37,,False,0,6,"ブランド・オブ・アース","ブランド・オブ・アース","ブランド・オブ・アース","ブランド・オブ・アース","ブランド・オブ・アース","ブランド・オブ・アース","ブランド・オブ・アース","ブランド・オブ・アース"
100051,"中級作業","耐久を消費して、作業を進める。
効率：150
成功率：90％","craft/action_normal","craft/action_normal_sub","ui/icon/001000/001715.tex","革細工師","革細工師",31,,False,0,15,"中級作業","中級作業","中級作業","中級作業","中級作業","中級作業","中級作業","中級作業"
100052,"上級加工","耐久を消費して、品質を上げる。
効率：150
成功率：90％","craft/action_carefully","craft/action_carefully_sub","ui/icon/001000/001717.tex","革細工師","革細工師",43,,False,0,48,"上級加工","上級加工","上級加工","上級加工","上級加工","上級加工","上級加工","上級加工"
100053,"経過観察","1ターン何もせずに見守る。","craft/buff","craft/buff_sub","ui/icon/001000/001718.tex","革細工師","革細工師",13,,False,0,7,"経過観察","経過観察","経過観察","経過観察","経過観察","経過観察","経過観察","経過観察"
100054,"","","","","ui/icon/000000/000000.tex","すっぴん士","",0,,False,0,0,,,,,,,,
100055,"","","","","ui/icon/000000/000000.tex","すっぴん士","",0,,False,0,0,,,,,,,,
100056,"","","","","ui/icon/000000/000000.tex","すっぴん士","",0,,False,0,0,,,,,,,,
100057,"","","","","ui/icon/000000/000000.tex","すっぴん士","",0,,False,0,0,,,,,,,,
100058,"","","","","ui/icon/000000/000000.tex","すっぴん士","",0,,False,0,0,,,,,,,,
100059,"","","","","ui/icon/000000/000000.tex","すっぴん士","",0,,False,0,0,,,,,,,,
100060,"作業","耐久を消費して、作業を進める。
効率：100
成功率：90％","craft/action_normal","craft/action_normal_sub","ui/icon/001000/001751.tex","裁縫師","裁縫師",1,,False,0,0,"作業","作業","作業","作業","作業","作業","作業","作業"
100061,"加工","耐久を消費して、品質を上げる。
効率：100
成功率：70％","craft/action_carefully","craft/action_carefully_sub","ui/icon/001000/001752.tex","裁縫師","裁縫師",5,,False,0,18,"加工","加工","加工","加工","加工","加工","加工","加工"
100062,"マスターズメンド","耐久を30回復する。","craft/buff","craft/buff_sub","ui/icon/001000/001757.tex","裁縫師","裁縫師",7,,False,0,92,"マスターズメンド","マスターズメンド","マスターズメンド","マスターズメンド","マスターズメンド","マスターズメンド","マスターズメンド","マスターズメンド"
100063,"模範作業","耐久を消費して、作業を進める。
確実に成功する。 
効率：90
成功率：100％","craft/action_carefully","craft/action_carefully_sub","ui/icon/001000/001768.tex","裁縫師","クラフター",15,,False,0,0,"模範作業","模範作業","模範作業","模範作業","模範作業","模範作業","模範作業","模範作業"
100064,"中級加工","耐久を消費して、品質を上げる。
効率：125
成功率：80％","craft/action_carefully","craft/action_carefully_sub","ui/icon/001000/001765.tex","裁縫師","裁縫師",18,,False,0,32,"中級加工","中級加工","中級加工","中級加工","中級加工","中級加工","中級加工","中級加工"
100065,"マスターズメンドII","耐久を60回復する。","craft/buff","craft/buff_sub","ui/icon/001000/001770.tex","裁縫師","裁縫師",25,,False,0,160,"マスターズメンドII","マスターズメンドII","マスターズメンドII","マスターズメンドII","マスターズメンドII","マスターズメンドII","マスターズメンドII","マスターズメンドII"
100066,"ブランド・オブ・ライトニング","耐久を消費して、作業を進める。
雷属性レシピの場合は効率が2倍。
効率：100（200）
成功率：90％","craft/action_normal","craft/action_normal_sub","ui/icon/001000/001758.tex","裁縫師","クラフター",37,,False,0,6,"ブランド・オブ・ライトニング","ブランド・オブ・ライトニング","ブランド・オブ・ライトニング","ブランド・オブ・ライトニング","ブランド・オブ・ライトニング","ブランド・オブ・ライトニング","ブランド・オブ・ライトニング","ブランド・オブ・ライトニング"
100067,"中級作業","耐久を消費して、作業を進める。
効率：150
成功率：90％","craft/action_normal","craft/action_normal_sub","ui/icon/001000/001764.tex","裁縫師","裁縫師",31,,False,0,15,"中級作業","中級作業","中級作業","中級作業","中級作業","中級作業","中級作業","中級作業"
100068,"上級加工","耐久を消費して、品質を上げる。
効率：150
成功率：90％","craft/action_carefully","craft/action_carefully_sub","ui/icon/001000/001766.tex","裁縫師","裁縫師",43,,False,0,48,"上級加工","上級加工","上級加工","上級加工","上級加工","上級加工","上級加工","上級加工"
100069,"模範作業II","耐久を消費して、作業を進める。
確実に成功する。 
効率：120
成功率：100％","craft/action_carefully","craft/action_carefully_sub","ui/icon/001000/001771.tex","裁縫師","クラフター",50,,False,0,0,"模範作業II","模範作業II","模範作業II","模範作業II","模範作業II","模範作業II","模範作業II","模範作業II"
100070,"経過観察","1ターン何もせずに見守る。","craft/buff","craft/buff_sub","ui/icon/001000/001767.tex","裁縫師","裁縫師",13,,False,0,7,"経過観察","経過観察","経過観察","経過観察","経過観察","経過観察","経過観察","経過観察"
100071,"","","","","ui/icon/000000/000000.tex","すっぴん士","",0,,False,0,0,,,,,,,,
100072,"","","","","ui/icon/000000/000000.tex","すっぴん士","",0,,False,0,0,,,,,,,,
100073,"","","","","ui/icon/000000/000000.tex","すっぴん士","",0,,False,0,0,,,,,,,,
100074,"","","","","ui/icon/000000/000000.tex","すっぴん士","",0,,False,0,0,,,,,,,,
100075,"作業","耐久を消費して、作業を進める。
効率：100
成功率：90％","craft/action_normal","craft/action_normal_sub","ui/icon/001000/001651.tex","彫金師","彫金師",1,,False,0,0,"作業","作業","作業","作業","作業","作業","作業","作業"
100076,"加工","耐久を消費して、品質を上げる。
効率：100
成功率：70％","craft/action_carefully","craft/action_carefully_sub","ui/icon/001000/001652.tex","彫金師","彫金師",5,,False,0,18,"加工","加工","加工","加工","加工","加工","加工","加工"
100077,"マスターズメンド","耐久を30回復する。","craft/buff","craft/buff_sub","ui/icon/001000/001657.tex","彫金師","彫金師",7,,False,0,92,"マスターズメンド","マスターズメンド","マスターズメンド","マスターズメンド","マスターズメンド","マスターズメンド","マスターズメンド","マスターズメンド"
100078,"中級加工","耐久を消費して、品質を上げる。
効率：125
成功率：80％","craft/action_carefully","craft/action_carefully_sub","ui/icon/001000/001665.tex","彫金師","彫金師",18,,False,0,32,"中級加工","中級加工","中級加工","中級加工","中級加工","中級加工","中級加工","中級加工"
100079,"マスターズメンドII","耐久を60回復する。","craft/buff","craft/buff_sub","ui/icon/001000/001670.tex","彫金師","彫金師",25,,False,0,160,"マスターズメンドII","マスターズメンドII","マスターズメンドII","マスターズメンドII","マスターズメンドII","マスターズメンドII","マスターズメンドII","マスターズメンドII"
100080,"中級作業","耐久を消費して、作業を進める。
効率：150
成功率：90％","craft/action_normal","craft/action_normal_sub","ui/icon/001000/001664.tex","彫金師","彫金師",31,,False,0,15,"中級作業","中級作業","中級作業","中級作業","中級作業","中級作業","中級作業","中級作業"
100081,"上級加工","耐久を消費して、品質を上げる。
効率：150
成功率：90％","craft/action_carefully","craft/action_carefully_sub","ui/icon/001000/001666.tex","彫金師","彫金師",43,,False,0,48,"上級加工","上級加工","上級加工","上級加工","上級加工","上級加工","上級加工","上級加工"
100082,"経過観察","1ターン何もせずに見守る。","craft/buff","craft/buff_sub","ui/icon/001000/001667.tex","彫金師","彫金師",13,,False,0,7,"経過観察","経過観察","経過観察","経過観察","経過観察","経過観察","経過観察","経過観察"
100083,"堅実作業","耐久を消費して、作業を40だけ進める。
成功率：90％","craft/action_normal","craft/action_normal_sub","ui/icon/001000/001673.tex","彫金師","クラフター",37,,False,0,15,"堅実作業","堅実作業","堅実作業","堅実作業","堅実作業","堅実作業","堅実作業","堅実作業"
100084,"","","","","ui/icon/000000/000000.tex","すっぴん士","",0,,False,0,0,,,,,,,,
100085,"","","","","ui/icon/000000/000000.tex","すっぴん士","",0,,False,0,0,,,,,,,,
100086,"","","","","ui/icon/000000/000000.tex","すっぴん士","",0,,False,0,0,,,,,,,,
100087,"","","","","ui/icon/000000/000000.tex","すっぴん士","",0,,False,0,0,,,,,,,,
100088,"","","","","ui/icon/000000/000000.tex","すっぴん士","",0,,False,0,0,,,,,,,,
100089,"","","","","ui/icon/000000/000000.tex","すっぴん士","",0,,False,0,0,,,,,,,,
100090,"作業","耐久を消費して、作業を進める。
効率：100
成功率：90％","craft/action_normal","craft/action_normal_sub","ui/icon/001000/001801.tex","錬金術師","錬金術師",1,,False,0,0,"作業","作業","作業","作業","作業","作業","作業","作業"
100091,"加工","耐久を消費して、品質を上げる。
効率：100
成功率：70％","craft/action_carefully","craft/action_carefully_sub","ui/icon/001000/001802.tex","錬金術師","錬金術師",5,,False,0,18,"加工","加工","加工","加工","加工","加工","加工","加工"
100092,"マスターズメンド","耐久を30回復する。","craft/buff","craft/buff_sub","ui/icon/001000/001807.tex","錬金術師","錬金術師",7,,False,0,92,"マスターズメンド","マスターズメンド","マスターズメンド","マスターズメンド","マスターズメンド","マスターズメンド","マスターズメンド","マスターズメンド"
100093,"中級加工","耐久を消費して、品質を上げる。
効率：125
成功率：80％","craft/action_carefully","craft/action_carefully_sub","ui/icon/001000/001816.tex","錬金術師","錬金術師",18,,False,0,32,"中級加工","中級加工","中級加工","中級加工","中級加工","中級加工","中級加工","中級加工"
100094,"マスターズメンドII","耐久を60回復する。","craft/buff","craft/buff_sub","ui/icon/001000/001821.tex","錬金術師","錬金術師",25,,False,0,160,"マスターズメンドII","マスターズメンドII","マスターズメンドII","マスターズメンドII","マスターズメンドII","マスターズメンドII","マスターズメンドII","マスターズメンドII"
100095,"ブランド・オブ・ウォーター","耐久を消費して、作業を進める。
水属性レシピの場合は効率が2倍。
効率：100（200）
成功率：90％","craft/action_normal","craft/action_normal_sub","ui/icon/001000/001809.tex","錬金術師","クラフター",37,,False,0,6,"ブランド・オブ・ウォーター","ブランド・オブ・ウォーター","ブランド・オブ・ウォーター","ブランド・オブ・ウォーター","ブランド・オブ・ウォーター","ブランド・オブ・ウォーター","ブランド・オブ・ウォーター","ブランド・オブ・ウォーター"
100096,"中級作業","耐久を消費して、作業を進める。
効率：150
成功率：90％","craft/action_normal","craft/action_normal_sub","ui/icon/001000/001815.tex","錬金術師","錬金術師",31,,False,0,15,"中級作業","中級作業","中級作業","中級作業","中級作業","中級作業","中級作業","中級作業"
100097,"上級加工","耐久を消費して、品質を上げる。
効率：150
成功率：90％","craft/action_carefully","craft/action_carefully_sub","ui/icon/001000/001817.tex","錬金術師","錬金術師",43,,False,0,48,"上級加工","上級加工","上級加工","上級加工","上級加工","上級加工","上級加工","上級加工"
100098,"秘訣","<UIForeground>F201F4</UIForeground><UIGlow>F201F5</UIGlow>状態が「高品質」以上の時にのみ使用可能。<UIGlow>01</UIGlow><UIForeground>01</UIForeground>
CPが20回復する。","craft/buff","craft/buff_sub","ui/icon/001000/001819.tex","錬金術師","クラフター",15,,False,0,0,"秘訣","秘訣","秘訣","秘訣","秘訣","秘訣","秘訣","秘訣"
100099,"経過観察","1ターン何もせずに見守る。","craft/buff","craft/buff_sub","ui/icon/001000/001818.tex","錬金術師","錬金術師",13,,False,0,7,"経過観察","経過観察","経過観察","経過観察","経過観察","経過観察","経過観察","経過観察"
100100,"","","","","ui/icon/000000/000000.tex","すっぴん士","",0,,False,0,0,,,,,,,,
100101,"","","","","ui/icon/000000/000000.tex","すっぴん士","",0,,False,0,0,,,,,,,,
100102,"","","","","ui/icon/000000/000000.tex","すっぴん士","",0,,False,0,0,,,,,,,,
100103,"","","","","ui/icon/000000/000000.tex","すっぴん士","",0,,False,0,0,,,,,,,,
100104,"","","","","ui/icon/000000/000000.tex","すっぴん士","",0,,False,0,0,,,,,,,,
100105,"作業","耐久を消費して、作業を進める。
効率：100
成功率：90％","craft/action_normal","craft/action_normal_sub","ui/icon/001000/001851.tex","調理師","調理師",1,,False,0,0,"作業","作業","作業","作業","作業","作業","作業","作業"
100106,"加工","耐久を消費して、品質を上げる。
効率：100
成功率：70％","craft/action_carefully","craft/action_carefully_sub","ui/icon/001000/001852.tex","調理師","調理師",5,,False,0,18,"加工","加工","加工","加工","加工","加工","加工","加工"
100107,"マスターズメンド","耐久を30回復する。","craft/buff","craft/buff_sub","ui/icon/001000/001857.tex","調理師","調理師",7,,False,0,92,"マスターズメンド","マスターズメンド","マスターズメンド","マスターズメンド","マスターズメンド","マスターズメンド","マスターズメンド","マスターズメンド"
100108,"ヘイスティタッチ","耐久を消費して、品質を上げる。CPを消費しないが成功率が低い。
効率：100
成功率：50％","craft/action_fearlessly","craft/action_fearlessly_sub","ui/icon/001000/001868.tex","調理師","クラフター",15,,False,0,0,"ヘイスティタッチ","ヘイスティタッチ","ヘイスティタッチ","ヘイスティタッチ","ヘイスティタッチ","ヘイスティタッチ","ヘイスティタッチ","ヘイスティタッチ"
100109,"中級加工","耐久を消費して、品質を上げる。
効率：125
成功率：80％","craft/action_carefully","craft/action_carefully_sub","ui/icon/001000/001865.tex","調理師","調理師",18,,False,0,32,"中級加工","中級加工","中級加工","中級加工","中級加工","中級加工","中級加工","中級加工"
100110,"マスターズメンドII","耐久を60回復する。","craft/buff","craft/buff_sub","ui/icon/001000/001870.tex","調理師","調理師",25,,False,0,160,"マスターズメンドII","マスターズメンドII","マスターズメンドII","マスターズメンドII","マスターズメンドII","マスターズメンドII","マスターズメンドII","マスターズメンドII"
100111,"中級作業","耐久を消費して、作業を進める。
効率：150
成功率：90％","craft/action_normal","craft/action_normal_sub","ui/icon/001000/001864.tex","調理師","調理師",31,,False,0,15,"中級作業","中級作業","中級作業","中級作業","中級作業","中級作業","中級作業","中級作業"
100112,"上級加工","耐久を消費して、品質を上げる。
効率：150
成功率：90％","craft/action_carefully","craft/action_carefully_sub","ui/icon/001000/001866.tex","調理師","調理師",43,,False,0,48,"上級加工","上級加工","上級加工","上級加工","上級加工","上級加工","上級加工","上級加工"
100113,"経過観察","1ターン何もせずに見守る。","craft/buff","craft/buff_sub","ui/icon/001000/001867.tex","調理師","調理師",13,,False,0,7,"経過観察","経過観察","経過観察","経過観察","経過観察","経過観察","経過観察","経過観察"
100114,"","","","","ui/icon/000000/000000.tex","すっぴん士","",0,,False,0,0,,,,,,,,
100115,"","","","","ui/icon/000000/000000.tex","すっぴん士","",0,,False,0,0,,,,,,,,
100116,"","","","","ui/icon/000000/000000.tex","すっぴん士","",0,,False,0,0,,,,,,,,
100117,"","","","","ui/icon/000000/000000.tex","すっぴん士","",0,,False,0,0,,,,,,,,
100118,"","","","","ui/icon/000000/000000.tex","すっぴん士","",0,,False,0,0,,,,,,,,
100119,"","","","","ui/icon/000000/000000.tex","すっぴん士","",0,,False,0,0,,,,,,,,
100120,"ビエルゴの技巧","耐久を消費して、品質を上げる。
「インナークワイエット」でステータス上昇した回数につき効率が10上昇する。
使用後に「インナークワイエット」の効果は終了する。
効率：150（150～）
成功率：70％
<UIForeground>F201F8</UIForeground><UIGlow>F201F9</UIGlow>マイスター時：<UIGlow>01</UIGlow><UIForeground>01</UIForeground>必ず成功する
","craft/action_carefully","craft/action_carefully_sub","ui/icon/001000/001523.tex","木工師","木工師",51,,False,0,18,"ビエルゴの技巧","ビエルゴの技巧","ビエルゴの技巧","ビエルゴの技巧","ビエルゴの技巧","ビエルゴの技巧","ビエルゴの技巧","ビエルゴの技巧"
100121,"ビエルゴの技巧","耐久を消費して、品質を上げる。
「インナークワイエット」でステータス上昇した回数につき効率が10上昇する。
使用後に「インナークワイエット」の効果は終了する。
効率：150（150～）
成功率：70％
<UIForeground>F201F8</UIForeground><UIGlow>F201F9</UIGlow>マイスター時：<UIGlow>01</UIGlow><UIForeground>01</UIForeground>必ず成功する
","craft/action_carefully","craft/action_carefully_sub","ui/icon/001000/001573.tex","鍛冶師","鍛冶師",51,,False,0,18,"ビエルゴの技巧","ビエルゴの技巧","ビエルゴの技巧","ビエルゴの技巧","ビエルゴの技巧","ビエルゴの技巧","ビエルゴの技巧","ビエルゴの技巧"
100122,"ビエルゴの技巧","耐久を消費して、品質を上げる。
「インナークワイエット」でステータス上昇した回数につき効率が10上昇する。
使用後に「インナークワイエット」の効果は終了する。
効率：150（150～）
成功率：70％
<UIForeground>F201F8</UIForeground><UIGlow>F201F9</UIGlow>マイスター時：<UIGlow>01</UIGlow><UIForeground>01</UIForeground>必ず成功する
","craft/action_carefully","craft/action_carefully_sub","ui/icon/001000/001624.tex","甲冑師","甲冑師",51,,False,0,18,"ビエルゴの技巧","ビエルゴの技巧","ビエルゴの技巧","ビエルゴの技巧","ビエルゴの技巧","ビエルゴの技巧","ビエルゴの技巧","ビエルゴの技巧"
100123,"ビエルゴの技巧","耐久を消費して、品質を上げる。
「インナークワイエット」でステータス上昇した回数につき効率が10上昇する。
使用後に「インナークワイエット」の効果は終了する。
効率：150（150～）
成功率：70％
<UIForeground>F201F8</UIForeground><UIGlow>F201F9</UIGlow>マイスター時：<UIGlow>01</UIGlow><UIForeground>01</UIForeground>必ず成功する
","craft/action_carefully","craft/action_carefully_sub","ui/icon/001000/001675.tex","彫金師","彫金師",51,,False,0,18,"ビエルゴの技巧","ビエルゴの技巧","ビエルゴの技巧","ビエルゴの技巧","ビエルゴの技巧","ビエルゴの技巧","ビエルゴの技巧","ビエルゴの技巧"
100124,"ビエルゴの技巧","耐久を消費して、品質を上げる。
「インナークワイエット」でステータス上昇した回数につき効率が10上昇する。
使用後に「インナークワイエット」の効果は終了する。
効率：150（150～）
成功率：70％
<UIForeground>F201F8</UIForeground><UIGlow>F201F9</UIGlow>マイスター時：<UIGlow>01</UIGlow><UIForeground>01</UIForeground>必ず成功する
","craft/action_carefully","craft/action_carefully_sub","ui/icon/001000/001723.tex","革細工師","革細工師",51,,False,0,18,"ビエルゴの技巧","ビエルゴの技巧","ビエルゴの技巧","ビエルゴの技巧","ビエルゴの技巧","ビエルゴの技巧","ビエルゴの技巧","ビエルゴの技巧"
100125,"ビエルゴの技巧","耐久を消費して、品質を上げる。
「インナークワイエット」でステータス上昇した回数につき効率が10上昇する。
使用後に「インナークワイエット」の効果は終了する。
効率：150（150～）
成功率：70％
<UIForeground>F201F8</UIForeground><UIGlow>F201F9</UIGlow>マイスター時：<UIGlow>01</UIGlow><UIForeground>01</UIForeground>必ず成功する
","craft/action_carefully","craft/action_carefully_sub","ui/icon/001000/001773.tex","裁縫師","裁縫師",51,,False,0,18,"ビエルゴの技巧","ビエルゴの技巧","ビエルゴの技巧","ビエルゴの技巧","ビエルゴの技巧","ビエルゴの技巧","ビエルゴの技巧","ビエルゴの技巧"
100126,"ビエルゴの技巧","耐久を消費して、品質を上げる。
「インナークワイエット」でステータス上昇した回数につき効率が10上昇する。
使用後に「インナークワイエット」の効果は終了する。
効率：150（150～）
成功率：70％
<UIForeground>F201F8</UIForeground><UIGlow>F201F9</UIGlow>マイスター時：<UIGlow>01</UIGlow><UIForeground>01</UIForeground>必ず成功する
","craft/action_carefully","craft/action_carefully_sub","ui/icon/001000/001824.tex","錬金術師","錬金術師",51,,False,0,18,"ビエルゴの技巧","ビエルゴの技巧","ビエルゴの技巧","ビエルゴの技巧","ビエルゴの技巧","ビエルゴの技巧","ビエルゴの技巧","ビエルゴの技巧"
100127,"ビエルゴの技巧","耐久を消費して、品質を上げる。
「インナークワイエット」でステータス上昇した回数につき効率が10上昇する。
使用後に「インナークワイエット」の効果は終了する。
効率：150（150～）
成功率：70％
<UIForeground>F201F8</UIForeground><UIGlow>F201F9</UIGlow>マイスター時：<UIGlow>01</UIGlow><UIForeground>01</UIForeground>必ず成功する
","craft/action_carefully","craft/action_carefully_sub","ui/icon/001000/001874.tex","調理師","調理師",51,,False,0,18,"ビエルゴの技巧","ビエルゴの技巧","ビエルゴの技巧","ビエルゴの技巧","ビエルゴの技巧","ビエルゴの技巧","ビエルゴの技巧","ビエルゴの技巧"
100128,"集中加工","<UIForeground>F201F4</UIForeground><UIGlow>F201F5</UIGlow>状態が「高品質」以上の時にのみ使用可能。<UIGlow>01</UIGlow><UIForeground>01</UIForeground>
耐久を消費して、品質を上げる。
追加効果：「インナークワイエット」のスタック数+1（最大11）
効率：100
成功率：70％","craft/action_carefully","craft/action_carefully_sub","ui/icon/001000/001524.tex","木工師","木工師",53,,False,0,18,"集中加工","集中加工","集中加工","集中加工","集中加工","集中加工","集中加工","集中加工"
100129,"集中加工","<UIForeground>F201F4</UIForeground><UIGlow>F201F5</UIGlow>状態が「高品質」以上の時にのみ使用可能。<UIGlow>01</UIGlow><UIForeground>01</UIForeground>
耐久を消費して、品質を上げる。
追加効果：「インナークワイエット」のスタック数+1（最大11）
効率：100
成功率：70％","craft/action_carefully","craft/action_carefully_sub","ui/icon/001000/001574.tex","鍛冶師","鍛冶師",53,,False,0,18,"集中加工","集中加工","集中加工","集中加工","集中加工","集中加工","集中加工","集中加工"
100130,"集中加工","<UIForeground>F201F4</UIForeground><UIGlow>F201F5</UIGlow>状態が「高品質」以上の時にのみ使用可能。<UIGlow>01</UIGlow><UIForeground>01</UIForeground>
耐久を消費して、品質を上げる。
追加効果：「インナークワイエット」のスタック数+1（最大11）
効率：100
成功率：70％","craft/action_carefully","craft/action_carefully_sub","ui/icon/001000/001625.tex","甲冑師","甲冑師",53,,False,0,18,"集中加工","集中加工","集中加工","集中加工","集中加工","集中加工","集中加工","集中加工"
100131,"集中加工","<UIForeground>F201F4</UIForeground><UIGlow>F201F5</UIGlow>状態が「高品質」以上の時にのみ使用可能。<UIGlow>01</UIGlow><UIForeground>01</UIForeground>
耐久を消費して、品質を上げる。
追加効果：「インナークワイエット」のスタック数+1（最大11）
効率：100
成功率：70％","craft/action_carefully","craft/action_carefully_sub","ui/icon/001000/001676.tex","彫金師","彫金師",53,,False,0,18,"集中加工","集中加工","集中加工","集中加工","集中加工","集中加工","集中加工","集中加工"
100132,"集中加工","<UIForeground>F201F4</UIForeground><UIGlow>F201F5</UIGlow>状態が「高品質」以上の時にのみ使用可能。<UIGlow>01</UIGlow><UIForeground>01</UIForeground>
耐久を消費して、品質を上げる。
追加効果：「インナークワイエット」のスタック数+1（最大11）
効率：100
成功率：70％","craft/action_carefully","craft/action_carefully_sub","ui/icon/001000/001724.tex","革細工師","革細工師",53,,False,0,18,"集中加工","集中加工","集中加工","集中加工","集中加工","集中加工","集中加工","集中加工"
100133,"集中加工","<UIForeground>F201F4</UIForeground><UIGlow>F201F5</UIGlow>状態が「高品質」以上の時にのみ使用可能。<UIGlow>01</UIGlow><UIForeground>01</UIForeground>
耐久を消費して、品質を上げる。
追加効果：「インナークワイエット」のスタック数+1（最大11）
効率：100
成功率：70％","craft/action_carefully","craft/action_carefully_sub","ui/icon/001000/001774.tex","裁縫師","裁縫師",53,,False,0,18,"集中加工","集中加工","集中加工","集中加工","集中加工","集中加工","集中加工","集中加工"
100134,"集中加工","<UIForeground>F201F4</UIForeground><UIGlow>F201F5</UIGlow>状態が「高品質」以上の時にのみ使用可能。<UIGlow>01</UIGlow><UIForeground>01</UIForeground>
耐久を消費して、品質を上げる。
追加効果：「インナークワイエット」のスタック数+1（最大11）
効率：100
成功率：70％","craft/action_carefully","craft/action_carefully_sub","ui/icon/001000/001825.tex","錬金術師","錬金術師",53,,False,0,18,"集中加工","集中加工","集中加工","集中加工","集中加工","集中加工","集中加工","集中加工"
100135,"集中加工","<UIForeground>F201F4</UIForeground><UIGlow>F201F5</UIGlow>状態が「高品質」以上の時にのみ使用可能。<UIGlow>01</UIGlow><UIForeground>01</UIForeground>
耐久を消費して、品質を上げる。
追加効果：「インナークワイエット」のスタック数+1（最大11）
効率：100
成功率：70％","craft/action_carefully","craft/action_carefully_sub","ui/icon/001000/001875.tex","調理師","調理師",53,,False,0,18,"集中加工","集中加工","集中加工","集中加工","集中加工","集中加工","集中加工","集中加工"
100136,"確信","<UIForeground>F201F4</UIForeground><UIGlow>F201F5</UIGlow>1ターン目のみ使用可能。<UIGlow>01</UIGlow><UIForeground>01</UIForeground>
耐久を消費して、総工数の1/3程度作業を進める。
成功率：100％","craft/action_normal","craft/action_normal_sub","ui/icon/001000/001876.tex","調理師","クラフター",54,,False,0,6,"確信","確信","確信","確信","確信","確信","確信","確信"
100137,"イノベイティブタッチ","<UIForeground>F201F8</UIForeground><UIGlow>F201F9</UIGlow>[マイスター専用アクション]<UIGlow>01</UIGlow><UIForeground>01</UIForeground>
耐久を消費して、品質を上げる。
追加効果：「イノベーション」を付与する
効率：100
成功率：40％","craft/action_carefully","craft/action_carefully_sub","ui/icon/001000/001526.tex","木工師","木工師",56,"職人の高みを目指して",True,0,8,"イノベイティブタッチ","イノベイティブタッチ","イノベイティブタッチ","イノベイティブタッチ","イノベイティブタッチ","イノベイティブタッチ","イノベイティブタッチ","イノベイティブタッチ"
100138,"イノベイティブタッチ","<UIForeground>F201F8</UIForeground><UIGlow>F201F9</UIGlow>[マイスター専用アクション]<UIGlow>01</UIGlow><UIForeground>01</UIForeground>
耐久を消費して、品質を上げる。
追加効果：「イノベーション」を付与する
効率：100
成功率：40％","craft/action_carefully","craft/action_carefully_sub","ui/icon/001000/001576.tex","鍛冶師","鍛冶師",56,"職人の高みを目指して",True,0,8,"イノベイティブタッチ","イノベイティブタッチ","イノベイティブタッチ","イノベイティブタッチ","イノベイティブタッチ","イノベイティブタッチ","イノベイティブタッチ","イノベイティブタッチ"
100139,"イノベイティブタッチ","<UIForeground>F201F8</UIForeground><UIGlow>F201F9</UIGlow>[マイスター専用アクション]<UIGlow>01</UIGlow><UIForeground>01</UIForeground>
耐久を消費して、品質を上げる。
追加効果：「イノベーション」を付与する
効率：100
成功率：40％","craft/action_carefully","craft/action_carefully_sub","ui/icon/001000/001627.tex","甲冑師","甲冑師",56,"職人の高みを目指して",True,0,8,"イノベイティブタッチ","イノベイティブタッチ","イノベイティブタッチ","イノベイティブタッチ","イノベイティブタッチ","イノベイティブタッチ","イノベイティブタッチ","イノベイティブタッチ"
100140,"イノベイティブタッチ","<UIForeground>F201F8</UIForeground><UIGlow>F201F9</UIGlow>[マイスター専用アクション]<UIGlow>01</UIGlow><UIForeground>01</UIForeground>
耐久を消費して、品質を上げる。
追加効果：「イノベーション」を付与する
効率：100
成功率：40％","craft/action_carefully","craft/action_carefully_sub","ui/icon/001000/001678.tex","彫金師","彫金師",56,"職人の高みを目指して",True,0,8,"イノベイティブタッチ","イノベイティブタッチ","イノベイティブタッチ","イノベイティブタッチ","イノベイティブタッチ","イノベイティブタッチ","イノベイティブタッチ","イノベイティブタッチ"
100141,"イノベイティブタッチ","<UIForeground>F201F8</UIForeground><UIGlow>F201F9</UIGlow>[マイスター専用アクション]<UIGlow>01</UIGlow><UIForeground>01</UIForeground>
耐久を消費して、品質を上げる。
追加効果：「イノベーション」を付与する
効率：100
成功率：40％","craft/action_carefully","craft/action_carefully_sub","ui/icon/001000/001726.tex","革細工師","革細工師",56,"職人の高みを目指して",True,0,8,"イノベイティブタッチ","イノベイティブタッチ","イノベイティブタッチ","イノベイティブタッチ","イノベイティブタッチ","イノベイティブタッチ","イノベイティブタッチ","イノベイティブタッチ"
100142,"イノベイティブタッチ","<UIForeground>F201F8</UIForeground><UIGlow>F201F9</UIGlow>[マイスター専用アクション]<UIGlow>01</UIGlow><UIForeground>01</UIForeground>
耐久を消費して、品質を上げる。
追加効果：「イノベーション」を付与する
効率：100
成功率：40％","craft/action_carefully","craft/action_carefully_sub","ui/icon/001000/001776.tex","裁縫師","裁縫師",56,"職人の高みを目指して",True,0,8,"イノベイティブタッチ","イノベイティブタッチ","イノベイティブタッチ","イノベイティブタッチ","イノベイティブタッチ","イノベイティブタッチ","イノベイティブタッチ","イノベイティブタッチ"
100143,"イノベイティブタッチ","<UIForeground>F201F8</UIForeground><UIGlow>F201F9</UIGlow>[マイスター専用アクション]<UIGlow>01</UIGlow><UIForeground>01</UIForeground>
耐久を消費して、品質を上げる。
追加効果：「イノベーション」を付与する
効率：100
成功率：40％","craft/action_carefully","craft/action_carefully_sub","ui/icon/001000/001827.tex","錬金術師","錬金術師",56,"職人の高みを目指して",True,0,8,"イノベイティブタッチ","イノベイティブタッチ","イノベイティブタッチ","イノベイティブタッチ","イノベイティブタッチ","イノベイティブタッチ","イノベイティブタッチ","イノベイティブタッチ"
100144,"イノベイティブタッチ","<UIForeground>F201F8</UIForeground><UIGlow>F201F9</UIGlow>[マイスター専用アクション]<UIGlow>01</UIGlow><UIForeground>01</UIForeground>
耐久を消費して、品質を上げる。
追加効果：「イノベーション」を付与する
効率：100
成功率：40％","craft/action_carefully","craft/action_carefully_sub","ui/icon/001000/001877.tex","調理師","調理師",56,"職人の高みを目指して",True,0,8,"イノベイティブタッチ","イノベイティブタッチ","イノベイティブタッチ","イノベイティブタッチ","イノベイティブタッチ","イノベイティブタッチ","イノベイティブタッチ","イノベイティブタッチ"
100145,"ビエルゴの奇跡","<UIForeground>F201F8</UIForeground><UIGlow>F201F9</UIGlow>[マイスター専用アクション]<UIGlow>01</UIGlow><UIForeground>01</UIForeground>
耐久を消費して、品質を上げる。
「インナークワイエット」でステータス上昇した回数につき効率が15上昇する。
使用後に「インナークワイエット」のスタック数が半減する。
効率：100（100～）
成功率：70％","craft/action_carefully","craft/action_carefully_sub","ui/icon/001000/001527.tex","木工師","木工師",58,"職人の高みを目指して",True,0,10,"ビエルゴの奇跡","ビエルゴの奇跡","ビエルゴの奇跡","ビエルゴの奇跡","ビエルゴの奇跡","ビエルゴの奇跡","ビエルゴの奇跡","ビエルゴの奇跡"
100146,"ビエルゴの奇跡","<UIForeground>F201F8</UIForeground><UIGlow>F201F9</UIGlow>[マイスター専用アクション]<UIGlow>01</UIGlow><UIForeground>01</UIForeground>
耐久を消費して、品質を上げる。
「インナークワイエット」でステータス上昇した回数につき効率が15上昇する。
使用後に「インナークワイエット」のスタック数が半減する。
効率：100（100～）
成功率：70％","craft/action_carefully","craft/action_carefully_sub","ui/icon/001000/001577.tex","鍛冶師","鍛冶師",58,"職人の高みを目指して",True,0,10,"ビエルゴの奇跡","ビエルゴの奇跡","ビエルゴの奇跡","ビエルゴの奇跡","ビエルゴの奇跡","ビエルゴの奇跡","ビエルゴの奇跡","ビエルゴの奇跡"
100147,"ビエルゴの奇跡","<UIForeground>F201F8</UIForeground><UIGlow>F201F9</UIGlow>[マイスター専用アクション]<UIGlow>01</UIGlow><UIForeground>01</UIForeground>
耐久を消費して、品質を上げる。
「インナークワイエット」でステータス上昇した回数につき効率が15上昇する。
使用後に「インナークワイエット」のスタック数が半減する。
効率：100（100～）
成功率：70％","craft/action_carefully","craft/action_carefully_sub","ui/icon/001000/001628.tex","甲冑師","甲冑師",58,"職人の高みを目指して",True,0,10,"ビエルゴの奇跡","ビエルゴの奇跡","ビエルゴの奇跡","ビエルゴの奇跡","ビエルゴの奇跡","ビエルゴの奇跡","ビエルゴの奇跡","ビエルゴの奇跡"
100148,"ビエルゴの奇跡","<UIForeground>F201F8</UIForeground><UIGlow>F201F9</UIGlow>[マイスター専用アクション]<UIGlow>01</UIGlow><UIForeground>01</UIForeground>
耐久を消費して、品質を上げる。
「インナークワイエット」でステータス上昇した回数につき効率が15上昇する。
使用後に「インナークワイエット」のスタック数が半減する。
効率：100（100～）
成功率：70％","craft/action_carefully","craft/action_carefully_sub","ui/icon/001000/001679.tex","彫金師","彫金師",58,"職人の高みを目指して",True,0,10,"ビエルゴの奇跡","ビエルゴの奇跡","ビエルゴの奇跡","ビエルゴの奇跡","ビエルゴの奇跡","ビエルゴの奇跡","ビエルゴの奇跡","ビエルゴの奇跡"
100149,"ビエルゴの奇跡","<UIForeground>F201F8</UIForeground><UIGlow>F201F9</UIGlow>[マイスター専用アクション]<UIGlow>01</UIGlow><UIForeground>01</UIForeground>
耐久を消費して、品質を上げる。
「インナークワイエット」でステータス上昇した回数につき効率が15上昇する。
使用後に「インナークワイエット」のスタック数が半減する。
効率：100（100～）
成功率：70％","craft/action_carefully","craft/action_carefully_sub","ui/icon/001000/001727.tex","革細工師","革細工師",58,"職人の高みを目指して",True,0,10,"ビエルゴの奇跡","ビエルゴの奇跡","ビエルゴの奇跡","ビエルゴの奇跡","ビエルゴの奇跡","ビエルゴの奇跡","ビエルゴの奇跡","ビエルゴの奇跡"
100150,"ビエルゴの奇跡","<UIForeground>F201F8</UIForeground><UIGlow>F201F9</UIGlow>[マイスター専用アクション]<UIGlow>01</UIGlow><UIForeground>01</UIForeground>
耐久を消費して、品質を上げる。
「インナークワイエット」でステータス上昇した回数につき効率が15上昇する。
使用後に「インナークワイエット」のスタック数が半減する。
効率：100（100～）
成功率：70％","craft/action_carefully","craft/action_carefully_sub","ui/icon/001000/001777.tex","裁縫師","裁縫師",58,"職人の高みを目指して",True,0,10,"ビエルゴの奇跡","ビエルゴの奇跡","ビエルゴの奇跡","ビエルゴの奇跡","ビエルゴの奇跡","ビエルゴの奇跡","ビエルゴの奇跡","ビエルゴの奇跡"
100151,"ビエルゴの奇跡","<UIForeground>F201F8</UIForeground><UIGlow>F201F9</UIGlow>[マイスター専用アクション]<UIGlow>01</UIGlow><UIForeground>01</UIForeground>
耐久を消費して、品質を上げる。
「インナークワイエット」でステータス上昇した回数につき効率が15上昇する。
使用後に「インナークワイエット」のスタック数が半減する。
効率：100（100～）
成功率：70％","craft/action_carefully","craft/action_carefully_sub","ui/icon/001000/001828.tex","錬金術師","錬金術師",58,"職人の高みを目指して",True,0,10,"ビエルゴの奇跡","ビエルゴの奇跡","ビエルゴの奇跡","ビエルゴの奇跡","ビエルゴの奇跡","ビエルゴの奇跡","ビエルゴの奇跡","ビエルゴの奇跡"
100152,"ビエルゴの奇跡","<UIForeground>F201F8</UIForeground><UIGlow>F201F9</UIGlow>[マイスター専用アクション]<UIGlow>01</UIGlow><UIForeground>01</UIForeground>
耐久を消費して、品質を上げる。
「インナークワイエット」でステータス上昇した回数につき効率が15上昇する。
使用後に「インナークワイエット」のスタック数が半減する。
効率：100（100～）
成功率：70％","craft/action_carefully","craft/action_carefully_sub","ui/icon/001000/001878.tex","調理師","調理師",58,"職人の高みを目指して",True,0,10,"ビエルゴの奇跡","ビエルゴの奇跡","ビエルゴの奇跡","ビエルゴの奇跡","ビエルゴの奇跡","ビエルゴの奇跡","ビエルゴの奇跡","ビエルゴの奇跡"
100153,"ニメーヤの紡車","<UIForeground>F201F8</UIForeground><UIGlow>F201F9</UIGlow>[マイスター専用アクション]<UIGlow>01</UIGlow><UIForeground>01</UIForeground>
「仕事唄」のスタック数に応じて耐久が回復する。
使用後に「仕事唄」の効果は終了する。
成功率：100％","craft/buff","craft/buff_sub","ui/icon/001000/001531.tex","木工師","木工師",57,"職人の高みを目指して",True,0,18,"ニメーヤの紡車","ニメーヤの紡車","ニメーヤの紡車","ニメーヤの紡車","ニメーヤの紡車","ニメーヤの紡車","ニメーヤの紡車","ニメーヤの紡車"
100154,"ニメーヤの紡車","<UIForeground>F201F8</UIForeground><UIGlow>F201F9</UIGlow>[マイスター専用アクション]<UIGlow>01</UIGlow><UIForeground>01</UIForeground>
「仕事唄」のスタック数に応じて耐久が回復する。
使用後に「仕事唄」の効果は終了する。
成功率：100％","craft/buff","craft/buff_sub","ui/icon/001000/001581.tex","鍛冶師","鍛冶師",57,"職人の高みを目指して",True,0,18,"ニメーヤの紡車","ニメーヤの紡車","ニメーヤの紡車","ニメーヤの紡車","ニメーヤの紡車","ニメーヤの紡車","ニメーヤの紡車","ニメーヤの紡車"
100155,"ニメーヤの紡車","<UIForeground>F201F8</UIForeground><UIGlow>F201F9</UIGlow>[マイスター専用アクション]<UIGlow>01</UIGlow><UIForeground>01</UIForeground>
「仕事唄」のスタック数に応じて耐久が回復する。
使用後に「仕事唄」の効果は終了する。
成功率：100％","craft/buff","craft/buff_sub","ui/icon/001000/001632.tex","甲冑師","甲冑師",57,"職人の高みを目指して",True,0,18,"ニメーヤの紡車","ニメーヤの紡車","ニメーヤの紡車","ニメーヤの紡車","ニメーヤの紡車","ニメーヤの紡車","ニメーヤの紡車","ニメーヤの紡車"
100156,"ニメーヤの紡車","<UIForeground>F201F8</UIForeground><UIGlow>F201F9</UIGlow>[マイスター専用アクション]<UIGlow>01</UIGlow><UIForeground>01</UIForeground>
「仕事唄」のスタック数に応じて耐久が回復する。
使用後に「仕事唄」の効果は終了する。
成功率：100％","craft/buff","craft/buff_sub","ui/icon/001000/001683.tex","彫金師","彫金師",57,"職人の高みを目指して",True,0,18,"ニメーヤの紡車","ニメーヤの紡車","ニメーヤの紡車","ニメーヤの紡車","ニメーヤの紡車","ニメーヤの紡車","ニメーヤの紡車","ニメーヤの紡車"
100157,"ニメーヤの紡車","<UIForeground>F201F8</UIForeground><UIGlow>F201F9</UIGlow>[マイスター専用アクション]<UIGlow>01</UIGlow><UIForeground>01</UIForeground>
「仕事唄」のスタック数に応じて耐久が回復する。
使用後に「仕事唄」の効果は終了する。
成功率：100％","craft/buff","craft/buff_sub","ui/icon/001000/001731.tex","革細工師","革細工師",57,"職人の高みを目指して",True,0,18,"ニメーヤの紡車","ニメーヤの紡車","ニメーヤの紡車","ニメーヤの紡車","ニメーヤの紡車","ニメーヤの紡車","ニメーヤの紡車","ニメーヤの紡車"
100158,"ニメーヤの紡車","<UIForeground>F201F8</UIForeground><UIGlow>F201F9</UIGlow>[マイスター専用アクション]<UIGlow>01</UIGlow><UIForeground>01</UIForeground>
「仕事唄」のスタック数に応じて耐久が回復する。
使用後に「仕事唄」の効果は終了する。
成功率：100％","craft/buff","craft/buff_sub","ui/icon/001000/001781.tex","裁縫師","裁縫師",57,"職人の高みを目指して",True,0,18,"ニメーヤの紡車","ニメーヤの紡車","ニメーヤの紡車","ニメーヤの紡車","ニメーヤの紡車","ニメーヤの紡車","ニメーヤの紡車","ニメーヤの紡車"
100159,"ニメーヤの紡車","<UIForeground>F201F8</UIForeground><UIGlow>F201F9</UIGlow>[マイスター専用アクション]<UIGlow>01</UIGlow><UIForeground>01</UIForeground>
「仕事唄」のスタック数に応じて耐久が回復する。
使用後に「仕事唄」の効果は終了する。
成功率：100％","craft/buff","craft/buff_sub","ui/icon/001000/001832.tex","錬金術師","錬金術師",57,"職人の高みを目指して",True,0,18,"ニメーヤの紡車","ニメーヤの紡車","ニメーヤの紡車","ニメーヤの紡車","ニメーヤの紡車","ニメーヤの紡車","ニメーヤの紡車","ニメーヤの紡車"
100160,"ニメーヤの紡車","<UIForeground>F201F8</UIForeground><UIGlow>F201F9</UIGlow>[マイスター専用アクション]<UIGlow>01</UIGlow><UIForeground>01</UIForeground>
「仕事唄」のスタック数に応じて耐久が回復する。
使用後に「仕事唄」の効果は終了する。
成功率：100％","craft/buff","craft/buff_sub","ui/icon/001000/001882.tex","調理師","調理師",57,"職人の高みを目指して",True,0,18,"ニメーヤの紡車","ニメーヤの紡車","ニメーヤの紡車","ニメーヤの紡車","ニメーヤの紡車","ニメーヤの紡車","ニメーヤの紡車","ニメーヤの紡車"
100161,"匠の技","<UIForeground>F201F8</UIForeground><UIGlow>F201F9</UIGlow>[マイスター専用アクション]<UIGlow>01</UIGlow><UIForeground>01</UIForeground>
<UIForeground>F201F4</UIForeground><UIGlow>F201F5</UIGlow>「インナークワイエット」と「仕事唄」のスタック数が同じ時にのみ使用可能。<UIGlow>01</UIGlow><UIForeground>01</UIForeground>
耐久を消費して、作業を大きく進めると同時に品質を大きく上げる。
効率：150
成功率：100％","craft/action_normal","craft/action_normal_sub","ui/icon/001000/001532.tex","木工師","木工師",59,"職人の高みを目指して",True,0,16,"匠の技","匠の技","匠の技","匠の技","匠の技","匠の技","匠の技","匠の技"
100162,"匠の技","<UIForeground>F201F8</UIForeground><UIGlow>F201F9</UIGlow>[マイスター専用アクション]<UIGlow>01</UIGlow><UIForeground>01</UIForeground>
<UIForeground>F201F4</UIForeground><UIGlow>F201F5</UIGlow>「インナークワイエット」と「仕事唄」のスタック数が同じ時にのみ使用可能。<UIGlow>01</UIGlow><UIForeground>01</UIForeground>
耐久を消費して、作業を大きく進めると同時に品質を大きく上げる。
効率：150
成功率：100％","craft/action_normal","craft/action_normal_sub","ui/icon/001000/001582.tex","鍛冶師","鍛冶師",59,"職人の高みを目指して",True,0,16,"匠の技","匠の技","匠の技","匠の技","匠の技","匠の技","匠の技","匠の技"
100163,"匠の技","<UIForeground>F201F8</UIForeground><UIGlow>F201F9</UIGlow>[マイスター専用アクション]<UIGlow>01</UIGlow><UIForeground>01</UIForeground>
<UIForeground>F201F4</UIForeground><UIGlow>F201F5</UIGlow>「インナークワイエット」と「仕事唄」のスタック数が同じ時にのみ使用可能。<UIGlow>01</UIGlow><UIForeground>01</UIForeground>
耐久を消費して、作業を大きく進めると同時に品質を大きく上げる。
効率：150
成功率：100％","craft/action_normal","craft/action_normal_sub","ui/icon/001000/001633.tex","甲冑師","甲冑師",59,"職人の高みを目指して",True,0,16,"匠の技","匠の技","匠の技","匠の技","匠の技","匠の技","匠の技","匠の技"
100164,"匠の技","<UIForeground>F201F8</UIForeground><UIGlow>F201F9</UIGlow>[マイスター専用アクション]<UIGlow>01</UIGlow><UIForeground>01</UIForeground>
<UIForeground>F201F4</UIForeground><UIGlow>F201F5</UIGlow>「インナークワイエット」と「仕事唄」のスタック数が同じ時にのみ使用可能。<UIGlow>01</UIGlow><UIForeground>01</UIForeground>
耐久を消費して、作業を大きく進めると同時に品質を大きく上げる。
効率：150
成功率：100％","craft/action_normal","craft/action_normal_sub","ui/icon/001000/001684.tex","彫金師","彫金師",59,"職人の高みを目指して",True,0,16,"匠の技","匠の技","匠の技","匠の技","匠の技","匠の技","匠の技","匠の技"
100165,"匠の技","<UIForeground>F201F8</UIForeground><UIGlow>F201F9</UIGlow>[マイスター専用アクション]<UIGlow>01</UIGlow><UIForeground>01</UIForeground>
<UIForeground>F201F4</UIForeground><UIGlow>F201F5</UIGlow>「インナークワイエット」と「仕事唄」のスタック数が同じ時にのみ使用可能。<UIGlow>01</UIGlow><UIForeground>01</UIForeground>
耐久を消費して、作業を大きく進めると同時に品質を大きく上げる。
効率：150
成功率：100％","craft/action_normal","craft/action_normal_sub","ui/icon/001000/001732.tex","革細工師","革細工師",59,"職人の高みを目指して",True,0,16,"匠の技","匠の技","匠の技","匠の技","匠の技","匠の技","匠の技","匠の技"
100166,"匠の技","<UIForeground>F201F8</UIForeground><UIGlow>F201F9</UIGlow>[マイスター専用アクション]<UIGlow>01</UIGlow><UIForeground>01</UIForeground>
<UIForeground>F201F4</UIForeground><UIGlow>F201F5</UIGlow>「インナークワイエット」と「仕事唄」のスタック数が同じ時にのみ使用可能。<UIGlow>01</UIGlow><UIForeground>01</UIForeground>
耐久を消費して、作業を大きく進めると同時に品質を大きく上げる。
効率：150
成功率：100％","craft/action_normal","craft/action_normal_sub","ui/icon/001000/001782.tex","裁縫師","裁縫師",59,"職人の高みを目指して",True,0,16,"匠の技","匠の技","匠の技","匠の技","匠の技","匠の技","匠の技","匠の技"
100167,"匠の技","<UIForeground>F201F8</UIForeground><UIGlow>F201F9</UIGlow>[マイスター専用アクション]<UIGlow>01</UIGlow><UIForeground>01</UIForeground>
<UIForeground>F201F4</UIForeground><UIGlow>F201F5</UIGlow>「インナークワイエット」と「仕事唄」のスタック数が同じ時にのみ使用可能。<UIGlow>01</UIGlow><UIForeground>01</UIForeground>
耐久を消費して、作業を大きく進めると同時に品質を大きく上げる。
効率：150
成功率：100％","craft/action_normal","craft/action_normal_sub","ui/icon/001000/001833.tex","錬金術師","錬金術師",59,"職人の高みを目指して",True,0,16,"匠の技","匠の技","匠の技","匠の技","匠の技","匠の技","匠の技","匠の技"
100168,"匠の技","<UIForeground>F201F8</UIForeground><UIGlow>F201F9</UIGlow>[マイスター専用アクション]<UIGlow>01</UIGlow><UIForeground>01</UIForeground>
<UIForeground>F201F4</UIForeground><UIGlow>F201F5</UIGlow>「インナークワイエット」と「仕事唄」のスタック数が同じ時にのみ使用可能。<UIGlow>01</UIGlow><UIForeground>01</UIForeground>
耐久を消費して、作業を大きく進めると同時に品質を大きく上げる。
効率：150
成功率：100％","craft/action_normal","craft/action_normal_sub","ui/icon/001000/001883.tex","調理師","調理師",59,"職人の高みを目指して",True,0,16,"匠の技","匠の技","匠の技","匠の技","匠の技","匠の技","匠の技","匠の技"
100169,"会心の仕事","<UIForeground>F201F8</UIForeground><UIGlow>F201F9</UIGlow>[マイスター専用アクション]<UIGlow>01</UIGlow><UIForeground>01</UIForeground>
<UIForeground>F201F4</UIForeground><UIGlow>F201F5</UIGlow>「仕事唄」のスタック数が3の倍数の時にのみ使用可能。<UIGlow>01</UIGlow><UIForeground>01</UIForeground>
CPが15回復し、「仕事唄」のスタック数が1つ減少する。
成功率：100％","craft/buff","craft/buff_sub","ui/icon/001000/001530.tex","木工師","木工師",55,"職人の高みを目指して",True,0,0,"会心の仕事","会心の仕事","会心の仕事","会心の仕事","会心の仕事","会心の仕事","会心の仕事","会心の仕事"
100170,"会心の仕事","<UIForeground>F201F8</UIForeground><UIGlow>F201F9</UIGlow>[マイスター専用アクション]<UIGlow>01</UIGlow><UIForeground>01</UIForeground>
<UIForeground>F201F4</UIForeground><UIGlow>F201F5</UIGlow>「仕事唄」のスタック数が3の倍数の時にのみ使用可能。<UIGlow>01</UIGlow><UIForeground>01</UIForeground>
CPが15回復し、「仕事唄」のスタック数が1つ減少する。
成功率：100％","craft/buff","craft/buff_sub","ui/icon/001000/001580.tex","鍛冶師","鍛冶師",55,"職人の高みを目指して",True,0,0,"会心の仕事","会心の仕事","会心の仕事","会心の仕事","会心の仕事","会心の仕事","会心の仕事","会心の仕事"
100171,"会心の仕事","<UIForeground>F201F8</UIForeground><UIGlow>F201F9</UIGlow>[マイスター専用アクション]<UIGlow>01</UIGlow><UIForeground>01</UIForeground>
<UIForeground>F201F4</UIForeground><UIGlow>F201F5</UIGlow>「仕事唄」のスタック数が3の倍数の時にのみ使用可能。<UIGlow>01</UIGlow><UIForeground>01</UIForeground>
CPが15回復し、「仕事唄」のスタック数が1つ減少する。
成功率：100％","craft/buff","craft/buff_sub","ui/icon/001000/001631.tex","甲冑師","甲冑師",55,"職人の高みを目指して",True,0,0,"会心の仕事","会心の仕事","会心の仕事","会心の仕事","会心の仕事","会心の仕事","会心の仕事","会心の仕事"
100172,"会心の仕事","<UIForeground>F201F8</UIForeground><UIGlow>F201F9</UIGlow>[マイスター専用アクション]<UIGlow>01</UIGlow><UIForeground>01</UIForeground>
<UIForeground>F201F4</UIForeground><UIGlow>F201F5</UIGlow>「仕事唄」のスタック数が3の倍数の時にのみ使用可能。<UIGlow>01</UIGlow><UIForeground>01</UIForeground>
CPが15回復し、「仕事唄」のスタック数が1つ減少する。
成功率：100％","craft/buff","craft/buff_sub","ui/icon/001000/001682.tex","彫金師","彫金師",55,"職人の高みを目指して",True,0,0,"会心の仕事","会心の仕事","会心の仕事","会心の仕事","会心の仕事","会心の仕事","会心の仕事","会心の仕事"
100173,"会心の仕事","<UIForeground>F201F8</UIForeground><UIGlow>F201F9</UIGlow>[マイスター専用アクション]<UIGlow>01</UIGlow><UIForeground>01</UIForeground>
<UIForeground>F201F4</UIForeground><UIGlow>F201F5</UIGlow>「仕事唄」のスタック数が3の倍数の時にのみ使用可能。<UIGlow>01</UIGlow><UIForeground>01</UIForeground>
CPが15回復し、「仕事唄」のスタック数が1つ減少する。
成功率：100％","craft/buff","craft/buff_sub","ui/icon/001000/001730.tex","革細工師","革細工師",55,"職人の高みを目指して",True,0,0,"会心の仕事","会心の仕事","会心の仕事","会心の仕事","会心の仕事","会心の仕事","会心の仕事","会心の仕事"
100174,"会心の仕事","<UIForeground>F201F8</UIForeground><UIGlow>F201F9</UIGlow>[マイスター専用アクション]<UIGlow>01</UIGlow><UIForeground>01</UIForeground>
<UIForeground>F201F4</UIForeground><UIGlow>F201F5</UIGlow>「仕事唄」のスタック数が3の倍数の時にのみ使用可能。<UIGlow>01</UIGlow><UIForeground>01</UIForeground>
CPが15回復し、「仕事唄」のスタック数が1つ減少する。
成功率：100％","craft/buff","craft/buff_sub","ui/icon/001000/001780.tex","裁縫師","裁縫師",55,"職人の高みを目指して",True,0,0,"会心の仕事","会心の仕事","会心の仕事","会心の仕事","会心の仕事","会心の仕事","会心の仕事","会心の仕事"
100175,"会心の仕事","<UIForeground>F201F8</UIForeground><UIGlow>F201F9</UIGlow>[マイスター専用アクション]<UIGlow>01</UIGlow><UIForeground>01</UIForeground>
<UIForeground>F201F4</UIForeground><UIGlow>F201F5</UIGlow>「仕事唄」のスタック数が3の倍数の時にのみ使用可能。<UIGlow>01</UIGlow><UIForeground>01</UIForeground>
CPが15回復し、「仕事唄」のスタック数が1つ減少する。
成功率：100％","craft/buff","craft/buff_sub","ui/icon/001000/001831.tex","錬金術師","錬金術師",55,"職人の高みを目指して",True,0,0,"会心の仕事","会心の仕事","会心の仕事","会心の仕事","会心の仕事","会心の仕事","会心の仕事","会心の仕事"
100176,"会心の仕事","<UIForeground>F201F8</UIForeground><UIGlow>F201F9</UIGlow>[マイスター専用アクション]<UIGlow>01</UIGlow><UIForeground>01</UIForeground>
<UIForeground>F201F4</UIForeground><UIGlow>F201F5</UIGlow>「仕事唄」のスタック数が3の倍数の時にのみ使用可能。<UIGlow>01</UIGlow><UIForeground>01</UIForeground>
CPが15回復し、「仕事唄」のスタック数が1つ減少する。
成功率：100％","craft/buff","craft/buff_sub","ui/icon/001000/001881.tex","調理師","調理師",55,"職人の高みを目指して",True,0,0,"会心の仕事","会心の仕事","会心の仕事","会心の仕事","会心の仕事","会心の仕事","会心の仕事","会心の仕事"
100177,"フィニッシュワーク","","craft/action_fearlessly","craft/action_fearlessly_sub","ui/icon/001000/001529.tex",,"クラフター",1,,False,0,0,"フィニッシュワーク","フィニッシュワーク","フィニッシュワーク","フィニッシュワーク","フィニッシュワーク","フィニッシュワーク","フィニッシュワーク","フィニッシュワーク"
100178,"堅実の心得","<UIForeground>F201F4</UIForeground><UIGlow>F201F5</UIGlow>1ターン目のみ使用可能。<UIGlow>01</UIGlow><UIForeground>01</UIForeground>
残り工数に応じたターンの間、「堅実作業」のCPと耐久の消費を0にする。","craft/buff","craft/buff_sub","ui/icon/001000/001677.tex","彫金師","クラフター",54,,False,0,20,"堅実の心得","堅実の心得","堅実の心得","堅実の心得","堅実の心得","堅実の心得","堅実の心得","堅実の心得"
100179,"木工師の魂","<UIForeground>F201F8</UIForeground><UIGlow>F201F9</UIGlow>[マイスター専用アクション]<UIGlow>01</UIGlow><UIForeground>01</UIForeground>
7ターンの間、「高品質」状態になりやすくなる。
使用時にアイテム「木工師の製図用紙」を消費する。","craft/item","craft/item_sub","ui/icon/001000/001533.tex","木工師","木工師",60,"職人の高みを目指して",True,879,45,"木工師の魂","鍛冶師の魂","甲冑師の魂","彫金師の魂","革細工師の魂","裁縫師の魂","錬金術師の魂","調理師の魂"
100180,"鍛冶師の魂","<UIForeground>F201F8</UIForeground><UIGlow>F201F9</UIGlow>[マイスター専用アクション]<UIGlow>01</UIGlow><UIForeground>01</UIForeground>
7ターンの間、「高品質」状態になりやすくなる。
使用時にアイテム「鍛冶師の製図用紙」を消費する。","craft/item","craft/item_sub","ui/icon/001000/001533.tex","鍛冶師","鍛冶師",60,"職人の高みを目指して",True,879,45,"木工師の魂","鍛冶師の魂","甲冑師の魂","彫金師の魂","革細工師の魂","裁縫師の魂","錬金術師の魂","調理師の魂"
100181,"甲冑師の魂","<UIForeground>F201F8</UIForeground><UIGlow>F201F9</UIGlow>[マイスター専用アクション]<UIGlow>01</UIGlow><UIForeground>01</UIForeground>
7ターンの間、「高品質」状態になりやすくなる。
使用時にアイテム「甲冑師の製図用紙」を消費する。","craft/item","craft/item_sub","ui/icon/001000/001533.tex","甲冑師","甲冑師",60,"職人の高みを目指して",True,879,45,"木工師の魂","鍛冶師の魂","甲冑師の魂","彫金師の魂","革細工師の魂","裁縫師の魂","錬金術師の魂","調理師の魂"
100182,"彫金師の魂","<UIForeground>F201F8</UIForeground><UIGlow>F201F9</UIGlow>[マイスター専用アクション]<UIGlow>01</UIGlow><UIForeground>01</UIForeground>
7ターンの間、「高品質」状態になりやすくなる。
使用時にアイテム「彫金師の製図用紙」を消費する。","craft/item","craft/item_sub","ui/icon/001000/001533.tex","彫金師","彫金師",60,"職人の高みを目指して",True,879,45,"木工師の魂","鍛冶師の魂","甲冑師の魂","彫金師の魂","革細工師の魂","裁縫師の魂","錬金術師の魂","調理師の魂"
100183,"革細工師の魂","<UIForeground>F201F8</UIForeground><UIGlow>F201F9</UIGlow>[マイスター専用アクション]<UIGlow>01</UIGlow><UIForeground>01</UIForeground>
7ターンの間、「高品質」状態になりやすくなる。
使用時にアイテム「革細工師の製図用紙」を消費する。","craft/item","craft/item_sub","ui/icon/001000/001533.tex","革細工師","革細工師",60,"職人の高みを目指して",True,879,45,"木工師の魂","鍛冶師の魂","甲冑師の魂","彫金師の魂","革細工師の魂","裁縫師の魂","錬金術師の魂","調理師の魂"
100184,"裁縫師の魂","<UIForeground>F201F8</UIForeground><UIGlow>F201F9</UIGlow>[マイスター専用アクション]<UIGlow>01</UIGlow><UIForeground>01</UIForeground>
7ターンの間、「高品質」状態になりやすくなる。
使用時にアイテム「裁縫師の製図用紙」を消費する。","craft/item","craft/item_sub","ui/icon/001000/001533.tex","裁縫師","裁縫師",60,"職人の高みを目指して",True,879,45,"木工師の魂","鍛冶師の魂","甲冑師の魂","彫金師の魂","革細工師の魂","裁縫師の魂","錬金術師の魂","調理師の魂"
100185,"錬金術師の魂","<UIForeground>F201F8</UIForeground><UIGlow>F201F9</UIGlow>[マイスター専用アクション]<UIGlow>01</UIGlow><UIForeground>01</UIForeground>
7ターンの間、「高品質」状態になりやすくなる。
使用時にアイテム「錬金術師の製図用紙」を消費する。","craft/item","craft/item_sub","ui/icon/001000/001533.tex","錬金術師","錬金術師",60,"職人の高みを目指して",True,879,45,"木工師の魂","鍛冶師の魂","甲冑師の魂","彫金師の魂","革細工師の魂","裁縫師の魂","錬金術師の魂","調理師の魂"
100186,"調理師の魂","<UIForeground>F201F8</UIForeground><UIGlow>F201F9</UIGlow>[マイスター専用アクション]<UIGlow>01</UIGlow><UIForeground>01</UIForeground>
7ターンの間、「高品質」状態になりやすくなる。
使用時にアイテム「調理師の製図用紙」を消費する。","craft/item","craft/item_sub","ui/icon/001000/001533.tex","調理師","調理師",60,"職人の高みを目指して",True,879,45,"木工師の魂","鍛冶師の魂","甲冑師の魂","彫金師の魂","革細工師の魂","裁縫師の魂","錬金術師の魂","調理師の魂"
100187,"仕事唄","<UIForeground>F201F8</UIForeground><UIGlow>F201F9</UIGlow>[マイスター専用アクション]<UIGlow>01</UIGlow><UIForeground>01</UIForeground>
スタック数11から始まる「仕事唄」状態を付与する。
状態が「高品質」以上の時にスタック数が1つ減少し、0になると耐久を消費して作業を進めるアクション「フィニッシュワーク」を発動し、効果が終了する。
（フィニッシュワーク　効率：200　成功率：50％）
スタック数が3の倍数の時、一部の作業系アクションの効率が上昇する。","craft/buff","craft/buff_sub","ui/icon/001000/001528.tex","木工師","木工師",55,"職人の高みを目指して",True,880,36,"仕事唄","仕事唄","仕事唄","仕事唄","仕事唄","仕事唄","仕事唄","仕事唄"
100188,"仕事唄","<UIForeground>F201F8</UIForeground><UIGlow>F201F9</UIGlow>[マイスター専用アクション]<UIGlow>01</UIGlow><UIForeground>01</UIForeground>
スタック数11から始まる「仕事唄」状態を付与する。
状態が「高品質」以上の時にスタック数が1つ減少し、0になると耐久を消費して作業を進めるアクション「フィニッシュワーク」を発動し、効果が終了する。
（フィニッシュワーク　効率：200　成功率：50％）
スタック数が3の倍数の時、一部の作業系アクションの効率が上昇する。","craft/buff","craft/buff_sub","ui/icon/001000/001578.tex","鍛冶師","鍛冶師",55,"職人の高みを目指して",True,880,36,"仕事唄","仕事唄","仕事唄","仕事唄","仕事唄","仕事唄","仕事唄","仕事唄"
100189,"仕事唄","<UIForeground>F201F8</UIForeground><UIGlow>F201F9</UIGlow>[マイスター専用アクション]<UIGlow>01</UIGlow><UIForeground>01</UIForeground>
スタック数11から始まる「仕事唄」状態を付与する。
状態が「高品質」以上の時にスタック数が1つ減少し、0になると耐久を消費して作業を進めるアクション「フィニッシュワーク」を発動し、効果が終了する。
（フィニッシュワーク　効率：200　成功率：50％）
スタック数が3の倍数の時、一部の作業系アクションの効率が上昇する。","craft/buff","craft/buff_sub","ui/icon/001000/001629.tex","甲冑師","甲冑師",55,"職人の高みを目指して",True,880,36,"仕事唄","仕事唄","仕事唄","仕事唄","仕事唄","仕事唄","仕事唄","仕事唄"
100190,"仕事唄","<UIForeground>F201F8</UIForeground><UIGlow>F201F9</UIGlow>[マイスター専用アクション]<UIGlow>01</UIGlow><UIForeground>01</UIForeground>
スタック数11から始まる「仕事唄」状態を付与する。
状態が「高品質」以上の時にスタック数が1つ減少し、0になると耐久を消費して作業を進めるアクション「フィニッシュワーク」を発動し、効果が終了する。
（フィニッシュワーク　効率：200　成功率：50％）
スタック数が3の倍数の時、一部の作業系アクションの効率が上昇する。","craft/buff","craft/buff_sub","ui/icon/001000/001680.tex","彫金師","彫金師",55,"職人の高みを目指して",True,880,36,"仕事唄","仕事唄","仕事唄","仕事唄","仕事唄","仕事唄","仕事唄","仕事唄"
100191,"仕事唄","<UIForeground>F201F8</UIForeground><UIGlow>F201F9</UIGlow>[マイスター専用アクション]<UIGlow>01</UIGlow><UIForeground>01</UIForeground>
スタック数11から始まる「仕事唄」状態を付与する。
状態が「高品質」以上の時にスタック数が1つ減少し、0になると耐久を消費して作業を進めるアクション「フィニッシュワーク」を発動し、効果が終了する。
（フィニッシュワーク　効率：200　成功率：50％）
スタック数が3の倍数の時、一部の作業系アクションの効率が上昇する。","craft/buff","craft/buff_sub","ui/icon/001000/001778.tex","革細工師","革細工師",55,"職人の高みを目指して",True,880,36,"仕事唄","仕事唄","仕事唄","仕事唄","仕事唄","仕事唄","仕事唄","仕事唄"
100192,"仕事唄","<UIForeground>F201F8</UIForeground><UIGlow>F201F9</UIGlow>[マイスター専用アクション]<UIGlow>01</UIGlow><UIForeground>01</UIForeground>
スタック数11から始まる「仕事唄」状態を付与する。
状態が「高品質」以上の時にスタック数が1つ減少し、0になると耐久を消費して作業を進めるアクション「フィニッシュワーク」を発動し、効果が終了する。
（フィニッシュワーク　効率：200　成功率：50％）
スタック数が3の倍数の時、一部の作業系アクションの効率が上昇する。","craft/buff","craft/buff_sub","ui/icon/001000/001728.tex","裁縫師","裁縫師",55,"職人の高みを目指して",True,880,36,"仕事唄","仕事唄","仕事唄","仕事唄","仕事唄","仕事唄","仕事唄","仕事唄"
100193,"仕事唄","<UIForeground>F201F8</UIForeground><UIGlow>F201F9</UIGlow>[マイスター専用アクション]<UIGlow>01</UIGlow><UIForeground>01</UIForeground>
スタック数11から始まる「仕事唄」状態を付与する。
状態が「高品質」以上の時にスタック数が1つ減少し、0になると耐久を消費して作業を進めるアクション「フィニッシュワーク」を発動し、効果が終了する。
（フィニッシュワーク　効率：200　成功率：50％）
スタック数が3の倍数の時、一部の作業系アクションの効率が上昇する。","craft/buff","craft/buff_sub","ui/icon/001000/001829.tex","錬金術師","錬金術師",55,"職人の高みを目指して",True,880,36,"仕事唄","仕事唄","仕事唄","仕事唄","仕事唄","仕事唄","仕事唄","仕事唄"
100194,"仕事唄","<UIForeground>F201F8</UIForeground><UIGlow>F201F9</UIGlow>[マイスター専用アクション]<UIGlow>01</UIGlow><UIForeground>01</UIForeground>
スタック数11から始まる「仕事唄」状態を付与する。
状態が「高品質」以上の時にスタック数が1つ減少し、0になると耐久を消費して作業を進めるアクション「フィニッシュワーク」を発動し、効果が終了する。
（フィニッシュワーク　効率：200　成功率：50％）
スタック数が3の倍数の時、一部の作業系アクションの効率が上昇する。","craft/buff","craft/buff_sub","ui/icon/001000/001879.tex","調理師","調理師",55,"職人の高みを目指して",True,880,36,"仕事唄","仕事唄","仕事唄","仕事唄","仕事唄","仕事唄","仕事唄","仕事唄"
100195,"ヘイスティタッチII","耐久を消費して、品質を上げる。
効率：100
成功率：60%","craft/action_fearlessly","craft/action_fearlessly_sub","ui/icon/001000/001884.tex","木工師","木工師",61,,False,0,5,"ヘイスティタッチII","ヘイスティタッチII","ヘイスティタッチII","ヘイスティタッチII","ヘイスティタッチII","ヘイスティタッチII","ヘイスティタッチII","ヘイスティタッチII"
100196,"ヘイスティタッチII","耐久を消費して、品質を上げる。
効率：100
成功率：60%","craft/action_fearlessly","craft/action_fearlessly_sub","ui/icon/001000/001884.tex","鍛冶師","鍛冶師",61,,False,0,5,"ヘイスティタッチII","ヘイスティタッチII","ヘイスティタッチII","ヘイスティタッチII","ヘイスティタッチII","ヘイスティタッチII","ヘイスティタッチII","ヘイスティタッチII"
100197,"ヘイスティタッチII","耐久を消費して、品質を上げる。
効率：100
成功率：60%","craft/action_fearlessly","craft/action_fearlessly_sub","ui/icon/001000/001884.tex","甲冑師","甲冑師",61,,False,0,5,"ヘイスティタッチII","ヘイスティタッチII","ヘイスティタッチII","ヘイスティタッチII","ヘイスティタッチII","ヘイスティタッチII","ヘイスティタッチII","ヘイスティタッチII"
100198,"ヘイスティタッチII","耐久を消費して、品質を上げる。
効率：100
成功率：60%","craft/action_fearlessly","craft/action_fearlessly_sub","ui/icon/001000/001884.tex","彫金師","彫金師",61,,False,0,5,"ヘイスティタッチII","ヘイスティタッチII","ヘイスティタッチII","ヘイスティタッチII","ヘイスティタッチII","ヘイスティタッチII","ヘイスティタッチII","ヘイスティタッチII"
100199,"ヘイスティタッチII","耐久を消費して、品質を上げる。
効率：100
成功率：60%","craft/action_fearlessly","craft/action_fearlessly_sub","ui/icon/001000/001884.tex","革細工師","革細工師",61,,False,0,5,"ヘイスティタッチII","ヘイスティタッチII","ヘイスティタッチII","ヘイスティタッチII","ヘイスティタッチII","ヘイスティタッチII","ヘイスティタッチII","ヘイスティタッチII"
100200,"ヘイスティタッチII","耐久を消費して、品質を上げる。
効率：100
成功率：60%","craft/action_fearlessly","craft/action_fearlessly_sub","ui/icon/001000/001884.tex","裁縫師","裁縫師",61,,False,0,5,"ヘイスティタッチII","ヘイスティタッチII","ヘイスティタッチII","ヘイスティタッチII","ヘイスティタッチII","ヘイスティタッチII","ヘイスティタッチII","ヘイスティタッチII"
100201,"ヘイスティタッチII","耐久を消費して、品質を上げる。
効率：100
成功率：60%","craft/action_fearlessly","craft/action_fearlessly_sub","ui/icon/001000/001884.tex","錬金術師","錬金術師",61,,False,0,5,"ヘイスティタッチII","ヘイスティタッチII","ヘイスティタッチII","ヘイスティタッチII","ヘイスティタッチII","ヘイスティタッチII","ヘイスティタッチII","ヘイスティタッチII"
100202,"ヘイスティタッチII","耐久を消費して、品質を上げる。
効率：100
成功率：60%","craft/action_fearlessly","craft/action_fearlessly_sub","ui/icon/001000/001884.tex","調理師","調理師",61,,False,0,5,"ヘイスティタッチII","ヘイスティタッチII","ヘイスティタッチII","ヘイスティタッチII","ヘイスティタッチII","ヘイスティタッチII","ヘイスティタッチII","ヘイスティタッチII"
100203,"模範作業III","耐久を消費して、作業を進める。確実に成功する。
効率：150
成功率：100％","craft/action_carefully","craft/action_carefully_sub","ui/icon/001000/001787.tex","木工師","木工師",62,,False,0,7,"模範作業III","模範作業III","模範作業III","模範作業III","模範作業III","模範作業III","模範作業III","模範作業III"
100204,"模範作業III","耐久を消費して、作業を進める。確実に成功する。
効率：150
成功率：100％","craft/action_carefully","craft/action_carefully_sub","ui/icon/001000/001787.tex","鍛冶師","鍛冶師",62,,False,0,7,"模範作業III","模範作業III","模範作業III","模範作業III","模範作業III","模範作業III","模範作業III","模範作業III"
100205,"模範作業III","耐久を消費して、作業を進める。確実に成功する。
効率：150
成功率：100％","craft/action_carefully","craft/action_carefully_sub","ui/icon/001000/001787.tex","甲冑師","甲冑師",62,,False,0,7,"模範作業III","模範作業III","模範作業III","模範作業III","模範作業III","模範作業III","模範作業III","模範作業III"
100206,"模範作業III","耐久を消費して、作業を進める。確実に成功する。
効率：150
成功率：100％","craft/action_carefully","craft/action_carefully_sub","ui/icon/001000/001787.tex","彫金師","彫金師",62,,False,0,7,"模範作業III","模範作業III","模範作業III","模範作業III","模範作業III","模範作業III","模範作業III","模範作業III"
100207,"模範作業III","耐久を消費して、作業を進める。確実に成功する。
効率：150
成功率：100％","craft/action_carefully","craft/action_carefully_sub","ui/icon/001000/001787.tex","革細工師","革細工師",62,,False,0,7,"模範作業III","模範作業III","模範作業III","模範作業III","模範作業III","模範作業III","模範作業III","模範作業III"
100208,"模範作業III","耐久を消費して、作業を進める。確実に成功する。
効率：150
成功率：100％","craft/action_carefully","craft/action_carefully_sub","ui/icon/001000/001787.tex","裁縫師","裁縫師",62,,False,0,7,"模範作業III","模範作業III","模範作業III","模範作業III","模範作業III","模範作業III","模範作業III","模範作業III"
100209,"模範作業III","耐久を消費して、作業を進める。確実に成功する。
効率：150
成功率：100％","craft/action_carefully","craft/action_carefully_sub","ui/icon/001000/001787.tex","錬金術師","錬金術師",62,,False,0,7,"模範作業III","模範作業III","模範作業III","模範作業III","模範作業III","模範作業III","模範作業III","模範作業III"
100210,"模範作業III","耐久を消費して、作業を進める。確実に成功する。
効率：150
成功率：100％","craft/action_carefully","craft/action_carefully_sub","ui/icon/001000/001787.tex","調理師","調理師",62,,False,0,7,"模範作業III","模範作業III","模範作業III","模範作業III","模範作業III","模範作業III","模範作業III","模範作業III"
100211,"突貫作業II","耐久を消費して、作業を進める。
効率：300
成功率：60%","craft/action_fearlessly","craft/action_fearlessly_sub","ui/icon/001000/001638.tex","木工師","木工師",63,,False,0,12,"突貫作業II","突貫作業II","突貫作業II","突貫作業II","突貫作業II","突貫作業II","突貫作業II","突貫作業II"
100212,"突貫作業II","耐久を消費して、作業を進める。
効率：300
成功率：60%","craft/action_fearlessly","craft/action_fearlessly_sub","ui/icon/001000/001638.tex","鍛冶師","鍛冶師",63,,False,0,12,"突貫作業II","突貫作業II","突貫作業II","突貫作業II","突貫作業II","突貫作業II","突貫作業II","突貫作業II"
100213,"突貫作業II","耐久を消費して、作業を進める。
効率：300
成功率：60%","craft/action_fearlessly","craft/action_fearlessly_sub","ui/icon/001000/001638.tex","甲冑師","甲冑師",63,,False,0,12,"突貫作業II","突貫作業II","突貫作業II","突貫作業II","突貫作業II","突貫作業II","突貫作業II","突貫作業II"
100214,"突貫作業II","耐久を消費して、作業を進める。
効率：300
成功率：60%","craft/action_fearlessly","craft/action_fearlessly_sub","ui/icon/001000/001638.tex","彫金師","彫金師",63,,False,0,12,"突貫作業II","突貫作業II","突貫作業II","突貫作業II","突貫作業II","突貫作業II","突貫作業II","突貫作業II"
100215,"突貫作業II","耐久を消費して、作業を進める。
効率：300
成功率：60%","craft/action_fearlessly","craft/action_fearlessly_sub","ui/icon/001000/001638.tex","革細工師","革細工師",63,,False,0,12,"突貫作業II","突貫作業II","突貫作業II","突貫作業II","突貫作業II","突貫作業II","突貫作業II","突貫作業II"
100216,"突貫作業II","耐久を消費して、作業を進める。
効率：300
成功率：60%","craft/action_fearlessly","craft/action_fearlessly_sub","ui/icon/001000/001638.tex","裁縫師","裁縫師",63,,False,0,12,"突貫作業II","突貫作業II","突貫作業II","突貫作業II","突貫作業II","突貫作業II","突貫作業II","突貫作業II"
100217,"突貫作業II","耐久を消費して、作業を進める。
効率：300
成功率：60%","craft/action_fearlessly","craft/action_fearlessly_sub","ui/icon/001000/001638.tex","錬金術師","錬金術師",63,,False,0,12,"突貫作業II","突貫作業II","突貫作業II","突貫作業II","突貫作業II","突貫作業II","突貫作業II","突貫作業II"
100218,"突貫作業II","耐久を消費して、作業を進める。
効率：300
成功率：60%","craft/action_fearlessly","craft/action_fearlessly_sub","ui/icon/001000/001638.tex","調理師","調理師",63,,False,0,12,"突貫作業II","突貫作業II","突貫作業II","突貫作業II","突貫作業II","突貫作業II","突貫作業II","突貫作業II"
100219,"専心加工","耐久を消費して、品質を上げる。
成功時：「インナークワイエット」のスタック数+1（最大11）
失敗時：「インナークワイエット」のスタック数半減
効率：100
成功率：50％","craft/action_carefully","craft/action_carefully_sub","ui/icon/001000/001534.tex","木工師","木工師",64,,False,0,6,"専心加工","専心加工","専心加工","専心加工","専心加工","専心加工","専心加工","専心加工"
100220,"専心加工","耐久を消費して、品質を上げる。
成功時：「インナークワイエット」のスタック数+1（最大11）
失敗時：「インナークワイエット」のスタック数半減
効率：100
成功率：50％","craft/action_carefully","craft/action_carefully_sub","ui/icon/001000/001583.tex","鍛冶師","鍛冶師",64,,False,0,6,"専心加工","専心加工","専心加工","専心加工","専心加工","専心加工","専心加工","専心加工"
100221,"専心加工","耐久を消費して、品質を上げる。
成功時：「インナークワイエット」のスタック数+1（最大11）
失敗時：「インナークワイエット」のスタック数半減
効率：100
成功率：50％","craft/action_carefully","craft/action_carefully_sub","ui/icon/001000/001634.tex","甲冑師","甲冑師",64,,False,0,6,"専心加工","専心加工","専心加工","専心加工","専心加工","専心加工","専心加工","専心加工"
100222,"専心加工","耐久を消費して、品質を上げる。
成功時：「インナークワイエット」のスタック数+1（最大11）
失敗時：「インナークワイエット」のスタック数半減
効率：100
成功率：50％","craft/action_carefully","craft/action_carefully_sub","ui/icon/001000/001685.tex","彫金師","彫金師",64,,False,0,6,"専心加工","専心加工","専心加工","専心加工","専心加工","専心加工","専心加工","専心加工"
100223,"専心加工","耐久を消費して、品質を上げる。
成功時：「インナークワイエット」のスタック数+1（最大11）
失敗時：「インナークワイエット」のスタック数半減
効率：100
成功率：50％","craft/action_carefully","craft/action_carefully_sub","ui/icon/001000/001733.tex","革細工師","革細工師",64,,False,0,6,"専心加工","専心加工","専心加工","専心加工","専心加工","専心加工","専心加工","専心加工"
100224,"専心加工","耐久を消費して、品質を上げる。
成功時：「インナークワイエット」のスタック数+1（最大11）
失敗時：「インナークワイエット」のスタック数半減
効率：100
成功率：50％","craft/action_carefully","craft/action_carefully_sub","ui/icon/001000/001783.tex","裁縫師","裁縫師",64,,False,0,6,"専心加工","専心加工","専心加工","専心加工","専心加工","専心加工","専心加工","専心加工"
100225,"専心加工","耐久を消費して、品質を上げる。
成功時：「インナークワイエット」のスタック数+1（最大11）
失敗時：「インナークワイエット」のスタック数半減
効率：100
成功率：50％","craft/action_carefully","craft/action_carefully_sub","ui/icon/001000/001834.tex","錬金術師","錬金術師",64,,False,0,6,"専心加工","専心加工","専心加工","専心加工","専心加工","専心加工","専心加工","専心加工"
100226,"専心加工","耐久を消費して、品質を上げる。
成功時：「インナークワイエット」のスタック数+1（最大11）
失敗時：「インナークワイエット」のスタック数半減
効率：100
成功率：50％","craft/action_carefully","craft/action_carefully_sub","ui/icon/001000/001885.tex","調理師","調理師",64,,False,0,6,"専心加工","専心加工","専心加工","専心加工","専心加工","専心加工","専心加工","専心加工"
100227,"倹約加工","<UIForeground>F201F4</UIForeground><UIGlow>F201F5</UIGlow>「倹約」「倹約II」の効果中は使用不可。<UIGlow>01</UIGlow><UIForeground>01</UIForeground>
耐久の消費を半分に抑えつつ、品質を上げる。
効率：100
成功率：70％","craft/action_carefully","craft/action_carefully_sub","ui/icon/001000/001535.tex","木工師","木工師",66,,False,0,21,"倹約加工","倹約加工","倹約加工","倹約加工","倹約加工","倹約加工","倹約加工","倹約加工"
100228,"倹約加工","<UIForeground>F201F4</UIForeground><UIGlow>F201F5</UIGlow>「倹約」「倹約II」の効果中は使用不可。<UIGlow>01</UIGlow><UIForeground>01</UIForeground>
耐久の消費を半分に抑えつつ、品質を上げる。
効率：100
成功率：70％","craft/action_carefully","craft/action_carefully_sub","ui/icon/001000/001584.tex","鍛冶師","鍛冶師",66,,False,0,21,"倹約加工","倹約加工","倹約加工","倹約加工","倹約加工","倹約加工","倹約加工","倹約加工"
100229,"倹約加工","<UIForeground>F201F4</UIForeground><UIGlow>F201F5</UIGlow>「倹約」「倹約II」の効果中は使用不可。<UIGlow>01</UIGlow><UIForeground>01</UIForeground>
耐久の消費を半分に抑えつつ、品質を上げる。
効率：100
成功率：70％","craft/action_carefully","craft/action_carefully_sub","ui/icon/001000/001635.tex","甲冑師","甲冑師",66,,False,0,21,"倹約加工","倹約加工","倹約加工","倹約加工","倹約加工","倹約加工","倹約加工","倹約加工"
100230,"倹約加工","<UIForeground>F201F4</UIForeground><UIGlow>F201F5</UIGlow>「倹約」「倹約II」の効果中は使用不可。<UIGlow>01</UIGlow><UIForeground>01</UIForeground>
耐久の消費を半分に抑えつつ、品質を上げる。
効率：100
成功率：70％","craft/action_carefully","craft/action_carefully_sub","ui/icon/001000/001686.tex","彫金師","彫金師",66,,False,0,21,"倹約加工","倹約加工","倹約加工","倹約加工","倹約加工","倹約加工","倹約加工","倹約加工"
100231,"倹約加工","<UIForeground>F201F4</UIForeground><UIGlow>F201F5</UIGlow>「倹約」「倹約II」の効果中は使用不可。<UIGlow>01</UIGlow><UIForeground>01</UIForeground>
耐久の消費を半分に抑えつつ、品質を上げる。
効率：100
成功率：70％","craft/action_carefully","craft/action_carefully_sub","ui/icon/001000/001734.tex","革細工師","革細工師",66,,False,0,21,"倹約加工","倹約加工","倹約加工","倹約加工","倹約加工","倹約加工","倹約加工","倹約加工"
100232,"倹約加工","<UIForeground>F201F4</UIForeground><UIGlow>F201F5</UIGlow>「倹約」「倹約II」の効果中は使用不可。<UIGlow>01</UIGlow><UIForeground>01</UIForeground>
耐久の消費を半分に抑えつつ、品質を上げる。
効率：100
成功率：70％","craft/action_carefully","craft/action_carefully_sub","ui/icon/001000/001784.tex","裁縫師","裁縫師",66,,False,0,21,"倹約加工","倹約加工","倹約加工","倹約加工","倹約加工","倹約加工","倹約加工","倹約加工"
100233,"倹約加工","<UIForeground>F201F4</UIForeground><UIGlow>F201F5</UIGlow>「倹約」「倹約II」の効果中は使用不可。<UIGlow>01</UIGlow><UIForeground>01</UIForeground>
耐久の消費を半分に抑えつつ、品質を上げる。
効率：100
成功率：70％","craft/action_carefully","craft/action_carefully_sub","ui/icon/001000/001835.tex","錬金術師","錬金術師",66,,False,0,21,"倹約加工","倹約加工","倹約加工","倹約加工","倹約加工","倹約加工","倹約加工","倹約加工"
100234,"倹約加工","<UIForeground>F201F4</UIForeground><UIGlow>F201F5</UIGlow>「倹約」「倹約II」の効果中は使用不可。<UIGlow>01</UIGlow><UIForeground>01</UIForeground>
耐久の消費を半分に抑えつつ、品質を上げる。
効率：100
成功率：70％","craft/action_carefully","craft/action_carefully_sub","ui/icon/001000/001886.tex","調理師","調理師",66,,False,0,21,"倹約加工","倹約加工","倹約加工","倹約加工","倹約加工","倹約加工","倹約加工","倹約加工"
100235,"注視作業","耐久を消費して、作業を進める。
効率：200
成功率：50％
<UIForeground>F201F8</UIForeground><UIGlow>F201F9</UIGlow>コンボ条件：<UIGlow>01</UIGlow><UIForeground>01</UIForeground>経過観察　<UIForeground>F201F8</UIForeground><UIGlow>F201F9</UIGlow>コンボ時成功率：<UIGlow>01</UIGlow><UIForeground>01</UIForeground>100%","craft/action_normal","craft/action_normal_sub","ui/icon/001000/001536.tex","木工師","木工師",67,,False,0,5,"注視作業","注視作業","注視作業","注視作業","注視作業","注視作業","注視作業","注視作業"
100236,"注視作業","耐久を消費して、作業を進める。
効率：200
成功率：50％
<UIForeground>F201F8</UIForeground><UIGlow>F201F9</UIGlow>コンボ条件：<UIGlow>01</UIGlow><UIForeground>01</UIForeground>経過観察　<UIForeground>F201F8</UIForeground><UIGlow>F201F9</UIGlow>コンボ時成功率：<UIGlow>01</UIGlow><UIForeground>01</UIForeground>100%","craft/action_normal","craft/action_normal_sub","ui/icon/001000/001585.tex","鍛冶師","鍛冶師",67,,False,0,5,"注視作業","注視作業","注視作業","注視作業","注視作業","注視作業","注視作業","注視作業"
100237,"注視作業","耐久を消費して、作業を進める。
効率：200
成功率：50％
<UIForeground>F201F8</UIForeground><UIGlow>F201F9</UIGlow>コンボ条件：<UIGlow>01</UIGlow><UIForeground>01</UIForeground>経過観察　<UIForeground>F201F8</UIForeground><UIGlow>F201F9</UIGlow>コンボ時成功率：<UIGlow>01</UIGlow><UIForeground>01</UIForeground>100%","craft/action_normal","craft/action_normal_sub","ui/icon/001000/001636.tex","甲冑師","甲冑師",67,,False,0,5,"注視作業","注視作業","注視作業","注視作業","注視作業","注視作業","注視作業","注視作業"
100238,"注視作業","耐久を消費して、作業を進める。
効率：200
成功率：50％
<UIForeground>F201F8</UIForeground><UIGlow>F201F9</UIGlow>コンボ条件：<UIGlow>01</UIGlow><UIForeground>01</UIForeground>経過観察　<UIForeground>F201F8</UIForeground><UIGlow>F201F9</UIGlow>コンボ時成功率：<UIGlow>01</UIGlow><UIForeground>01</UIForeground>100%","craft/action_normal","craft/action_normal_sub","ui/icon/001000/001687.tex","彫金師","彫金師",67,,False,0,5,"注視作業","注視作業","注視作業","注視作業","注視作業","注視作業","注視作業","注視作業"
100239,"注視作業","耐久を消費して、作業を進める。
効率：200
成功率：50％
<UIForeground>F201F8</UIForeground><UIGlow>F201F9</UIGlow>コンボ条件：<UIGlow>01</UIGlow><UIForeground>01</UIForeground>経過観察　<UIForeground>F201F8</UIForeground><UIGlow>F201F9</UIGlow>コンボ時成功率：<UIGlow>01</UIGlow><UIForeground>01</UIForeground>100%","craft/action_normal","craft/action_normal_sub","ui/icon/001000/001735.tex","革細工師","革細工師",67,,False,0,5,"注視作業","注視作業","注視作業","注視作業","注視作業","注視作業","注視作業","注視作業"
100240,"注視作業","耐久を消費して、作業を進める。
効率：200
成功率：50％
<UIForeground>F201F8</UIForeground><UIGlow>F201F9</UIGlow>コンボ条件：<UIGlow>01</UIGlow><UIForeground>01</UIForeground>経過観察　<UIForeground>F201F8</UIForeground><UIGlow>F201F9</UIGlow>コンボ時成功率：<UIGlow>01</UIGlow><UIForeground>01</UIForeground>100%","craft/action_normal","craft/action_normal_sub","ui/icon/001000/001785.tex","裁縫師","裁縫師",67,,False,0,5,"注視作業","注視作業","注視作業","注視作業","注視作業","注視作業","注視作業","注視作業"
100241,"注視作業","耐久を消費して、作業を進める。
効率：200
成功率：50％
<UIForeground>F201F8</UIForeground><UIGlow>F201F9</UIGlow>コンボ条件：<UIGlow>01</UIGlow><UIForeground>01</UIForeground>経過観察　<UIForeground>F201F8</UIForeground><UIGlow>F201F9</UIGlow>コンボ時成功率：<UIGlow>01</UIGlow><UIForeground>01</UIForeground>100%","craft/action_normal","craft/action_normal_sub","ui/icon/001000/001836.tex","錬金術師","錬金術師",67,,False,0,5,"注視作業","注視作業","注視作業","注視作業","注視作業","注視作業","注視作業","注視作業"
100242,"注視作業","耐久を消費して、作業を進める。
効率：200
成功率：50％
<UIForeground>F201F8</UIForeground><UIGlow>F201F9</UIGlow>コンボ条件：<UIGlow>01</UIGlow><UIForeground>01</UIForeground>経過観察　<UIForeground>F201F8</UIForeground><UIGlow>F201F9</UIGlow>コンボ時成功率：<UIGlow>01</UIGlow><UIForeground>01</UIForeground>100%","craft/action_normal","craft/action_normal_sub","ui/icon/001000/001887.tex","調理師","調理師",67,,False,0,5,"注視作業","注視作業","注視作業","注視作業","注視作業","注視作業","注視作業","注視作業"
100243,"注視加工","耐久を消費して、品質を上げる。
効率：150
成功率：50％
<UIForeground>F201F8</UIForeground><UIGlow>F201F9</UIGlow>コンボ条件：<UIGlow>01</UIGlow><UIForeground>01</UIForeground>経過観察　<UIForeground>F201F8</UIForeground><UIGlow>F201F9</UIGlow>コンボ時成功率：<UIGlow>01</UIGlow><UIForeground>01</UIForeground>100%","craft/action_normal","craft/action_normal_sub","ui/icon/001000/001537.tex","木工師","木工師",68,,False,0,18,"注視加工","注視加工","注視加工","注視加工","注視加工","注視加工","注視加工","注視加工"
100244,"注視加工","耐久を消費して、品質を上げる。
効率：150
成功率：50％
<UIForeground>F201F8</UIForeground><UIGlow>F201F9</UIGlow>コンボ条件：<UIGlow>01</UIGlow><UIForeground>01</UIForeground>経過観察　<UIForeground>F201F8</UIForeground><UIGlow>F201F9</UIGlow>コンボ時成功率：<UIGlow>01</UIGlow><UIForeground>01</UIForeground>100%","craft/action_normal","craft/action_normal_sub","ui/icon/001000/001586.tex","鍛冶師","鍛冶師",68,,False,0,18,"注視加工","注視加工","注視加工","注視加工","注視加工","注視加工","注視加工","注視加工"
100245,"注視加工","耐久を消費して、品質を上げる。
効率：150
成功率：50％
<UIForeground>F201F8</UIForeground><UIGlow>F201F9</UIGlow>コンボ条件：<UIGlow>01</UIGlow><UIForeground>01</UIForeground>経過観察　<UIForeground>F201F8</UIForeground><UIGlow>F201F9</UIGlow>コンボ時成功率：<UIGlow>01</UIGlow><UIForeground>01</UIForeground>100%","craft/action_normal","craft/action_normal_sub","ui/icon/001000/001637.tex","甲冑師","甲冑師",68,,False,0,18,"注視加工","注視加工","注視加工","注視加工","注視加工","注視加工","注視加工","注視加工"
100246,"注視加工","耐久を消費して、品質を上げる。
効率：150
成功率：50％
<UIForeground>F201F8</UIForeground><UIGlow>F201F9</UIGlow>コンボ条件：<UIGlow>01</UIGlow><UIForeground>01</UIForeground>経過観察　<UIForeground>F201F8</UIForeground><UIGlow>F201F9</UIGlow>コンボ時成功率：<UIGlow>01</UIGlow><UIForeground>01</UIForeground>100%","craft/action_normal","craft/action_normal_sub","ui/icon/001000/001688.tex","彫金師","彫金師",68,,False,0,18,"注視加工","注視加工","注視加工","注視加工","注視加工","注視加工","注視加工","注視加工"
100247,"注視加工","耐久を消費して、品質を上げる。
効率：150
成功率：50％
<UIForeground>F201F8</UIForeground><UIGlow>F201F9</UIGlow>コンボ条件：<UIGlow>01</UIGlow><UIForeground>01</UIForeground>経過観察　<UIForeground>F201F8</UIForeground><UIGlow>F201F9</UIGlow>コンボ時成功率：<UIGlow>01</UIGlow><UIForeground>01</UIForeground>100%","craft/action_normal","craft/action_normal_sub","ui/icon/001000/001736.tex","革細工師","革細工師",68,,False,0,18,"注視加工","注視加工","注視加工","注視加工","注視加工","注視加工","注視加工","注視加工"
100248,"注視加工","耐久を消費して、品質を上げる。
効率：150
成功率：50％
<UIForeground>F201F8</UIForeground><UIGlow>F201F9</UIGlow>コンボ条件：<UIGlow>01</UIGlow><UIForeground>01</UIForeground>経過観察　<UIForeground>F201F8</UIForeground><UIGlow>F201F9</UIGlow>コンボ時成功率：<UIGlow>01</UIGlow><UIForeground>01</UIForeground>100%","craft/action_normal","craft/action_normal_sub","ui/icon/001000/001786.tex","裁縫師","裁縫師",68,,False,0,18,"注視加工","注視加工","注視加工","注視加工","注視加工","注視加工","注視加工","注視加工"
100249,"注視加工","耐久を消費して、品質を上げる。
効率：150
成功率：50％
<UIForeground>F201F8</UIForeground><UIGlow>F201F9</UIGlow>コンボ条件：<UIGlow>01</UIGlow><UIForeground>01</UIForeground>経過観察　<UIForeground>F201F8</UIForeground><UIGlow>F201F9</UIGlow>コンボ時成功率：<UIGlow>01</UIGlow><UIForeground>01</UIForeground>100%","craft/action_normal","craft/action_normal_sub","ui/icon/001000/001837.tex","錬金術師","錬金術師",68,,False,0,18,"注視加工","注視加工","注視加工","注視加工","注視加工","注視加工","注視加工","注視加工"
100250,"注視加工","耐久を消費して、品質を上げる。
効率：150
成功率：50％
<UIForeground>F201F8</UIForeground><UIGlow>F201F9</UIGlow>コンボ条件：<UIGlow>01</UIGlow><UIForeground>01</UIForeground>経過観察　<UIForeground>F201F8</UIForeground><UIGlow>F201F9</UIGlow>コンボ時成功率：<UIGlow>01</UIGlow><UIForeground>01</UIForeground>100%","craft/action_normal","craft/action_normal_sub","ui/icon/001000/001888.tex","調理師","調理師",68,,False,0,18,"注視加工","注視加工","注視加工","注視加工","注視加工","注視加工","注視加工","注視加工"
100251,"初手仕込","<UIForeground>F201F4</UIForeground><UIGlow>F201F5</UIGlow>1ターン目のみ使用可能。<UIGlow>01</UIGlow><UIForeground>01</UIForeground>
一定確率でCPの消費量が軽減される「初手仕込」状態を付与する。
<UIForeground>F201F8</UIForeground><UIGlow>F201F9</UIGlow>マイスター時：<UIGlow>01</UIGlow><UIForeground>01</UIForeground>「初手仕込」の効果を終了させる代わりに、「マイスターの切札」が一度、使用できる。","craft/buff","craft/buff_sub","ui/icon/001000/001538.tex","木工師","木工師",69,,False,0,50,"初手仕込","初手仕込","初手仕込","初手仕込","初手仕込","初手仕込","初手仕込","初手仕込"
100252,"初手仕込","<UIForeground>F201F4</UIForeground><UIGlow>F201F5</UIGlow>1ターン目のみ使用可能。<UIGlow>01</UIGlow><UIForeground>01</UIForeground>
一定確率でCPの消費量が軽減される「初手仕込」状態を付与する。
<UIForeground>F201F8</UIForeground><UIGlow>F201F9</UIGlow>マイスター時：<UIGlow>01</UIGlow><UIForeground>01</UIForeground>「初手仕込」の効果を終了させる代わりに、「マイスターの切札」が一度、使用できる。","craft/buff","craft/buff_sub","ui/icon/001000/001587.tex","鍛冶師","鍛冶師",69,,False,0,50,"初手仕込","初手仕込","初手仕込","初手仕込","初手仕込","初手仕込","初手仕込","初手仕込"
100253,"初手仕込","<UIForeground>F201F4</UIForeground><UIGlow>F201F5</UIGlow>1ターン目のみ使用可能。<UIGlow>01</UIGlow><UIForeground>01</UIForeground>
一定確率でCPの消費量が軽減される「初手仕込」状態を付与する。
<UIForeground>F201F8</UIForeground><UIGlow>F201F9</UIGlow>マイスター時：<UIGlow>01</UIGlow><UIForeground>01</UIForeground>「初手仕込」の効果を終了させる代わりに、「マイスターの切札」が一度、使用できる。","craft/buff","craft/buff_sub","ui/icon/001000/001639.tex","甲冑師","甲冑師",69,,False,0,50,"初手仕込","初手仕込","初手仕込","初手仕込","初手仕込","初手仕込","初手仕込","初手仕込"
100254,"初手仕込","<UIForeground>F201F4</UIForeground><UIGlow>F201F5</UIGlow>1ターン目のみ使用可能。<UIGlow>01</UIGlow><UIForeground>01</UIForeground>
一定確率でCPの消費量が軽減される「初手仕込」状態を付与する。
<UIForeground>F201F8</UIForeground><UIGlow>F201F9</UIGlow>マイスター時：<UIGlow>01</UIGlow><UIForeground>01</UIForeground>「初手仕込」の効果を終了させる代わりに、「マイスターの切札」が一度、使用できる。","craft/buff","craft/buff_sub","ui/icon/001000/001690.tex","彫金師","彫金師",69,,False,0,50,"初手仕込","初手仕込","初手仕込","初手仕込","初手仕込","初手仕込","初手仕込","初手仕込"
100255,"初手仕込","<UIForeground>F201F4</UIForeground><UIGlow>F201F5</UIGlow>1ターン目のみ使用可能。<UIGlow>01</UIGlow><UIForeground>01</UIForeground>
一定確率でCPの消費量が軽減される「初手仕込」状態を付与する。
<UIForeground>F201F8</UIForeground><UIGlow>F201F9</UIGlow>マイスター時：<UIGlow>01</UIGlow><UIForeground>01</UIForeground>「初手仕込」の効果を終了させる代わりに、「マイスターの切札」が一度、使用できる。","craft/buff","craft/buff_sub","ui/icon/001000/001737.tex","革細工師","革細工師",69,,False,0,50,"初手仕込","初手仕込","初手仕込","初手仕込","初手仕込","初手仕込","初手仕込","初手仕込"
100256,"初手仕込","<UIForeground>F201F4</UIForeground><UIGlow>F201F5</UIGlow>1ターン目のみ使用可能。<UIGlow>01</UIGlow><UIForeground>01</UIForeground>
一定確率でCPの消費量が軽減される「初手仕込」状態を付与する。
<UIForeground>F201F8</UIForeground><UIGlow>F201F9</UIGlow>マイスター時：<UIGlow>01</UIGlow><UIForeground>01</UIForeground>「初手仕込」の効果を終了させる代わりに、「マイスターの切札」が一度、使用できる。","craft/buff","craft/buff_sub","ui/icon/001000/001788.tex","裁縫師","裁縫師",69,,False,0,50,"初手仕込","初手仕込","初手仕込","初手仕込","初手仕込","初手仕込","初手仕込","初手仕込"
100257,"初手仕込","<UIForeground>F201F4</UIForeground><UIGlow>F201F5</UIGlow>1ターン目のみ使用可能。<UIGlow>01</UIGlow><UIForeground>01</UIForeground>
一定確率でCPの消費量が軽減される「初手仕込」状態を付与する。
<UIForeground>F201F8</UIForeground><UIGlow>F201F9</UIGlow>マイスター時：<UIGlow>01</UIGlow><UIForeground>01</UIForeground>「初手仕込」の効果を終了させる代わりに、「マイスターの切札」が一度、使用できる。","craft/buff","craft/buff_sub","ui/icon/001000/001838.tex","錬金術師","錬金術師",69,,False,0,50,"初手仕込","初手仕込","初手仕込","初手仕込","初手仕込","初手仕込","初手仕込","初手仕込"
100258,"初手仕込","<UIForeground>F201F4</UIForeground><UIGlow>F201F5</UIGlow>1ターン目のみ使用可能。<UIGlow>01</UIGlow><UIForeground>01</UIForeground>
一定確率でCPの消費量が軽減される「初手仕込」状態を付与する。
<UIForeground>F201F8</UIForeground><UIGlow>F201F9</UIGlow>マイスター時：<UIGlow>01</UIGlow><UIForeground>01</UIForeground>「初手仕込」の効果を終了させる代わりに、「マイスターの切札」が一度、使用できる。","craft/buff","craft/buff_sub","ui/icon/001000/001889.tex","調理師","調理師",69,,False,0,50,"初手仕込","初手仕込","初手仕込","初手仕込","初手仕込","初手仕込","初手仕込","初手仕込"
100259,"マイスターの切札：再生","<UIForeground>F201F8</UIForeground><UIGlow>F201F9</UIGlow>[マイスター専用アクション]<UIGlow>01</UIGlow><UIForeground>01</UIForeground>
「初手仕込」の効果を終了させ、代わりに耐久を25回復する。","craft/buff","craft/buff_sub","ui/icon/001000/001539.tex","木工師","木工師",69,"職人の高みを目指して",True,0,0,"マイスターの切札：再生","マイスターの切札：再生","マイスターの切札：再生","マイスターの切札：再生","マイスターの切札：再生","マイスターの切札：再生","マイスターの切札：再生","マイスターの切札：再生"
100260,"マイスターの切札：再生","<UIForeground>F201F8</UIForeground><UIGlow>F201F9</UIGlow>[マイスター専用アクション]<UIGlow>01</UIGlow><UIForeground>01</UIForeground>
「初手仕込」の効果を終了させ、代わりに耐久を25回復する。","craft/buff","craft/buff_sub","ui/icon/001000/001588.tex","鍛冶師","鍛冶師",69,"職人の高みを目指して",True,0,0,"マイスターの切札：再生","マイスターの切札：再生","マイスターの切札：再生","マイスターの切札：再生","マイスターの切札：再生","マイスターの切札：再生","マイスターの切札：再生","マイスターの切札：再生"
100261,"マイスターの切札：再生","<UIForeground>F201F8</UIForeground><UIGlow>F201F9</UIGlow>[マイスター専用アクション]<UIGlow>01</UIGlow><UIForeground>01</UIForeground>
「初手仕込」の効果を終了させ、代わりに耐久を25回復する。","craft/buff","craft/buff_sub","ui/icon/001000/001640.tex","甲冑師","甲冑師",69,"職人の高みを目指して",True,0,0,"マイスターの切札：再生","マイスターの切札：再生","マイスターの切札：再生","マイスターの切札：再生","マイスターの切札：再生","マイスターの切札：再生","マイスターの切札：再生","マイスターの切札：再生"
100262,"マイスターの切札：再生","<UIForeground>F201F8</UIForeground><UIGlow>F201F9</UIGlow>[マイスター専用アクション]<UIGlow>01</UIGlow><UIForeground>01</UIForeground>
「初手仕込」の効果を終了させ、代わりに耐久を25回復する。","craft/buff","craft/buff_sub","ui/icon/001000/001691.tex","彫金師","彫金師",69,"職人の高みを目指して",True,0,0,"マイスターの切札：再生","マイスターの切札：再生","マイスターの切札：再生","マイスターの切札：再生","マイスターの切札：再生","マイスターの切札：再生","マイスターの切札：再生","マイスターの切札：再生"
100263,"マイスターの切札：再生","<UIForeground>F201F8</UIForeground><UIGlow>F201F9</UIGlow>[マイスター専用アクション]<UIGlow>01</UIGlow><UIForeground>01</UIForeground>
「初手仕込」の効果を終了させ、代わりに耐久を25回復する。","craft/buff","craft/buff_sub","ui/icon/001000/001738.tex","革細工師","革細工師",69,"職人の高みを目指して",True,0,0,"マイスターの切札：再生","マイスターの切札：再生","マイスターの切札：再生","マイスターの切札：再生","マイスターの切札：再生","マイスターの切札：再生","マイスターの切札：再生","マイスターの切札：再生"
100264,"マイスターの切札：再生","<UIForeground>F201F8</UIForeground><UIGlow>F201F9</UIGlow>[マイスター専用アクション]<UIGlow>01</UIGlow><UIForeground>01</UIForeground>
「初手仕込」の効果を終了させ、代わりに耐久を25回復する。","craft/buff","craft/buff_sub","ui/icon/001000/001789.tex","裁縫師","裁縫師",69,"職人の高みを目指して",True,0,0,"マイスターの切札：再生","マイスターの切札：再生","マイスターの切札：再生","マイスターの切札：再生","マイスターの切札：再生","マイスターの切札：再生","マイスターの切札：再生","マイスターの切札：再生"
100265,"マイスターの切札：再生","<UIForeground>F201F8</UIForeground><UIGlow>F201F9</UIGlow>[マイスター専用アクション]<UIGlow>01</UIGlow><UIForeground>01</UIForeground>
「初手仕込」の効果を終了させ、代わりに耐久を25回復する。","craft/buff","craft/buff_sub","ui/icon/001000/001839.tex","錬金術師","錬金術師",69,"職人の高みを目指して",True,0,0,"マイスターの切札：再生","マイスターの切札：再生","マイスターの切札：再生","マイスターの切札：再生","マイスターの切札：再生","マイスターの切札：再生","マイスターの切札：再生","マイスターの切札：再生"
100266,"マイスターの切札：再生","<UIForeground>F201F8</UIForeground><UIGlow>F201F9</UIGlow>[マイスター専用アクション]<UIGlow>01</UIGlow><UIForeground>01</UIForeground>
「初手仕込」の効果を終了させ、代わりに耐久を25回復する。","craft/buff","craft/buff_sub","ui/icon/001000/001890.tex","調理師","調理師",69,"職人の高みを目指して",True,0,0,"マイスターの切札：再生","マイスターの切札：再生","マイスターの切札：再生","マイスターの切札：再生","マイスターの切札：再生","マイスターの切札：再生","マイスターの切札：再生","マイスターの切札：再生"
100267,"マイスターの切札：静穏","<UIForeground>F201F8</UIForeground><UIGlow>F201F9</UIGlow>[マイスター専用アクション]<UIGlow>01</UIGlow><UIForeground>01</UIForeground>
「初手仕込」の効果を終了させ、代わりにCPを65回復する。","craft/buff","craft/buff_sub","ui/icon/001000/001540.tex","木工師","木工師",69,"職人の高みを目指して",True,0,0,"マイスターの切札：静穏","マイスターの切札：静穏","マイスターの切札：静穏","マイスターの切札：静穏","マイスターの切札：静穏","マイスターの切札：静穏","マイスターの切札：静穏","マイスターの切札：静穏"
100268,"マイスターの切札：静穏","<UIForeground>F201F8</UIForeground><UIGlow>F201F9</UIGlow>[マイスター専用アクション]<UIGlow>01</UIGlow><UIForeground>01</UIForeground>
「初手仕込」の効果を終了させ、代わりにCPを65回復する。","craft/buff","craft/buff_sub","ui/icon/001000/001589.tex","鍛冶師","鍛冶師",69,"職人の高みを目指して",True,0,0,"マイスターの切札：静穏","マイスターの切札：静穏","マイスターの切札：静穏","マイスターの切札：静穏","マイスターの切札：静穏","マイスターの切札：静穏","マイスターの切札：静穏","マイスターの切札：静穏"
100269,"マイスターの切札：静穏","<UIForeground>F201F8</UIForeground><UIGlow>F201F9</UIGlow>[マイスター専用アクション]<UIGlow>01</UIGlow><UIForeground>01</UIForeground>
「初手仕込」の効果を終了させ、代わりにCPを65回復する。","craft/buff","craft/buff_sub","ui/icon/001000/001641.tex","甲冑師","甲冑師",69,"職人の高みを目指して",True,0,0,"マイスターの切札：静穏","マイスターの切札：静穏","マイスターの切札：静穏","マイスターの切札：静穏","マイスターの切札：静穏","マイスターの切札：静穏","マイスターの切札：静穏","マイスターの切札：静穏"
100270,"マイスターの切札：静穏","<UIForeground>F201F8</UIForeground><UIGlow>F201F9</UIGlow>[マイスター専用アクション]<UIGlow>01</UIGlow><UIForeground>01</UIForeground>
「初手仕込」の効果を終了させ、代わりにCPを65回復する。","craft/buff","craft/buff_sub","ui/icon/001000/001692.tex","彫金師","彫金師",69,"職人の高みを目指して",True,0,0,"マイスターの切札：静穏","マイスターの切札：静穏","マイスターの切札：静穏","マイスターの切札：静穏","マイスターの切札：静穏","マイスターの切札：静穏","マイスターの切札：静穏","マイスターの切札：静穏"
100271,"マイスターの切札：静穏","<UIForeground>F201F8</UIForeground><UIGlow>F201F9</UIGlow>[マイスター専用アクション]<UIGlow>01</UIGlow><UIForeground>01</UIForeground>
「初手仕込」の効果を終了させ、代わりにCPを65回復する。","craft/buff","craft/buff_sub","ui/icon/001000/001739.tex","革細工師","革細工師",69,"職人の高みを目指して",True,0,0,"マイスターの切札：静穏","マイスターの切札：静穏","マイスターの切札：静穏","マイスターの切札：静穏","マイスターの切札：静穏","マイスターの切札：静穏","マイスターの切札：静穏","マイスターの切札：静穏"
100272,"マイスターの切札：静穏","<UIForeground>F201F8</UIForeground><UIGlow>F201F9</UIGlow>[マイスター専用アクション]<UIGlow>01</UIGlow><UIForeground>01</UIForeground>
「初手仕込」の効果を終了させ、代わりにCPを65回復する。","craft/buff","craft/buff_sub","ui/icon/001000/001790.tex","裁縫師","裁縫師",69,"職人の高みを目指して",True,0,0,"マイスターの切札：静穏","マイスターの切札：静穏","マイスターの切札：静穏","マイスターの切札：静穏","マイスターの切札：静穏","マイスターの切札：静穏","マイスターの切札：静穏","マイスターの切札：静穏"
100273,"マイスターの切札：静穏","<UIForeground>F201F8</UIForeground><UIGlow>F201F9</UIGlow>[マイスター専用アクション]<UIGlow>01</UIGlow><UIForeground>01</UIForeground>
「初手仕込」の効果を終了させ、代わりにCPを65回復する。","craft/buff","craft/buff_sub","ui/icon/001000/001840.tex","錬金術師","錬金術師",69,"職人の高みを目指して",True,0,0,"マイスターの切札：静穏","マイスターの切札：静穏","マイスターの切札：静穏","マイスターの切札：静穏","マイスターの切札：静穏","マイスターの切札：静穏","マイスターの切札：静穏","マイスターの切札：静穏"
100274,"マイスターの切札：静穏","<UIForeground>F201F8</UIForeground><UIGlow>F201F9</UIGlow>[マイスター専用アクション]<UIGlow>01</UIGlow><UIForeground>01</UIForeground>
「初手仕込」の効果を終了させ、代わりにCPを65回復する。","craft/buff","craft/buff_sub","ui/icon/001000/001891.tex","調理師","調理師",69,"職人の高みを目指して",True,0,0,"マイスターの切札：静穏","マイスターの切札：静穏","マイスターの切札：静穏","マイスターの切札：静穏","マイスターの切札：静穏","マイスターの切札：静穏","マイスターの切札：静穏","マイスターの切札：静穏"
100275,"マイスターの切札：真価","<UIForeground>F201F8</UIForeground><UIGlow>F201F9</UIGlow>[マイスター専用アクション]<UIGlow>01</UIGlow><UIForeground>01</UIForeground>
「初手仕込」の効果を終了させ、代わりにインナークワイエットのスタックを+3する。（最大11）","craft/buff","craft/buff_sub","ui/icon/001000/001541.tex","木工師","木工師",69,"職人の高みを目指して",True,0,0,"マイスターの切札：真価","マイスターの切札：真価","マイスターの切札：真価","マイスターの切札：真価","マイスターの切札：真価","マイスターの切札：真価","マイスターの切札：真価","マイスターの切札：真価"
100276,"マイスターの切札：真価","<UIForeground>F201F8</UIForeground><UIGlow>F201F9</UIGlow>[マイスター専用アクション]<UIGlow>01</UIGlow><UIForeground>01</UIForeground>
「初手仕込」の効果を終了させ、代わりにインナークワイエットのスタックを+3する。（最大11）","craft/buff","craft/buff_sub","ui/icon/001000/001590.tex","鍛冶師","鍛冶師",69,"職人の高みを目指して",True,0,0,"マイスターの切札：真価","マイスターの切札：真価","マイスターの切札：真価","マイスターの切札：真価","マイスターの切札：真価","マイスターの切札：真価","マイスターの切札：真価","マイスターの切札：真価"
100277,"マイスターの切札：真価","<UIForeground>F201F8</UIForeground><UIGlow>F201F9</UIGlow>[マイスター専用アクション]<UIGlow>01</UIGlow><UIForeground>01</UIForeground>
「初手仕込」の効果を終了させ、代わりにインナークワイエットのスタックを+3する。（最大11）","craft/buff","craft/buff_sub","ui/icon/001000/001642.tex","甲冑師","甲冑師",69,"職人の高みを目指して",True,0,0,"マイスターの切札：真価","マイスターの切札：真価","マイスターの切札：真価","マイスターの切札：真価","マイスターの切札：真価","マイスターの切札：真価","マイスターの切札：真価","マイスターの切札：真価"
100278,"マイスターの切札：真価","<UIForeground>F201F8</UIForeground><UIGlow>F201F9</UIGlow>[マイスター専用アクション]<UIGlow>01</UIGlow><UIForeground>01</UIForeground>
「初手仕込」の効果を終了させ、代わりにインナークワイエットのスタックを+3する。（最大11）","craft/buff","craft/buff_sub","ui/icon/001000/001693.tex","彫金師","彫金師",69,"職人の高みを目指して",True,0,0,"マイスターの切札：真価","マイスターの切札：真価","マイスターの切札：真価","マイスターの切札：真価","マイスターの切札：真価","マイスターの切札：真価","マイスターの切札：真価","マイスターの切札：真価"
100279,"マイスターの切札：真価","<UIForeground>F201F8</UIForeground><UIGlow>F201F9</UIGlow>[マイスター専用アクション]<UIGlow>01</UIGlow><UIForeground>01</UIForeground>
「初手仕込」の効果を終了させ、代わりにインナークワイエットのスタックを+3する。（最大11）","craft/buff","craft/buff_sub","ui/icon/001000/001740.tex","革細工師","革細工師",69,"職人の高みを目指して",True,0,0,"マイスターの切札：真価","マイスターの切札：真価","マイスターの切札：真価","マイスターの切札：真価","マイスターの切札：真価","マイスターの切札：真価","マイスターの切札：真価","マイスターの切札：真価"
100280,"マイスターの切札：真価","<UIForeground>F201F8</UIForeground><UIGlow>F201F9</UIGlow>[マイスター専用アクション]<UIGlow>01</UIGlow><UIForeground>01</UIForeground>
「初手仕込」の効果を終了させ、代わりにインナークワイエットのスタックを+3する。（最大11）","craft/buff","craft/buff_sub","ui/icon/001000/001791.tex","裁縫師","裁縫師",69,"職人の高みを目指して",True,0,0,"マイスターの切札：真価","マイスターの切札：真価","マイスターの切札：真価","マイスターの切札：真価","マイスターの切札：真価","マイスターの切札：真価","マイスターの切札：真価","マイスターの切札：真価"
100281,"マイスターの切札：真価","<UIForeground>F201F8</UIForeground><UIGlow>F201F9</UIGlow>[マイスター専用アクション]<UIGlow>01</UIGlow><UIForeground>01</UIForeground>
「初手仕込」の効果を終了させ、代わりにインナークワイエットのスタックを+3する。（最大11）","craft/buff","craft/buff_sub","ui/icon/001000/001841.tex","錬金術師","錬金術師",69,"職人の高みを目指して",True,0,0,"マイスターの切札：真価","マイスターの切札：真価","マイスターの切札：真価","マイスターの切札：真価","マイスターの切札：真価","マイスターの切札：真価","マイスターの切札：真価","マイスターの切札：真価"
100282,"マイスターの切札：真価","<UIForeground>F201F8</UIForeground><UIGlow>F201F9</UIGlow>[マイスター専用アクション]<UIGlow>01</UIGlow><UIForeground>01</UIForeground>
「初手仕込」の効果を終了させ、代わりにインナークワイエットのスタックを+3する。（最大11）","craft/buff","craft/buff_sub","ui/icon/001000/001892.tex","調理師","調理師",69,"職人の高みを目指して",True,0,0,"マイスターの切札：真価","マイスターの切札：真価","マイスターの切札：真価","マイスターの切札：真価","マイスターの切札：真価","マイスターの切札：真価","マイスターの切札：真価","マイスターの切札：真価"
100283,"","","","","ui/icon/000000/000000.tex","すっぴん士","",0,,False,0,0,,,,,,,,
100284,"","","","","ui/icon/000000/000000.tex","すっぴん士","",0,,False,0,0,,,,,,,,
100285,"","","","","ui/icon/000000/000000.tex","すっぴん士","",0,,False,0,0,,,,,,,,
100286,"","","","","ui/icon/000000/000000.tex","すっぴん士","",0,,False,0,0,,,,,,,,
100287,"","","","","ui/icon/000000/000000.tex","すっぴん士","",0,,False,0,0,,,,,,,,
100288,"","","","","ui/icon/000000/000000.tex","すっぴん士","",0,,False,0,0,,,,,,,,
100289,"","","","","ui/icon/000000/000000.tex","すっぴん士","",0,,False,0,0,,,,,,,,
100290,"","","","","ui/icon/000000/000000.tex","すっぴん士","",0,,False,0,0,,,,,,,,
