key,0,1,2,3,4,5,6,7,8,9,10
#,GatheringType,GatheringLevel,Item[0],Item[1],Item[2],Item[3],Item[4],Item[5],Item[6],Item[7],IsLimited
int32,GatheringType,byte,Row,Row,Row,Row,Row,Row,Row,Row,bit&01
0,"採掘",0,"","","","","","","","",False
1,"採掘",0,"","","","","","","","",False
2,"採掘",0,"","","","","","","","",False
3,"採掘",0,"","","","","","","","",False
4,"採掘",0,"","","","","","","","",False
5,"採掘",0,"","","","","","","","",False
6,"採掘",0,"","","","","","","","",False
7,"採掘",0,"","","","","","","","",False
8,"採掘",0,"","","","","","","","",False
9,"採掘",0,"","","","","","","","",False
10,"伐採",10,"","ラノシアオレンジ","ククルビーン","","","","","アースシャード",False
11,"伐採",5,"ラテックス","メープル原木","メープルの枝","アラガンスネイル","","","アイスシャード","ウィンドシャード",False
12,"伐採",5,"ラテックス","メープル原木","メープルの枝","","","","","アースシャード",False
13,"伐採",5,"メープル樹液","シナモン","蜜蜂の巣","","","","","アースシャード",False
14,"草刈",15,"クルザスカロット","モコ草","グラスバイパー","ライ麦","","","","ウォーターシャード",False
15,"伐採",10,"アッシュ原木","ティノルカミスルトゥ","アッシュの枝","","","","","アースシャード",False
16,"伐採",10,"アッシュ原木","ティノルカミスルトゥ","アッシュの枝","クロウの羽根","","","","ウィンドシャード",False
17,"伐採",15,"エルム原木","チェスナット","","","","","","ウィンドシャード",False
18,"草刈",15,"ガーリック","ワイルドオニオン","オーガパンプキン","","","","","ウォーターシャード",False
19,"草刈",15,"マージョラム","バッファロービーン","ツリートード","腐葉土","","","","ウィンドシャード",False
20,"砕岩",40,"グレネードの灰","","","","","","","ウィンドシャード",False
21,"草刈",15,"カーネーション","草綿","ラベンダー","シャンテレール","","","","ウィンドシャード",False
22,"伐採",20,"フェアリーアップル","ユー原木","ユーの枝","","","","","ウィンドシャード",False
23,"草刈",20,"ギルバン","ベラドンナ","ガラゴミント","黒衣森の苗","","","","ウィンドシャード",False
24,"伐採",25,"ノフィカミスルトゥ","ウォルナット","ウォルナット原木","","","","","アイスシャード",False
25,"草刈",15,"パースニップ","ジンセン","ブラックペッパー","","","","","ライトニングシャード",False
26,"草刈",30,"ジェードピー","エッグプラント","ミッドランドキャベツ","ムアリーチ","","","","アースシャード",False
27,"伐採",30,"アリゲーターペア","チョコボの羽根","","","","","","アイスシャード",False
28,"伐採",35,"オーク原木","オークの枝","タランチュラ","","","","","アイスシャード",False
29,"草刈",35,"ホワイトトリュフ","フェザントの羽根","亜麻","","","","","アイスシャード",False
30,"草刈",15,"小麦","麦わら","ラノシアレタス","ルビートマト","","","","ファイアシャード",False
31,"草刈",15,"オリーヴ","ハイランドパセリ","スピナッチ","ローランドグレープ","","","","アースシャード",False
32,"伐採",30,"","","","","パープルピグメント","","","ライトニングシャード",False
33,"伐採",20,"ノパル","","","","","","","ライトニングシャード",False
34,"伐採",20,"サンレモン","","","","","","","アースシャード",False
35,"伐採",20,"","","","","","コールマターG1","","アイスシャード",False
36,"砕岩",35,"霊銀砂","","","","","","","ライトニングシャード",False
37,"伐採",30,"","","","","グリーンピグメント","","","ウィンドシャード",False
38,"草刈",20,"ポポト","ホワイトスコーピオン","ザナラーンの苗","","","","","ファイアシャード",False
39,"草刈",20,"パプリカ","レンティル","ラノシアの苗","","","","","アイスシャード",False
40,"草刈",25,"ボタンマッシュルーム","アラミゴマスタード","パールジンジャー","ミリオンコーン","","","","ファイアシャード",False
41,"草刈",25,"ピクシープラム","カモミール","スティッキーライス","ノーブルグレープ","","","","アースシャード",False
42,"伐採",30,"","","","","レッドピグメント","","","ファイアシャード",False
43,"伐採",50,"","","","","","","","ライトニングシャード",False
44,"伐採",30,"","","","","グレイピグメント","","","アイスシャード",False
45,"砕岩",30,"","","","","グレイピグメント","","","アイスシャード",False
46,"砕岩",45,"青金砂","大理石","","","","","","アースシャード",False
47,"採掘",25,"銀鉱","ソーダ水","","","","","","アイスシャード",False
48,"砕岩",25,"土性岩","氷性岩","風性岩","銀砂","","","","アイスシャード",False
49,"採掘",40,"スピネル原石","トルマリン原石","ブラックアルメン","","","","","アイスシャード",False
50,"伐採",30,"","","","ブラウンピグメント","イエローピグメント","","","アースシャード",False
51,"伐採",5,"調査地域のメープル原木","トレントのどんぐり","","","","","","",False
52,"伐採",5,"アッシュの若木","東岸のミスルトゥ","","","","","","",False
53,"伐採",5,"たき火用の薪","","","","","","","",False
54,"伐採",5,"不純物のないラテックス","","","","","","","",False
55,"伐採",10,"択伐地のアッシュ原木","良質なアッシュ原木","","","","","","",False
56,"伐採",10,"天柱樹の根","天柱樹の丈夫な根","","","","","","",False
57,"伐採",10,"オチューの種子","","","","","","","",False
58,"伐採",10,"胞子が張り付いた樹皮","","","","","","","",False
59,"伐採",15,"大ぶりのチェスナット","黄金のチェスナット","","","","","","",False
60,"伐採",15,"アッシュの若木","西岸のミスルトゥ","","","","","","",False
61,"伐採",15,"柵に適したアッシュ原木","","","","","","","",False
62,"伐採",15,"ローズレットの種子","ローズレットの芽吹いた種子","","","","","","",False
63,"草刈",20,"ハキダメ草","クチナシ草","","","","","","",False
64,"伐採",20,"特濃メープル樹液","","","","","","","",False
65,"伐採",20,"印が刻まれた樹皮","","","","","","","",False
66,"伐採",20,"大イバラの蜜","乾燥ムントゥイ豆","","","","","","",False
67,"草刈",20,"ティノルカアヤメ","囓られたガラゴミント","","","","","","",False
68,"伐採",25,"露出した樹木の根","丈夫な樹木の根","","","","","","",False
69,"草刈",25,"上質のガラゴミント","","","","","","","",False
70,"伐採",25,"ゲルモラ時代の古銭","","","","","","","",False
71,"伐採",25,"たき火用の薪","","","","","","","",False
72,"伐採",30,"伸びすぎた枝","毛虫","","","","","","",False
73,"草刈",30,"ハキダメ草","クチナシ草","","","","","","",False
74,"草刈",30,"アカトゲの実","","","","","","","",False
75,"伐採",30,"ブラックシュラウドアップル","","","","","","","",False
76,"伐採",30,"謎めいたキノコ","","","","","","","",False
77,"伐採",35,"サゴパームの幹","サゴパームの種","","","","","","",False
78,"草刈",35,"しなびた葉","","","","","","","",False
79,"草刈",35,"オシュオンローゼルのガク","","","","","","","",False
80,"伐採",35,"椰子の実","","","","","","","",False
81,"草刈",40,"クルザスミント","良質のクルザスミント","","","","","","",False
82,"伐採",40,"良質のオーク原木","","","","","","","",False
83,"草刈",40,"ショートウィード","","","","","","","",False
84,"伐採",40,"流木の枝","流木の幹","","","","","","",False
85,"伐採",45,"マダラカミキリ","病に冒された樹皮","","","","","","",False
86,"伐採",45,"真っ直ぐな枝","","","","","","","",False
87,"伐採",45,"ハイランドチークの原木","","","","","","","",False
88,"伐採",45,"傷ついた樹皮","符号が刻まれた樹皮","","","","","","",False
89,"草刈",50,"遺物の欠片","汚れたアラガンストーン","","","","","","",False
90,"伐採",50,"足場用の木材","","","","","","","",False
91,"草刈",50,"結晶化した下草","","","","","","","",False
92,"伐採",50,"半結晶化した枝","半結晶化した幹","","","","","","",False
93,"採掘",5,"薄汚れたレンガ","硬いレンガ","","","","","","",False
94,"採掘",5,"風化した岩盤の欠片","硬い岩盤の欠片","","","","","","",False
95,"採掘",5,"良質の黄銅鉱","","","","","","","",False
96,"採掘",5,"低純度の銅鉱","","","","","","","",False
97,"採掘",10,"薄汚れたレンガ","硬いレンガ","","","","","","",False
98,"採掘",10,"サンプル用の岩石","サンプル用の鉱石","","","","","","",False
99,"採掘",10,"茶色の石塊","","","","","","","",False
100,"採掘",10,"良質の亜鉛鉱","","","","","","","",False
101,"採掘",15,"薄汚れた石材","綺麗な石材","","","","","","",False
102,"採掘",15,"サンプル用の岩石","サンプル用の鉱石","","","","","","",False
103,"採掘",15,"ペイストの薄皮","","","","","","","",False
104,"採掘",15,"風化した岩盤の欠片","硬い岩盤の欠片","","","","","","",False
105,"採掘",20,"サンプル用の岩石","サンプル用の鉱石","","","","","","",False
106,"採掘",20,"アースパワーストーン","","","","","","","",False
107,"採掘",20,"墓石用の石材","","","","","","","",False
108,"採掘",20,"赤茶けた岩石","魔力を帯びた岩石","","","","","","",False
109,"採掘",25,"輝きのない砂利","わずかに輝く砂利","","","","","","",False
110,"砕岩",25,"苔むした石材","","","","","","","",False
111,"砕岩",25,"良質のシルト岩","","","","","","","",False
112,"採掘",25,"石壁用の石材","","","","","","","",False
113,"採掘",30,"土まみれの石","文字が刻まれた石","","","","","","",False
114,"採掘",30,"醸造庫用の火打石","","","","","","","",False
115,"採掘",30,"石壁の欠片","","","","","","","",False
116,"採掘",30,"守灯籠用の石材","","","","","","","",False
117,"採掘",35,"茶色に輝く小石","緑色に輝く小石","","","","","","",False
118,"採掘",35,"良質の鉄鉱","","","","","","","",False
119,"採掘",35,"古代の貝殻","","","","","","","",False
120,"採掘",35,"モラビーオイスター","","","","","","","",False
121,"採掘",40,"補修用の石材","良質の補修用の石材","","","","","","",False
122,"採掘",40,"圧雪ブロック","","","","","","","",False
123,"採掘",40,"クルザス石灰岩","","","","","","","",False
124,"採掘",40,"青霊銀鉱","良質の青霊銀鉱","","","","","","",False
125,"採掘",45,"大氷壁の氷片","大氷壁の硬い氷片","","","","","","",False
126,"採掘",45,"白鉄鉱","","","","","","","",False
127,"採掘",45,"修繕用の石材","","","","","","","",False
128,"採掘",45,"クルザスの凍土","クルザスの永久凍土","","","","","","",False
129,"採掘",50,"飛空戦艦の装甲材","飛空戦艦の超硬合金","","","","","","",False
130,"採掘",50,"遺跡のクリスタル","","","","","","","",False
131,"砕岩",50,"傷ついたアラガンストーン","","","","","","","",False
132,"採掘",50,"結晶化した根","結晶化した幹","","","","","","",False
133,"草刈",35,"アロエ","ローレル","デザートサフラン","ブラッドグラス","","","","ライトニングシャード",False
134,"草刈",35,"ミッドランドバジル","マンドレイク","リーキ","ドラゴンペッパー","","","","ウォーターシャード",False
135,"伐採",40,"","","","","","","","ウィンドシャード",False
136,"伐採",40,"","","","","","","","アイスシャード",False
137,"伐採",40,"アイアンエーコン","マホガニー原木","ナツメグ","アーモンド","","","","ウォーターシャード",False
138,"伐採",30,"","","","","ブルーピグメント","","","ウォーターシャード",False
139,"伐採",30,"","","","","レッドピグメント","","ファイアクリスタル","ファイアシャード",False
140,"草刈",40,"タイム","ブラッドカーラント","","","","","","アイスシャード",False
141,"草刈",40,"マグワート","アーティチョーク","ズッキーニ","","","","","ウォーターシャード",False
142,"伐採",45,"シャインアップル","ミスルトゥ","","","","","","アイスシャード",False
143,"草刈",45,"サゴリーセージ","ブラックスコーピオン","ロランベリー","ダートフロッグ","","","","アースシャード",False
144,"伐採",50,"","","","","","","","ファイアシャード",False
145,"伐採",40,"","","","","","","","",False
146,"伐採",50,"","","","","","","","ウォーターシャード",False
147,"伐採",50,"ローズウッド原木","ローズウッドの枝","","","","","","ウィンドシャード",False
148,"伐採",10,"コックの羽根","クローヴ","","","","","","ライトニングシャード",False
149,"草刈",50,"ザナラーン茶葉","ラーヴァトード","メイデングラス","","","","","ライトニングシャード",False
150,"砕岩",50,"","","","","","","アースクリスタル","アースシャード",False
151,"砕岩",50,"","","","","","","","ウォーターシャード",False
152,"採掘",10,"ラピスラズリ原石","粘土","","","","","","アースシャード",False
153,"採掘",5,"銅鉱","濁水","","","","","ウィンドシャード","ライトニングシャード",False
154,"採掘",5,"銅鉱","濁水","","","","","ファイアシャード","ウォーターシャード",False
155,"採掘",10,"錫鉱","枯骨","亜鉛鉱","","","","","ライトニングシャード",False
156,"採掘",10,"錫鉱","枯骨","亜鉛鉱","黒曜石","","","","ウォーターシャード",False
157,"採掘",5,"骨片","","","","","","ウィンドシャード","ライトニングシャード",False
158,"採掘",15,"","","鉄鉱","","","","","ウォーターシャード",False
159,"砕岩",15,"辰砂","銅砂","砂鉄","","","","","ウォーターシャード",False
160,"採掘",20,"マラカイト原石","フローライト原石","アルメン","","","","","ファイアシャード",False
161,"採掘",20,"ダンビュライト原石","桜貝","","","","","","アイスシャード",False
162,"砕岩",30,"","","","","ブルーピグメント","","","ウォーターシャード",False
163,"砕岩",30,"","","","","グリーンピグメント","","","ウィンドシャード",False
164,"砕岩",20,"","","","","コールマターG1","","","ファイアシャード",False
165,"伐採",30,"","","","","グレイピグメント","","アイスクリスタル","アイスシャード",False
166,"砕岩",20,"泥岩","石灰岩","","","","","","アイスシャード",False
167,"砕岩",25,"火性岩","雷性岩","水性岩","","","","","アースシャード",False
168,"採掘",30,"飛竜黒曜石","硝石","","","","","","ファイアシャード",False
169,"砕岩",30,"ボムの灰","珪砂","","","","","","ライトニングシャード",False
170,"伐採",5,"","","","","","","ルビースプルースの枝","アイスシャード",False
171,"伐採",30,"","","","ブラウンピグメント","イエローピグメント","","アースクリスタル","アースシャード",False
172,"砕岩",30,"","","","","レッドピグメント","","","ファイアシャード",False
173,"伐採",30,"","","","","グリーンピグメント","","ウィンドクリスタル","ウィンドシャード",False
174,"砕岩",30,"","","","","パープルピグメント","","","ライトニングシャード",False
175,"伐採",30,"","","","","パープルピグメント","","ライトニングクリスタル","ライトニングシャード",False
176,"砕岩",30,"硫黄","シルト岩","","","","","","アースシャード",False
177,"採掘",35,"ヘリオドール原石","霊銀鉱","","","","","","ライトニングシャード",False
178,"採掘",35,"ペリドット原石","アメジスト原石","御影石","","","","","ウィンドシャード",False
179,"採掘",35,"アクアマリン原石","ガーネット原石","ゴシェナイト原石","","","","","ウォーターシャード",False
180,"採掘",40,"ジルコン原石","ジェード","","","","","","アイスシャード",False
181,"採掘",5,"","","","","","","小さな御影石","アースシャード",False
182,"砕岩",40,"","","","","","","","",False
183,"砕岩",30,"","","","ブラウンピグメント","イエローピグメント","","","アースシャード",False
184,"伐採",30,"","","","","ブルーピグメント","","ウォータークリスタル","ウォーターシャード",False
185,"採掘",45,"アンバー原石","ルベライト原石","","","","","","ファイアシャード",False
186,"採掘",45,"ターコイズ原石","青金鉱","","","","","","アースシャード",False
187,"採掘",10,"サンストーン原石","","","","","","","アースシャード",False
188,"伐採",40,"","","","","","","ウィンドクリスタル","ウィンドシャード",False
189,"採掘",50,"鏡鉄鉱","オーガの角","陸亀の甲羅","バジリスクの卵","","","","ウィンドシャード",False
190,"採掘",20,"スフェーン原石","","","","","","","アースシャード",False
191,"砕岩",50,"","","","","","","","ウィンドシャード",False
192,"砕岩",50,"","","","","","","","アイスシャード",False
193,"砕岩",50,"","","","","","","","アースシャード",False
194,"砕岩",15,"岩塩","砂岩","細砂","","","","","ライトニングシャード",False
195,"伐採",40,"","","","","","","アイスクリスタル","アイスシャード",False
196,"伐採",40,"","","","","","","","",False
197,"伐採",50,"","","","","","","ファイアクリスタル","ファイアシャード",False
198,"伐採",50,"","","","","","","ウォータークリスタル","ウォーターシャード",False
199,"伐採",50,"","","","","","","ライトニングクリスタル","ライトニングシャード",False
200,"砕岩",30,"","","","","グリーンピグメント","","ウィンドクリスタル","ウィンドシャード",False
201,"砕岩",30,"","","","","レッドピグメント","","ファイアクリスタル","ファイアシャード",False
202,"砕岩",30,"","","","","パープルピグメント","","ライトニングクリスタル","ライトニングシャード",False
203,"砕岩",30,"","","","ブラウンピグメント","イエローピグメント","","アースクリスタル","アースシャード",False
204,"砕岩",30,"","","","","ブルーピグメント","","ウォータークリスタル","ウォーターシャード",False
205,"砕岩",30,"","","","","グレイピグメント","","アイスクリスタル","アイスシャード",False
206,"採掘",5,"","","","","","","高純度ウォーターシャード","ライトニングシャード",False
207,"砕岩",40,"","","","","","","","",False
208,"採掘",5,"","","","","","","戦神鉱","アイスシャード",False
209,"砕岩",50,"","","","","","","ウィンドクリスタル","ウィンドシャード",False
210,"砕岩",50,"","","","","","","アイスクリスタル","アイスシャード",False
211,"伐採",50,"スプルース原木","","","","","","","",True
212,"伐採",50,"ヴァンパイアプラント","","","","","","","",True
213,"伐採",50,"サベネアミスルトゥ","","","","","","","",True
214,"伐採",50,"パイナップル","パイナップルの種","","","","","","",True
215,"伐採",50,"ファイアクラスター","アイスクラスター","ウィンドクラスター","アースクラスター","","ライトニングクラスター","ウォータークラスター","",True
216,"草刈",50,"生マユ","マズラヤの野草","","","","","","",True
217,"草刈",50,"トリリウム","マズラヤの野草","","","","","","",True
218,"草刈",50,"トリリウムの球根","ミニマンドラゴラ","マズラヤの野草","","","","","",True
219,"草刈",50,"ハニーレモン","ハニーレモンの種","","","","","","",True
220,"草刈",50,"ゼーメルトマト","ゼーメルトマトの種","","","","","","",True
221,"草刈",50,"ブラックトリュフ","マズラヤの野草","","","","","","",True
222,"採掘",50,"闇鉄鉱","グレガリアスワーム","","","","","","",True
223,"採掘",50,"金鉱","コブランラーヴァ","グレガリアスワーム","","","","","",True
224,"砕岩",50,"ラノシア岩塩","","","","","","","",True
225,"砕岩",50,"星性岩","","","","","","","",True
226,"砕岩",50,"金砂","","","","","","","",True
227,"砕岩",50,"ファイアクラスター","アイスクラスター","ウィンドクラスター","アースクラスター","","ライトニングクラスター","ウォータークラスター","",True
228,"伐採",50,"","","","","","","","",False
229,"砕岩",50,"","","","","","","","",False
230,"伐採",50,"緋樹液","","","","","","","",True
231,"伐採",50,"アプリコット","","","","","","","",True
232,"伐採",50,"ブラッドオレンジ","バンブー材","","","","","","",True
233,"草刈",50,"ティノルカ茶葉","マズラヤの野草","","","","","","",True
234,"草刈",50,"ラノシアリーキ","マズラヤの野草","水鳥の羽根","","","","","",True
235,"草刈",50,"ソフトスピナッチ","マズラヤの野草","","","","","","",True
236,"採掘",50,"鉄重石","アイオライト原石","トパーズ原石","グレガリアスワーム","","","","",True
237,"採掘",50,"自然金","ダイヤモンド原石","エメラルド原石","グレガリアスワーム","","","","",True
238,"採掘",50,"ルビー原石","サファイア原石","グレガリアスワーム","","","","","",True
239,"砕岩",50,"ラノシアンソイルG3","ファイアクラスター","","","","","","",True
240,"砕岩",50,"シュラウドソイルG3","霊性岩","","","","","","",True
241,"砕岩",50,"ザナラーンソイルG3","ウォータークラスター","","","","","","",True
242,"伐採",50,"黒衣香木","","","","","","","",True
243,"伐採",5,"","","","","","","良質なオークの枝","アースシャード",False
244,"伐採",5,"","","","","","","タングルヒルギの枝","ライトニングシャード",False
245,"伐採",50,"高級黒衣香木","","","","","","","",True
246,"砕岩",50,"強霊性岩","","","","","","","",True
247,"採掘",50,"白金鉱","グレガリアスワーム","","","","","","",True
248,"伐採",50,"エボニー原木","","","","","","","",True
249,"伐採",50,"サイプレス原木","","","","","","","",True
250,"砕岩",50,"パミスストーン","","","","","","","",True
251,"草刈",50,"ローズマリー","マズラヤの野草","","","","","","",True
252,"採掘",50,"バジリスクの初卵","グレガリアスワーム","","","","","","",True
253,"草刈",55,"紅玉草の根","良質な紅玉草の根","","","","","","",False
254,"草刈",55,"聖人草","","","","","","","",False
255,"伐採",55,"クルザスシダーの枝","クルザスシダー原木","","","","","","",False
256,"草刈",55,"リンドウ","良質なリンドウ","","","","","","",False
257,"草刈",55,"リュウクワズの草","","","","","","","",False
258,"伐採",55,"七天樹の根","","","","","","","",False
259,"草刈",55,"不可思議な野草","謎めいた野草","","","","","","",False
260,"草刈",55,"古のダンドリオン","","","","","","","",False
261,"草刈",55,"ドラヴァニア雲海の野草","食いちぎられた野草","","","","","","",False
262,"伐採",60,"巨大アーティチョーク","","","","","","","",False
263,"草刈",60,"ブルークラウド","","","","","","","",False
264,"草刈",60,"甘い花蜜","香り高い花蜜","","","","","","",False
265,"伐採",60,"ブラックシダーの枝","ブラックシダー原木","","","","","","",False
266,"草刈",60,"サリャクの指","","","","","","","",False
267,"伐採",60,"若木の枝","良質の若木の枝","","","","","","",False
268,"採掘",55,"重い火山岩","頑丈な火山岩","","","","","","",False
269,"採掘",55,"監視塔用の石材","","","","","","","",False
270,"採掘",55,"風化した石材","丈夫な石材","","","","","","",False
271,"採掘",55,"遺跡の石材","異端風の石材","","","","","","",False
272,"採掘",55,"数槍鉱","","","","","","","",False
273,"採掘",55,"良質なスターサファイア原石","","","","","","","",False
274,"採掘",55,"雲海の土","雲海の岩石","","","","","","",False
275,"砕岩",55,"蒼天砂","","","","","","","",False
276,"採掘",55,"泥まみれの古銭","鈍く光る矢尻","","","","","","",False
277,"採掘",60,"亜戦神鉱","","","","","","","",False
278,"砕岩",60,"雲海砂","","","","","","","",False
279,"採掘",60,"小ぶりの雲海軽石","大ぶりの雲海軽石","","","","","","",False
280,"採掘",60,"短剣鉱","良質な短剣鉱","","","","","","",False
281,"採掘",60,"透明感のあるクリスタル","","","","","","","",False
282,"採掘",60,"廃都の古びた建材","廃都の建材","","","","","","",False
283,"採掘",0,"","","","","","","","",False
284,"採掘",50,"大龍黒曜石","","","","","","","アイスクリスタル",False
285,"採掘",55,"ラリマール原石","モルモリオン原石","","","","","","アイスクリスタル",False
286,"採掘",55,"スタールビー原石","スターサファイア原石","","","","","","ファイアクリスタル",False
287,"採掘",55,"アゲート原石","タイガーズアイ原石","ドラヴァニア天然水","","","","","ファイアクリスタル",False
288,"砕岩",55,"精霊銀砂","","","","","","","アイスクリスタル",False
289,"採掘",60,"重石華","","","","","","","",True
290,"砕岩",60,"沸石","","","","","","","",True
291,"採掘",60,"輝金鉱","","","","","","","",True
292,"伐採",60,"チーク原木","","","","","","","",True
293,"草刈",60,"星綿","","","","","","","",True
294,"伐採",50,"シーダー原木","シーダーの枝","","","","","","アイスクリスタル",False
295,"伐採",55,"ダークチェスナット原木","ダークチェスナットの枝","","","","","","ファイアクリスタル",False
296,"草刈",55,"虹綿","イノンド","","","","","","アイスクリスタル",False
297,"草刈",55,"ハイランド小麦","青麻","","","","","","ファイアクリスタル",False
298,"草刈",55,"マグマビート","","","","","","","アースクリスタル",False
299,"伐採",60,"ブラウンマッシュルーム","","","","","","","",True
300,"草刈",60,"ヘンルーダ","コリアンダー","淡雪綿","氷筍","","","","アイスクリスタル",False
301,"草刈",60,"ノーブルセージ","","","","","","","",True
302,"草刈",60,"ダンデライオン","","","","","","","アースクリスタル",False
303,"草刈",60,"セサミ","","","","","","","ライトニングクリスタル",False
304,"草刈",60,"タンジー","キャットニップ","","","","","","ウィンドクリスタル",False
305,"砕岩",60,"ライトニンググラベル","","","","レイディアントアストラルグラベル","レイディアントライトニンググラベル","強雷性岩","ライトニングクラスター",False
306,"採掘",60,"レッドオーライト","","","","","","","アイスクラスター",False
307,"砕岩",60,"ファイアグラベル","","","","レイディアントアストラルグラベル","レイディアントファイアグラベル","強火性岩","ファイアクラスター",False
308,"採掘",60,"グリーンオーライト","","","","","","","ファイアクラスター",False
309,"砕岩",60,"ファイアグラベル","","","","レイディアントアストラルグラベル","レイディアントファイアグラベル","強火性岩","ファイアクラスター",False
310,"採掘",60,"ブルーオーライト","","","","","","","ウィンドクラスター",False
311,"砕岩",60,"ファイアグラベル","","","","レイディアントアストラルグラベル","レイディアントファイアグラベル","強火性岩","ファイアクラスター",False
312,"採掘",60,"イエローオーライト","","","","","","","アースクラスター",False
313,"砕岩",60,"ライトニンググラベル","","","","レイディアントアストラルグラベル","レイディアントライトニンググラベル","強雷性岩","ライトニングクラスター",False
314,"採掘",60,"バイオレットオーライト","","","","","","","ウォータークラスター",False
315,"採掘",50,"黄銅鉱","","","","","","","",True
316,"採掘",55,"黄鉄鉱","褐鉄鉱","輝銅鉱","","","","","",True
317,"砕岩",55,"グリーンクォーツ","イエロークォーツ","","","","","","",True
318,"砕岩",60,"アバラシア岩塩","レッドクォーツ","","","","","","",True
319,"採掘",60,"赤鉄鉱","赤銅鉱","","","","","","",True
320,"採掘",60,"アダマン鉱","","","","","","","",True
321,"砕岩",60,"アストラルグラベル","バイオレットクォーツ","","","","","","",True
322,"採掘",0,"","","","","","","","",False
323,"採掘",60,"皇金鉱","光霊銀鉱","","","","","","",True
324,"砕岩",60,"金雲母","","","","","","","",True
325,"砕岩",60,"ブルークォーツ","","","","","","","",True
326,"採掘",60,"レッドアルメン","","","","","","","",True
327,"草刈",60,"オレガノ","","","","メネフィナローレル","クラリーセージ","スペアミント","ウィンドクラスター",False
328,"伐採",60,"ヴォイドナッツ","","","","","","","ウォータークラスター",False
329,"草刈",60,"オレガノ","","","","メネフィナローレル","クラリーセージ","スペアミント","ウィンドクラスター",False
330,"草刈",60,"フォックスグローブ","","","","","","","アイスクラスター",False
331,"草刈",60,"赤玉土","","","","メネフィナローレル","黒土","ピートモス","アースクラスター",False
332,"草刈",60,"ブレードリーフ","","","","","","","ファイアクラスター",False
333,"草刈",60,"赤玉土","","","","メネフィナローレル","黒土","ピートモス","アースクラスター",False
334,"伐採",60,"ワイバーンシュルーム","","","","","","","アースクラスター",False
335,"草刈",60,"オレガノ","","","","メネフィナローレル","クラリーセージ","スペアミント","ウィンドクラスター",False
336,"伐採",60,"ヴォイドナッツ","","","","","","","ライトニングクラスター",False
337,"草刈",60,"赤玉土","","","","メネフィナローレル","黒土","ピートモス","アースクラスター",False
338,"草刈",60,"ブラックスワンの羽根","","","","","","","ウィンドクラスター",False
339,"草刈",55,"プチキャベツ","クルザス茶葉","チャイブ","プチキャベツの種","クルザス茶樹の種","","","",True
340,"草刈",50,"オールドワールドフィグ","オールドワールドフィグの種","","","","","","",True
341,"伐採",55,"ポルチーニ","ドラヴァニアミスルトゥ","","","","","","",True
342,"伐採",60,"ヘヴンズドレモン","アバラシアミスルトゥ","","","","","","",True
343,"伐採",60,"クラウドバナナ","モリーユ","","","","","","",True
344,"草刈",60,"カベイジの野菜","","","","","","","",True
345,"草刈",60,"バニラビーンズ","ドラヴァニアパプリカ","雪綿","","","","","",True
346,"採掘",0,"","","","","","","","",False
347,"草刈",60,"アストラルフラワー","","","","","","","",True
348,"伐採",60,"スイートアーモンド","","","","","","","",True
349,"草刈",60,"スナーブルベリー","","","","","","","",True
350,"伐採",60,"ワットル樹皮","","","","","","","",True
351,"採掘",60,"シトリン原石","イブニングジェード","氷筍","","","","","アイスクリスタル",False
352,"採掘",60,"オパール原石","カーネリアン原石","イブニングジェード","枯角","レインボーピグメント","","","ファイアクリスタル",False
353,"採掘",60,"クリソライト原石","真龍黒曜石","イブニングジェード","ラザハン古銭","","","","ウィンドクリスタル",False
354,"採掘",60,"アバラシア天然水","皇金砂","イブニングジェード","ナチュラルマーブル","","","ライトニングクリスタル","ウォータークリスタル",False
355,"砕岩",60,"硬銀砂","白雲母","テクタイト","古竜骨片","光霊銀砂","ダスケンモス","","アースクリスタル",False
356,"伐採",60,"バーチの枝","バーチ樹液","クラウドマッシュルーム","スカイウィドー","","","","ウォータークリスタル",False
357,"採掘",0,"","","","","","","","",False
358,"草刈",60,"エキナセア","ペリウィンクル","レインボーピグメント","","","","","ファイアクリスタル",False
359,"草刈",60,"ダンデライオン","ペリウィンクル","ダスケンモス","","","","","アースクリスタル",False
360,"草刈",60,"セサミ","ペリウィンクル","ナチュラルマーブル","","","","","ライトニングクリスタル",False
361,"草刈",60,"タンジー","キャットニップ","ペリウィンクル","ラザハン古銭","","","","ウィンドクリスタル",False
362,"伐採",60,"クラウンミスルトゥ","バーチの枝","バーチ樹液","バーチ原木","","","","アースクリスタル",False
363,"伐採",60,"クラウンミスルトゥ","バーチの枝","バーチ樹液","バーチ原木","","","","アースクリスタル",False
364,"草刈",60,"雲綿","サイクロプスオニオン","エメラルドビーン","","","","","アースクリスタル",False
365,"草刈",60,"雲綿","サイクロプスオニオン","エメラルドビーン","","","","","アースクリスタル",False
366,"伐採",60,"クラウンミスルトゥ","バーチの枝","バーチ樹液","バーチ原木","","","","ウィンドクリスタル",False
367,"伐採",60,"クラウンミスルトゥ","バーチの枝","バーチ樹液","バーチ原木","","","","ウィンドクリスタル",False
368,"草刈",60,"雲綿","サイクロプスオニオン","エメラルドビーン","","","","","ウィンドクリスタル",False
369,"草刈",60,"雲綿","サイクロプスオニオン","エメラルドビーン","","","","","ウィンドクリスタル",False
370,"伐採",60,"クラウンミスルトゥ","バーチの枝","バーチ樹液","バーチ原木","","","","ウォータークリスタル",False
371,"伐採",60,"クラウンミスルトゥ","バーチの枝","バーチ樹液","バーチ原木","","","","ウォータークリスタル",False
372,"草刈",60,"雲綿","サイクロプスオニオン","エメラルドビーン","","","","","ウォータークリスタル",False
373,"草刈",60,"雲綿","サイクロプスオニオン","エメラルドビーン","","","","","ウォータークリスタル",False
374,"伐採",60,"クラウンミスルトゥ","バーチの枝","バーチ樹液","バーチ原木","","","","ライトニングクリスタル",False
375,"伐採",60,"クラウンミスルトゥ","バーチの枝","バーチ樹液","バーチ原木","","","","ライトニングクリスタル",False
376,"草刈",60,"雲綿","サイクロプスオニオン","エメラルドビーン","","","","","ライトニングクリスタル",False
377,"草刈",60,"雲綿","サイクロプスオニオン","エメラルドビーン","","","","","ライトニングクリスタル",False
378,"採掘",60,"閃亜鉛鉱","チタン鉱","硬銀鉱","精霊銀鉱","","","","ファイアクリスタル",False
379,"採掘",60,"閃亜鉛鉱","チタン鉱","硬銀鉱","精霊銀鉱","","","","ファイアクリスタル",False
380,"採掘",60,"閃亜鉛鉱","チタン鉱","硬銀鉱","精霊銀鉱","","","","ファイアクリスタル",False
381,"採掘",60,"閃亜鉛鉱","チタン鉱","硬銀鉱","精霊銀鉱","","","","アイスクリスタル",False
382,"採掘",60,"閃亜鉛鉱","チタン鉱","硬銀鉱","精霊銀鉱","","","","アイスクリスタル",False
383,"採掘",60,"閃亜鉛鉱","チタン鉱","硬銀鉱","精霊銀鉱","","","","アイスクリスタル",False
384,"採掘",60,"閃亜鉛鉱","チタン鉱","硬銀鉱","精霊銀鉱","","","","ライトニングクリスタル",False
385,"採掘",60,"閃亜鉛鉱","チタン鉱","硬銀鉱","精霊銀鉱","","","","ライトニングクリスタル",False
386,"採掘",60,"閃亜鉛鉱","チタン鉱","硬銀鉱","精霊銀鉱","","","","ライトニングクリスタル",False
387,"採掘",60,"閃亜鉛鉱","チタン鉱","硬銀鉱","精霊銀鉱","","","","アースクリスタル",False
388,"採掘",60,"閃亜鉛鉱","チタン鉱","硬銀鉱","精霊銀鉱","","","","アースクリスタル",False
389,"採掘",60,"閃亜鉛鉱","チタン鉱","硬銀鉱","精霊銀鉱","","","","アースクリスタル",False
390,"採掘",0,"","","","","","","","",False
391,"伐採",60,"カンファー原木","カンファーの枝","","","","","","アースクリスタル",False
392,"草刈",60,"赤玉土","","","","メネフィナローレル","黒土","ピートモス","アースクラスター",False
393,"伐採",60,"ワイバーンシュルーム","","","","","","","アースクラスター",False
394,"採掘",0,"","","","","","","","",False
395,"伐採",60,"カンファー古木","樹液結晶","","","","","","",True
396,"採掘",0,"","","","","","","","",False
397,"採掘",60,"菱亜鉛鉱","メテオライト","","","","","","",True
398,"採掘",0,"","","","","","","","",False
399,"採掘",0,"","","","","","","","",False
400,"採掘",0,"","","","","","","","",False
401,"伐採",60,"クラウンミスルトゥ","アプリコット","","","","","ウィンドシャード","ウィンドクリスタル",False
402,"伐採",60,"クラウンミスルトゥ","スプルース原木","パイナップル","","","","アースシャード","アースクリスタル",False
403,"伐採",60,"クラウンミスルトゥ","サイプレス原木","緋樹液","","","","ウォーターシャード","ウォータークリスタル",False
404,"伐採",60,"クラウンミスルトゥ","エボニー原木","","","","","ウィンドシャード","ウィンドクリスタル",False
405,"伐採",60,"クラウンミスルトゥ","アプリコット","","","","","アースシャード","アースクリスタル",False
406,"伐採",60,"クラウンミスルトゥ","スプルース原木","パイナップル","","","","ウォーターシャード","ウォータークリスタル",False
407,"草刈",60,"群雲綿","雲綿","ソフトスピナッチ","","","","ウィンドシャード","ウィンドクリスタル",False
408,"草刈",60,"群雲綿","雲綿","トリリウム","","","","アースシャード","アースクリスタル",False
409,"草刈",60,"群雲綿","雲綿","ローズマリー","","","","ウォーターシャード","ウォータークリスタル",False
410,"草刈",60,"群雲綿","雲綿","ソフトスピナッチ","","","","ウィンドシャード","ウィンドクリスタル",False
411,"草刈",60,"群雲綿","雲綿","トリリウム","","","","アースシャード","アースクリスタル",False
412,"草刈",60,"カベイジの野菜","クラウンハーブ","群雲綿","雲綿","クルザス茶葉","ウィンドクラスター","アースクラスター","ウォータークラスター",False
413,"草刈",60,"カベイジの野菜","クラウンハーブ","群雲綿","雲綿","オールドワールドフィグ","ウィンドクラスター","アースクラスター","ウォータークラスター",False
414,"草刈",60,"カベイジの野菜","クラウンハーブ","群雲綿","雲綿","クルザス茶葉","ウィンドクラスター","アースクラスター","ウォータークラスター",False
415,"採掘",60,"雲銀鉱","精霊銀鉱","閃亜鉛鉱","チタン鉱","硬銀鉱","鉄重石","ライトニングシャード","ライトニングクリスタル",False
416,"採掘",60,"雲銀鉱","精霊銀鉱","閃亜鉛鉱","チタン鉱","硬銀鉱","自然金","ファイアシャード","ファイアクリスタル",False
417,"採掘",60,"雲銀鉱","精霊銀鉱","閃亜鉛鉱","チタン鉱","硬銀鉱","白金鉱","アイスシャード","アイスクリスタル",False
418,"採掘",60,"雲銀鉱","精霊銀鉱","閃亜鉛鉱","チタン鉱","硬銀鉱","闇鉄鉱","ライトニングシャード","ライトニングクリスタル",False
419,"採掘",60,"雲銀鉱","精霊銀鉱","閃亜鉛鉱","チタン鉱","硬銀鉱","鉄重石","ファイアシャード","ファイアクリスタル",False
420,"採掘",60,"雲銀鉱","精霊銀鉱","閃亜鉛鉱","チタン鉱","硬銀鉱","自然金","アイスシャード","アイスクリスタル",False
421,"採掘",60,"アダマン鉱","赤銅鉱","雲銀鉱","閃亜鉛鉱","","ライトニングクラスター","ファイアクラスター","アイスクラスター",False
422,"採掘",60,"アダマン鉱","赤銅鉱","雲銀鉱","閃亜鉛鉱","","ライトニングクラスター","ファイアクラスター","アイスクラスター",False
423,"採掘",60,"アダマン鉱","赤銅鉱","雲銀鉱","閃亜鉛鉱","","ライトニングクラスター","ファイアクラスター","アイスクラスター",False
424,"伐採",60,"クラウンミスルトゥ","アプリコット","エボニー原木","","","","ウィンドシャード","ウィンドクリスタル",False
425,"伐採",60,"クラウンミスルトゥ","スプルース原木","パイナップル","","","","アースシャード","アースクリスタル",False
426,"伐採",60,"クラウンミスルトゥ","サイプレス原木","緋樹液","","","","ウォーターシャード","ウォータークリスタル",False
427,"草刈",60,"群雲綿","雲綿","ソフトスピナッチ","","","","ウィンドシャード","ウィンドクリスタル",False
428,"草刈",60,"群雲綿","雲綿","トリリウム","","","","アースシャード","アースクリスタル",False
429,"草刈",60,"群雲綿","雲綿","ローズマリー","","","","ウォーターシャード","ウォータークリスタル",False
430,"採掘",60,"雲銀鉱","閃亜鉛鉱","精霊銀鉱","鉄重石","","","ライトニングシャード","ライトニングクリスタル",False
431,"採掘",60,"雲銀鉱","閃亜鉛鉱","硬銀鉱","自然金","","","ファイアシャード","ファイアクリスタル",False
432,"採掘",60,"雲銀鉱","閃亜鉛鉱","チタン鉱","白金鉱","闇鉄鉱","","アイスシャード","アイスクリスタル",False
433,"伐採",65,"神符用の木片","神符用の綺麗な木片","","","","","","",False
434,"伐採",65,"天柱樹の樹液","","","","","","","",False
435,"伐採",65,"乾いた樹皮","湿った樹皮","","","","","","",False
436,"伐採",65,"オサードマツの原木","良質なオサードマツの原木","","","","","","",False
437,"伐採",65,"ベニイソバナの欠片","","","","","","","",False
438,"草刈",65,"ネジリウミエラ","","","","","","","",False
439,"伐採",65,"硬い竹","しなやかな竹","","","","","","",False
440,"伐採",65,"高級家具用の原木","","","","","","","",False
441,"草刈",65,"スズナリソウ","長いスズナリソウ","","","","","","",False
442,"伐採",70,"得意先用の原木","","","","","","","",False
443,"草刈",70,"ヒツジゴロシ","","","","","","","",False
444,"草刈",70,"柔らかい葉","香り高い葉","","","","","","",False
445,"伐採",70,"花茶用の花弁","良質な花茶用の花弁","","","","","","",False
446,"草刈",70,"クチバシ草の花","","","","","","","",False
447,"草刈",70,"野生品種の種","有望な野生品種の種","","","","","","",False
448,"採掘",65,"サーメット装甲片","超硬サーメット装甲片","","","","","","",False
449,"採掘",65,"古代貝の化石","","","","","","","",False
450,"採掘",65,"浸食された岩","硬く安定した岩","","","","","","",False
451,"採掘",65,"紅玉海の鉱石標本","良質な紅玉海の鉱石標本","","","","","","",False
452,"砕岩",65,"海緑石","","","","","","","",False
453,"砕岩",65,"キクメイシの欠片","","","","","","","",False
454,"砕岩",65,"並みの強度の白石","強度に優れた白石","","","","","","",False
455,"採掘",65,"高速魔導駆逐艇の装甲片","","","","","","","",False
456,"砕岩",65,"龍鱗橋の脆い石材","龍鱗橋の石材","","","","","","",False
457,"砕岩",70,"数珠用の小石","","","","","","","",False
458,"砕岩",70,"アジムステップの輝石","","","","","","","",False
459,"砕岩",70,"ナーマ砂漠の砂岩","ナーマ砂漠の硬砂岩","","","","","","",False
460,"採掘",70,"薄汚れたクズ石","紫色に輝くクズ石","","","","","","",False
461,"砕岩",70,"建材用の煉瓦","","","","","","","",False
462,"砕岩",70,"無価値な鉱石","有望な鉱石","","","","","","",False
463,"採掘",0,"","","","","","","","",False
464,"●銛",65,"ラセンガイ","クロハコフグ","タカアシガニ","ホウネンエソ","イトマキ","シビトクライ","","",False
465,"●銛",65,"ラセンガイ","トビエイ","ウミテング","チンアナゴ","ロウニン","シロイカ","","",False
466,"●銛",65,"王魚","ウミテング","クロズキン","ナマコ","クエ","アジモドキ","","",False
467,"●銛",65,"王魚","クロハコフグ","トラフザメ","タマカイ","サザエ","ズワイガニ","","",False
468,"●銛",65,"クモウツボ","ホネガイ","クロズキン","オニダルマ","コウギョクヒトデ","アカメ","","",False
469,"●銛",65,"トビハゼ","光鱗魚","漁魚","モクズガニ","カネヒラ","半生魚","","",False
470,"●銛",65,"クサフグ","オオウナギ","ツブ","アカゾナエ","コクレン","泥仙人","","",False
471,"●銛",65,"カミナ","クサフグ","ヒゲナシ","古銭貝","蛇頭魚","空棘魚","","",False
472,"●銛",70,"ベニコロモ","磯の灯篭","ヒラマサ","具足海老","アカククリ","イシダイ","イチモンジ","",False
473,"●銛",70,"車海老","天狗団扇","アマゴ","ドマ金","カワダイ","魚蜥蜴","","",False
474,"●銛",70,"輪宝貝","アオウオ","ユノハナガニ","逆龍","綱魚","八角","","",False
475,"●銛",70,"ウシガエル","斬馬魚","ドタールフィッシュ","アジムの使者","ナーマの使者","焔魚","","",False
476,"●銛",70,"ベニヒレ","カワシジミ","草鮫","アジムの使者","不忠蛇","オヤニラミ","","",False
477,"●銛",70,"ムーンディスク","ホワイトアロワナ","タイフーンシュリンプ","ソルトセラー","アバラシアピピラ","フラッドトゥーナ","","",False
478,"●銛",70,"ソルトシャーク","ホワイトアロワナ","ロックオイスター","ベルーガ","スティールローチ","マーシナリークラブ","","",False
479,"●銛",70,"ロイヤルマント","シオウニ","カーペンタークラブ","ジャイアントコレクター","アイボリーソール","アンデッドフィッシュ","","",False
480,"●銛",70,"サザエ","シロイカ","具足海老","アカククリ","ミツクリザメ","千牙竜","","",False
481,"●銛",70,"ドマ金","逆龍","綱魚","魚蜥蜴","飛天魚","方士魚","","",False
482,"●銛",70,"ナーマの使者","オヤニラミ","不忠蛇","焔魚","永遠の眼","名馬の魂","","",False
483,"●銛",70,"ソルトセラー","スティールローチ","アバラシアピピラ","アイボリーソール","シルクモラモラ","モササウルス","","",False
484,"採掘",0,"","","","","","","","",False
485,"採掘",60,"ギラバニアアルメン","砕星砂","コッター朝の宝飾","","","","","ウィンドクリスタル",False
486,"採掘",65,"ギラバニア鉱泉水","カイヤナイト原石","廃霊鉱","銛素材","","","","ウィンドクリスタル",False
487,"採掘",65,"魔銅鉱","軽鋼鉱","熾火玉","","","","","ウォータークリスタル",False
488,"採掘",65,"岩清水","餅鉄","蒸留器素材","","","","","ファイアクリスタル",False
489,"砕岩",65,"珪岩","魔銅砂","粘板岩","石薬素材","","","","アースクリスタル",False
490,"砕岩",65,"珪藻土","紫水結晶","","","","","","ウォータークリスタル",False
491,"採掘",70,"翠銀鉱","蛇紋石","醸造道具素材","","","","","ファイアクリスタル",False
492,"砕岩",70,"パーライト","ヤンサ沃土","","","","","","ファイアクリスタル",False
493,"採掘",70,"輝水鉛鉱","崖っぷち備品素材","","","","","","アイスクリスタル",False
494,"採掘",70,"アルマンディン","ヤンサ沃土","","","","","","アイスクリスタル",False
495,"砕岩",70,"翠銀砂","真砂砂鉄","清金砂","アジムスパイス","","","","ライトニングクリスタル",False
496,"採掘",70,"ショール","ヤンサ沃土","","","","","","ライトニングクリスタル",False
497,"採掘",60,"トリフェーン原石","","","","","","","",True
498,"採掘",65,"スタースピネル原石","","","","","","","",True
499,"採掘",70,"ロードナイト原石","硬拳石","","","","","","",True
500,"採掘",70,"インペリアルジェード原石","","","","","","","",True
501,"採掘",70,"アズライト原石","","","","","","","",True
502,"砕岩",70,"アラミゴ塩","","","","","","","",True
503,"採掘",70,"クロマイト","ギラバニア清水","","","","","","",True
504,"採掘",70,"清金鉱","","","","","","","",True
505,"草刈",60,"赤麻","高原小麦","砕星砂","コッター朝の宝飾","","","","ファイアクリスタル",False
506,"伐採",65,"ビーチ原木","ロークワット","","","","","","ファイアクリスタル",False
507,"伐採",65,"ラーチ原木","椎茸","熾火玉","","","","","ウォータークリスタル",False
508,"伐採",65,"松脂","パイン原木","蒸留器素材","","","","","ウィンドクリスタル",False
509,"草刈",65,"ホーリーバジル","葛のつる","葛根","ワイルドポポト","銛素材","","","ファイアクリスタル",False
510,"草刈",65,"大豆","馬芹","メークインポポト","","","","","ウォータークリスタル",False
511,"草刈",65,"玉藻","紅玉綿花","アマノリ","紫水結晶","","","","ウォータークリスタル",False
512,"草刈",65,"マウンテンポポト","蕎麦の実","グリーンリーキ","シュガービート","石薬素材","","","ライトニングクリスタル",False
513,"伐採",70,"パーシモンリーフ","パーシモン原木","パーシモン","醸造道具素材","","","","ファイアクリスタル",False
514,"伐採",70,"ゼルコバ原木","崖っぷち備品素材","","","","","","アイスクリスタル",False
515,"伐採",70,"トレヤの枝","ヤンサバーベナ","","","","","","アイスクリスタル",False
516,"草刈",70,"ギラバニアカロット","アリッサム","玉繭","","","","","ライトニングクリスタル",False
517,"草刈",70,"大根","御形","ヤンサセリ","ドマ茄子","","","","ウィンドクリスタル",False
518,"草刈",70,"風茶葉","ヤンサバーベナ","","","","","","ウィンドクリスタル",False
519,"草刈",70,"サンキャベツ","フェンネル","ニップルワート","チックウィード","アジムスパイス","","","アースクリスタル",False
520,"草刈",70,"黄土","ヤンサバーベナ","","","","","","アースクリスタル",False
521,"伐採",60,"ビーチの枝","","","","","","","",True
522,"伐採",65,"タケノコ","","","","","","","",True
523,"伐採",70,"オサードプラム","","","","","","","",True
524,"草刈",70,"ハロードバジル","","","","","","","",True
525,"草刈",70,"蓮根","","","","","","","",True
526,"草刈",70,"ジャムメルジンジャー","ラールガースタッフ","","","","","","",True
527,"伐採",70,"トレヤ原木","","","","","","","",True
528,"草刈",70,"藍麻","アジム綿花","","","","","","",True
529,"草刈",70,"紅玉昆布","ナノリソ","","","","","","ウォータークリスタル",False
530,"●銛",70,"ナマコ","サザエ","シビトクライ","具足海老","イシダイ","ザラビクニン","","",False
531,"採掘",60,"ギラバニアピグメント","黄葛根","","","","","","アースクリスタル",False
532,"草刈",60,"ギラバニアピグメント","黄葛根","","","","","","ライトニングクリスタル",False
533,"採掘",60,"紫洲小判","","","","","","","ウォータークリスタル",False
534,"草刈",60,"紫洲小判","","","","","","","ウォータークリスタル",False
535,"採掘",70,"夜鉄鉱","鷹目石","","","","","","",True
536,"採掘",70,"清銀鉱","アジム湧水","","","","","","",True
537,"伐採",70,"ブラックウィロー原木","老木樹液塊","","","","","","",True
538,"草刈",70,"真麻","","","","","","","",True
539,"採掘",0,"","","","","","","","",False
540,"採掘",0,"","","","","","","","",False
541,"砕岩",60,"草原の石炭","純白の珪砂","草原の銅鉱","草原の輝石","紅孔雀石","","","ライトニングクリスタル",False
542,"砕岩",60,"鈍色の鉱石","草原の砥石","草原の重石","草原の黒曜石","明け砂金","謎めいた粉末","","ライトニングクリスタル",False
543,"砕岩",60,"草原の宝玉","耐熱性の石材","草原の朱砂","草原の上質岩塩","草原の泥岩砥石","月曜石","","ライトニングクリスタル",False
544,"砕岩",60,"草原の岩塩","草原の粘土","草原の鉄鉱","扁平な石材","空山石","","","ライトニングクリスタル",False
545,"草刈",60,"草原の枯れ枝","ステップラタン","草原のツル","香り高い野草","アジムイチゴ","","","ライトニングクリスタル",False
546,"草刈",60,"ヨルの羽根","草原の牧草","上質のツル","草原の鼓草","暮れマユ","謎めいた野草","","ライトニングクリスタル",False
547,"草刈",60,"草原の果実","ステップオニオン","草原の野草","草原の香草","草原の熟成果実","真っ直ぐな枯れ茎","","ライトニングクリスタル",False
548,"草刈",60,"常緑の枝","草原のつぼみ","草原の馬草","草原の茶葉","紅亜麻","","","ライトニングクリスタル",False
549,"砕岩",60,"草原の雲母","草原の天然水","草原の翡翠","群青の鉱石","耐熱石","","","ライトニングクリスタル",False
550,"草刈",60,"草原の紅花","草原の空豆","草原の根菜","草原の果菜","カヤツリグサ","","","ライトニングクリスタル",False
551,"採掘",65,"保温性素材","","","","","","","アイスクリスタル",False
552,"草刈",65,"保温性素材","","","","","","","アイスクリスタル",False
553,"砕岩",65,"雲海の羽根","","","","","","","アースクリスタル",False
554,"草刈",65,"雲海の羽根","","","","","","","アースクリスタル",False
555,"採掘",70,"岩鉄","","","","","","","",True
556,"採掘",70,"常輝鉱","","","","","","","",True
557,"伐採",70,"ウルンダイ原木","","","","","","","",True
558,"草刈",70,"延夏綿","","","","","","","",True
559,"採掘",0,"","","","","","","","",False
560,"採掘",0,"","","","","","","","",False
561,"採掘",0,"","","","","","","","",False
562,"採掘",0,"","","","","","","","",False
563,"採掘",0,"","","","","","","","",False
564,"採掘",0,"","","","","","","","",False
565,"採掘",0,"","","","","","","","",False
566,"採掘",0,"","","","","","","","",False
567,"採掘",0,"","","","","","","","",False
568,"採掘",0,"","","","","","","","",False
569,"採掘",0,"","","","","","","","",False
570,"採掘",0,"","","","","","","","",False
571,"採掘",0,"","","","","","","","",False
572,"採掘",0,"","","","","","","","",False
573,"採掘",0,"","","","","","","","",False
574,"採掘",0,"","","","","","","","",False
575,"採掘",0,"","","","","","","","",False
576,"採掘",0,"","","","","","","","",False
577,"採掘",0,"","","","","","","","",False
578,"採掘",0,"","","","","","","","",False
579,"採掘",0,"","","","","","","","",False
580,"採掘",0,"","","","","","","","",False
581,"採掘",0,"","","","","","","","",False
582,"採掘",0,"","","","","","","","",False
583,"採掘",0,"","","","","","","","",False
584,"採掘",0,"","","","","","","","",False
585,"採掘",0,"","","","","","","","",False
586,"採掘",0,"","","","","","","","",False
587,"採掘",0,"","","","","","","","",False
588,"採掘",0,"","","","","","","","",False
