key,0,1,2,3,4,5,6,7,8,9,10,11,12,13
#,ModelKey,HousingItemCategory,UsageType,UsageParameter,,AquariumTier,CustomTalk,Item,DestroyOnRemoval,Tooltip,,,,
int32,uint16,byte,byte,uint32,byte,byte,CustomTalk,Item,bit&01,HousingPlacement,byte,byte,byte,bit&04
196608,0,0,0,0,0,0,,"",False,"",0,0,0,False
196609,1,13,0,0,0,0,,"ラノシアン・ラウンドテーブル",False,"",0,0,0,False
196610,2,13,0,0,0,0,,"ザナラーン・ラウンドテーブル",False,"",0,0,0,False
196611,3,13,0,0,0,0,,"シュラウド・ラウンドテーブル",False,"",0,0,0,False
196612,4,12,0,0,0,0,,"ラノシアン・ウッドチェア",False,"",0,0,0,False
196613,5,12,0,0,0,0,,"ザナラーン・ウッドチェア",False,"",0,0,0,False
196614,6,12,0,0,0,0,,"シュラウド・ウッドチェア",False,"",0,0,0,False
196615,7,13,0,0,0,0,,"ウッドキャビネット",False,"",0,0,0,False
196616,8,13,0,0,0,0,,"ダイニングテーブル",False,"",0,0,0,False
196617,9,13,0,0,0,0,,"カルトニエ",False,"",0,0,0,False
196618,10,14,18,0,77,0,"HouFurVisitNote_00477","メッセージブックスタンド",False,"",0,0,0,True
196619,11,14,0,0,0,0,,"プリケット",False,"",0,0,0,False
196620,12,15,0,0,0,0,,"グリダニアン・バナー",False,"",0,0,0,False
196621,13,12,0,0,0,0,,"シュラウド・ベンチ",False,"",0,0,0,False
196622,14,15,0,0,0,0,,"海都の風景画",False,"",0,0,0,False
196623,15,12,0,0,0,0,,"ザナラーン・ベッド",False,"",0,0,0,False
196624,16,12,0,0,0,0,,"素焼きの壺",False,"",0,0,0,False
196625,17,12,0,0,0,0,,"マゲイの鉢植",False,"",0,0,0,False
196626,18,12,0,0,0,0,,"ラノシアン・ベッド",False,"",0,0,0,False
196627,19,12,0,0,3,0,"ComDefCompanyChest_00099","カンパニーチェスト",False,"このアイテムは一度設置すると、中古品となり
マーケットへの出品ができなくなります。

<UIForeground>F201FC</UIForeground><UIGlow>F201FD</UIGlow>また、ハウス・家具の種類によっては、
以下のようなケースで権利喪失があり得ます。
・他プレイヤーによる撤去
・フリーカンパニー除名・脱退
・ハウスシェアリングの解除
・土地の撤去<UIGlow>01</UIGlow><UIForeground>01</UIForeground>

設置してよろしいでしょうか？",0,0,0,False
196628,20,15,0,0,0,0,,"ロミンサン・バナー",False,"",0,0,0,False
196629,21,15,0,0,0,0,,"ウルダハン・バナー",False,"",0,0,0,False
196630,22,12,0,0,25,0,"CmnDefRetainerCall_00010","リテイナーベル",False,"",0,0,0,False
196631,23,12,4,8,22,0,"CmnDefHousingCraftFacility_00152","ウッドワークベンチ",False,"",0,0,0,False
196632,24,12,4,9,22,0,"CmnDefHousingCraftFacility_00152","スミシングベンチ",False,"",0,0,0,False
196633,25,16,0,0,0,0,,"ラノシアン・フリンジドラグ",False,"",0,0,0,False
196634,26,16,0,0,0,0,,"ラノシアン・オーバルラグ",False,"",0,0,0,False
196635,27,16,0,0,0,0,,"シープラグ",False,"",0,0,0,False
196636,28,12,0,0,0,0,,"ラノシアン・ピラー",False,"",0,0,0,False
196637,29,12,0,0,0,0,,"ラノシアン・パーティション",False,"",0,0,0,False
196638,30,15,0,0,0,0,,"エオルゼア全図",False,"",0,0,0,False
196639,31,14,0,0,0,0,,"文房具一式",False,"",0,0,0,False
196640,32,15,0,0,0,0,,"ガレアス船の操舵輪",False,"",0,0,0,False
196641,33,13,0,0,0,0,,"シュラウド・カルトニエ",False,"",0,0,0,False
196642,34,13,0,0,0,0,,"シュラウド・サイドボード",False,"",0,0,0,False
196643,35,13,0,0,0,0,,"シュラウド・ドロワーテーブル",False,"",0,0,0,False
196644,36,13,0,0,0,0,,"ザナラーン・ストール",False,"",0,0,0,False
196645,37,12,4,10,22,0,"CmnDefHousingCraftFacility_00152","メタルワークフォージ",False,"",0,0,0,False
196646,38,12,4,11,22,0,"CmnDefHousingCraftFacility_00152","ゴールドワークベンチ",False,"",0,0,0,False
196647,39,12,4,12,22,0,"CmnDefHousingCraftFacility_00152","レザーワークベンチ",False,"",0,0,0,False
196648,40,16,0,0,0,0,,"ザナラーン・ラグ",False,"",0,0,0,False
196649,41,16,0,0,0,0,,"ザナラーン・アーガイルラグ",False,"",0,0,0,False
196650,42,16,0,0,0,0,,"ザナラーン・リーフラグ",False,"",0,0,0,False
196651,43,12,4,13,22,0,"CmnDefHousingCraftFacility_00152","クロースクラフトルーム",False,"",0,0,0,False
196652,44,12,4,14,22,0,"CmnDefHousingCraftFacility_00152","アルケミーファーナス",False,"",0,0,0,False
196653,45,12,4,15,22,0,"CmnDefHousingCraftFacility_00152","クッキングストーブ",False,"",0,0,0,False
196654,46,16,0,0,0,0,,"シュラウド・ラグ",False,"",0,0,0,False
196655,47,16,0,0,0,0,,"シュラウド・フリンジドラグ",False,"",0,0,0,False
196656,48,16,0,0,0,0,,"シュラウド・ラウンドラグ",False,"",0,0,0,False
196657,49,12,0,0,0,0,,"ラノシアン・バスタブ",False,"",0,0,0,False
196658,50,12,0,0,0,0,,"ザナラーン・バスタブ",False,"",0,0,0,False
196659,51,12,0,0,0,0,,"シュラウド・バスタブ",False,"",0,0,0,False
196660,52,15,0,0,7,0,,"イフリートの瓦灯",False,"",0,0,0,False
196661,53,12,0,0,9,0,,"ガルーダの長椅子",False,"",0,0,0,False
196662,54,12,0,0,0,0,,"ザナラーン・ピラー",False,"",0,0,0,False
196663,55,12,0,0,0,0,,"ザナラーン・パーティション",False,"",0,0,0,False
196664,56,12,0,0,0,0,,"シュラウド・ピラー",False,"",0,0,0,False
196665,57,12,0,0,0,0,,"シュラウド・パーティション",False,"",0,0,0,False
196666,58,16,0,0,0,0,,"グゥーブーラグ",False,"",0,0,0,False
196667,59,16,0,0,0,0,,"モグモグラグ",False,"",0,0,0,False
196668,60,15,0,0,8,0,,"焔神イフリートの瓦灯",False,"",0,0,0,False
196669,61,12,0,0,10,0,,"嵐神ガルーダの長椅子",False,"",0,0,0,False
196670,62,12,0,0,0,0,,"ラノシアン・ベンチ",False,"",0,0,0,False
196671,63,12,0,0,0,0,,"シュラウド・カウチ",False,"",0,0,0,False
196672,64,12,0,0,0,0,,"ウッドスクリーン",False,"",0,0,0,False
196673,65,12,0,0,0,0,,"アストロスコープ",False,"",0,0,0,False
196674,66,14,0,0,0,0,,"バランススケール",False,"",0,0,0,False
196675,67,13,0,0,0,0,,"ラノシアン・ダイニングテーブル",False,"",0,0,0,False
196676,68,12,0,0,0,0,,"御用邸の腰掛け",False,"",0,0,0,False
196677,69,13,0,0,0,0,,"御用邸の花台",False,"",0,0,0,False
196678,70,15,0,0,0,0,,"デモンズウォールの彫像",False,"",0,0,0,False
196679,71,12,0,0,0,0,,"ヴォドリガの彫像",False,"",0,0,0,False
196680,72,12,0,0,0,0,,"御用邸の豪奢な暖炉",False,"",0,0,0,False
196681,73,13,0,0,0,0,,"御用邸の暖炉",False,"",0,0,0,False
196682,74,12,0,0,0,0,,"ガーゴイルの彫像",False,"",0,0,0,False
196683,75,12,0,0,0,0,,"御用邸の衣装箪笥",False,"",0,0,0,False
196684,76,13,0,0,0,0,,"御用邸の書斎机",False,"",0,0,0,False
196685,77,12,0,0,0,0,,"御用邸の椅子",False,"",0,0,0,False
196686,78,13,0,0,0,0,,"御用邸の卓子",False,"",0,0,0,False
196687,79,12,0,0,0,0,,"御用邸の長椅子",False,"",0,0,0,False
196688,80,12,0,0,0,0,,"御用邸の本棚",False,"",0,0,0,False
196689,81,12,0,0,0,0,,"御用邸の食器棚",False,"",0,0,0,False
196690,82,12,0,0,0,0,,"御用邸の燭台",False,"",0,0,0,False
196691,83,14,0,0,0,0,,"ラノシアン・ランタン",False,"",0,0,0,False
196692,84,14,0,0,0,0,,"シュラウド・ランタン",False,"",0,0,0,False
196693,85,14,0,0,0,0,,"ザナラーン・ランタン",False,"",0,0,0,False
196694,86,13,0,0,0,0,,"アーリマンラウンドテーブル",False,"",0,0,0,False
196695,87,13,0,0,0,0,,"アーリマンサイドボード",False,"",0,0,0,False
196696,88,12,0,0,0,0,,"アーリマンチェア",False,"",0,0,0,False
196697,89,12,0,0,0,0,,"アーリマンブックシェルフ",False,"",0,0,0,False
196698,90,13,0,0,0,0,,"アーリマンカップボード",False,"",0,0,0,False
196699,91,12,0,0,0,0,,"アーリマンスクリーン",False,"",0,0,0,False
196700,92,14,0,0,0,0,,"アーリマンフラワーベース",False,"",0,0,0,False
196701,93,14,0,0,0,0,,"アーリマンクロノメーター",False,"",0,0,0,False
196702,94,13,0,0,0,0,,"シルフテーブル",False,"",0,0,0,False
196703,95,13,0,0,0,0,,"シルフダイニングテーブル",False,"",0,0,0,False
196704,96,13,0,0,0,0,,"シルフカウンター",False,"",0,0,0,False
196705,97,12,0,0,0,0,,"シルフチェア",False,"",0,0,0,False
196706,98,12,0,0,0,0,,"シルフブックシェルフ",False,"",0,0,0,False
196707,99,12,0,0,0,0,,"シルフカップボード",False,"",0,0,0,False
196708,100,12,0,0,0,0,,"シルフスクリーン",False,"",0,0,0,False
196709,101,14,0,0,0,0,,"シルフフラワーベース",False,"",0,0,0,False
196710,102,15,0,0,0,0,,"シルフウォールランタン",False,"",0,0,0,False
196711,103,13,0,0,0,0,,"対竜要塞の指揮机",False,"",0,0,0,False
196712,104,12,0,0,0,0,,"対竜要塞の指揮椅子",False,"",0,0,0,False
196713,105,15,0,0,0,0,,"ニームウォールランタン",False,"",0,0,0,False
196714,106,15,0,0,0,0,,"アムダプールウォールランタン",False,"",0,0,0,False
196715,107,14,0,0,0,0,,"MG魔導リーパー",False,"",0,0,0,False
196716,108,15,0,0,0,0,,"ベラフディアン・クリスタルランタン",False,"",0,0,0,False
196717,109,14,0,0,0,0,,"モーグリのぬいぐるみ",False,"",0,0,0,False
196718,110,14,0,0,0,0,,"チョコボのぬいぐるみ",False,"",0,0,0,False
196719,111,14,0,0,0,0,,"ドリンキングアプカル",False,"",0,0,0,False
196720,112,12,0,0,0,0,"CmnDefHousingObject_00141","トンベリフロアランプ",False,"",0,0,0,False
196721,113,12,0,0,0,0,"CmnDefHousingObject_00141","マンドラゴラフロアランプ",False,"",0,0,0,False
196722,114,12,0,0,0,0,"CmnDefHousingObject_00141","カクトアミーゴ",False,"",0,0,0,False
196723,115,12,0,0,19,0,,"リムレーンの祝福",False,"",0,0,0,False
196724,116,14,0,0,0,0,,"ラノシアン・テーブルクロノメーター",False,"",0,0,0,False
196725,117,12,0,0,0,0,,"ロミンサン・ベンチチェスト",False,"",0,0,0,False
196726,118,12,0,0,0,0,,"ロミンサン・アルモアール",False,"",0,0,0,False
196727,119,13,0,0,0,0,,"ロミンサン・デスク",False,"",0,0,0,False
196728,120,13,0,0,0,0,,"ロミンサン・ストロングボックス",False,"",0,0,0,False
196729,121,12,0,0,0,0,,"ロミンサン・ユーティリティコット",False,"",0,0,0,False
196730,122,15,0,0,0,0,,"シュラウド・ウォールクロノメーター",False,"",0,0,0,False
196731,123,12,0,0,0,0,,"ウルダハン・ベンチチェスト",False,"",0,0,0,False
196732,124,12,0,0,0,0,,"ウルダハン・アルモアール",False,"",0,0,0,False
196733,125,13,0,0,0,0,,"ウルダハン・デスク",False,"",0,0,0,False
196734,126,13,0,0,0,0,,"ウルダハン・ストロングボックス",False,"",0,0,0,False
196735,127,12,0,0,0,0,,"ウルダハン・ユーティリティコット",False,"",0,0,0,False
196736,128,13,0,0,0,0,,"トンベリラウンドテーブル",False,"",0,0,0,False
196737,129,12,0,0,0,0,,"グリダニアン・ベンチチェスト",False,"",0,0,0,False
196738,130,12,0,0,0,0,,"グリダニアン・アルモアール",False,"",0,0,0,False
196739,131,13,0,0,0,0,,"グリダニアン・デスク",False,"",0,0,0,False
196740,132,13,0,0,0,0,,"グリダニアン・ストロングボックス",False,"",0,0,0,False
196741,133,12,0,0,0,0,,"グリダニアン・ユーティリティコット",False,"",0,0,0,False
196742,134,13,0,0,0,0,,"トンベリダイニングテーブル",False,"",0,0,0,False
196743,135,16,0,0,0,0,,"モルボルラグ",False,"",0,0,0,False
196744,136,12,0,0,0,0,,"モルボルブックシェルフ",False,"",0,0,0,False
196745,137,12,0,0,0,0,,"モルボルチェア",False,"",0,0,0,False
196746,138,12,0,0,0,0,,"モルボルスクリーン",False,"",0,0,0,False
196747,139,16,0,0,0,0,,"ラノシアン・ラグ",False,"",0,0,0,False
196748,140,13,0,0,17,0,,"分析システム",False,"",0,0,0,False
196749,141,12,0,0,0,0,,"着席システム",False,"",0,0,0,False
196750,142,12,0,0,0,0,,"トンベリソファー",False,"",0,0,0,False
196751,143,14,0,0,0,0,,"ラノシアン・フラワーベース",False,"",0,0,0,False
196752,144,14,0,0,0,0,,"ザナラーン・フラワーベース",False,"",0,0,0,False
196753,145,14,0,0,0,0,,"シュラウド・フラワーベース",False,"",0,0,0,False
196754,146,12,0,0,0,0,,"ラノシアン・フロアランプ",False,"",0,0,0,False
196755,147,12,0,0,0,0,,"ザナラーン・フロアランプ",False,"",0,0,0,False
196756,148,12,0,0,0,0,,"シュラウド・フロアランプ",False,"",0,0,0,False
196757,149,14,0,0,0,0,,"アクシルフラワーの鉢植",False,"",0,0,0,False
196758,150,14,0,0,0,0,,"スパイダープラントの鉢植",False,"",0,0,0,False
196759,151,14,0,0,0,0,,"アザレアの鉢植",False,"",0,0,0,False
196760,152,15,0,0,0,0,,"砂都の風景画",False,"",0,0,0,False
196761,153,15,0,0,0,0,,"森都の風景画",False,"",0,0,0,False
196762,154,12,0,0,0,0,,"シュラウド・ワードローブ",False,"",0,0,0,False
196763,155,12,0,0,0,0,,"ラノシアン・ソファー",False,"",0,0,0,False
196764,156,12,0,0,0,0,,"ザナラーン・ソファー",False,"",0,0,0,False
196765,157,12,0,0,0,0,,"シュラウド・ソファー",False,"",0,0,0,False
196766,158,12,0,0,0,0,,"ラノシアン・カウチ",False,"",0,0,0,False
196767,159,12,0,0,0,0,,"ザナラーン・カウチ",False,"",0,0,0,False
196768,160,12,0,0,0,0,,"シュラウド・ベッド",False,"",0,0,0,False
196769,161,12,0,0,0,0,,"ザナラーン・ベンチ",False,"",0,0,0,False
196770,162,12,0,0,0,0,,"ザナラーン・ワードローブ",False,"",0,0,0,False
196771,163,12,0,0,0,0,,"ラノシアン・ワードローブ",False,"",0,0,0,False
196772,164,13,0,0,0,0,,"ラノシアン・ストール",False,"",0,0,0,False
196773,165,13,0,0,0,0,,"シュラウド・ストール",False,"",0,0,0,False
196774,166,13,0,0,0,0,,"ラノシアン・カウンター",False,"",0,0,0,False
196775,167,13,0,0,0,0,,"ザナラーン・カウンター",False,"",0,0,0,False
196776,168,13,0,0,0,0,,"シュラウド・カウンター",False,"",0,0,0,False
196777,169,13,0,0,0,0,,"ラノシアン・テーブル",False,"",0,0,0,False
196778,170,13,0,0,0,0,,"ザナラーン・テーブル",False,"",0,0,0,False
196779,171,13,0,0,0,0,,"シュラウド・テーブル",False,"",0,0,0,False
196780,172,13,0,0,0,0,,"ザナラーン・ダイニングテーブル",False,"",0,0,0,False
196781,173,13,0,0,0,0,,"シュラウド・ダイニングテーブル",False,"",0,0,0,False
196782,174,13,0,0,0,0,,"ラノシアン・デスク",False,"",0,0,0,False
196783,175,13,0,0,0,0,,"ザナラーン・デスク",False,"",0,0,0,False
196784,176,13,0,0,0,0,,"シュラウド・デスク",False,"",0,0,0,False
196785,177,12,0,0,0,0,,"ラノシアン・ブックシェルフ",False,"",0,0,0,False
196786,178,12,0,0,0,0,,"ザナラーン・ブックシェルフ",False,"",0,0,0,False
196787,179,12,0,0,0,0,,"シュラウド・ブックシェルフ",False,"",0,0,0,False
196788,180,12,0,0,0,0,,"ラノシアン・カップボード",False,"",0,0,0,False
196789,181,12,0,0,0,0,,"ザナラーン・カップボード",False,"",0,0,0,False
196790,182,12,0,0,0,0,,"シュラウド・カップボード",False,"",0,0,0,False
196791,183,14,0,0,0,0,,"テーブルクロノメーター",False,"",0,0,0,False
196792,184,14,0,0,0,0,,"ジェムスコープ",False,"",0,0,0,False
196793,185,15,0,0,0,0,,"ウォールクロノメーター",False,"",0,0,0,False
196794,186,15,0,0,16,0,,"ベヒーモスウォールトロフィー",False,"",0,0,0,False
196795,187,12,0,0,0,0,,"トンベリカウチ",False,"",0,0,0,False
196796,188,12,0,0,0,0,,"トンベリブックシェルフ",False,"",0,0,0,False
196797,189,12,0,0,0,0,,"トンベリベッド",False,"",0,0,0,False
196798,190,12,0,0,0,0,,"トンベリスクリーン",False,"",0,0,0,False
196799,191,15,0,0,0,0,,"トンベリウォールランタン",False,"",0,0,0,False
196800,192,16,0,0,0,0,,"トンベリオーバルラグ",False,"",0,0,0,False
196801,193,12,0,0,0,0,,"ララフェルステップ",False,"",0,0,0,False
196802,194,14,0,0,0,0,,"アーリマンのぬいぐるみ",False,"",0,0,0,False
196803,195,14,0,0,0,0,,"アーリマンベース",False,"",0,0,0,False
196804,196,13,0,0,0,0,,"カーバンクルラウンドテーブル",False,"",0,0,0,False
196805,197,12,0,0,0,0,,"カーバンクルソファー",False,"",0,0,0,False
196806,198,13,0,0,0,0,,"カーバンクルデスク",False,"",0,0,0,False
196807,199,12,0,0,0,0,,"カーバンクルチェア",False,"",0,0,0,False
196808,200,12,0,0,0,0,,"カーバンクルワードローブ",False,"",0,0,0,False
196809,201,16,0,0,0,0,,"カーバンクルラグ",False,"",0,0,0,False
196810,202,15,0,0,0,0,,"カーバンクル・ウォールクロノメーター",False,"",0,0,0,False
196811,203,14,0,0,0,0,,"カーバンクルランタン",False,"",0,0,0,False
196812,204,15,0,0,0,0,,"提督の肖像画",False,"",0,0,0,False
196813,205,15,0,0,0,0,,"女王と局長の肖像画",False,"",0,0,0,False
196814,206,15,0,0,0,0,,"幻術皇の肖像画",False,"",0,0,0,False
196815,207,12,10,0,52,0,"HouFurOrchestrion_00330","オーケストリオン",False,"",0,0,0,False
196816,208,12,0,0,0,0,,"トンベリヘッドスクリーン",False,"",0,0,0,False
196817,209,16,0,0,0,0,,"トンベリスクエアラグ",False,"",0,0,0,False
196818,210,12,8,1,36,0,"CmnDefHousingWheel_00216","ホイールスタンドI",False,"",0,0,0,False
196819,211,16,0,0,26,0,"CmnDefHousingObject_00141","投射システム",False,"",0,0,0,False
196820,212,15,12,2,0,0,"HouFurPicture_00376","ピクチャーフレームG1",False,"",0,7,14,False
196821,213,15,12,2,0,0,"HouFurPicture_00376","ピクチャーフレームG2",False,"",0,7,14,False
196822,214,15,12,2,0,0,"HouFurPicture_00376","ピクチャーフレームG3",False,"",0,7,14,False
196827,219,14,7,22,0,0,"CmnDefHousingDish_00213","ハイハウス・ディナーセット",True,"",9,4,11,False
196828,220,14,12,1,0,0,"HouFurVase_00336","ラノシアン・ベース",False,"",0,5,12,False
196829,221,14,12,1,0,0,"HouFurVase_00336","ザナラーン・ベース",False,"",0,5,12,False
196830,222,14,12,1,0,0,"HouFurVase_00336","シュラウド・ベース",False,"",0,5,12,False
196831,223,14,0,0,0,0,,"パックウルフ・トロフィーS1",False,"",5,0,0,False
196832,224,16,0,0,27,0,"CmnDefHousingObject_00141","滅菌システム",False,"",0,0,0,False
196833,225,12,8,2,36,0,"CmnDefHousingWheel_00216","ホイールスタンドII",False,"",0,0,0,False
196834,226,12,8,3,36,0,"CmnDefHousingWheel_00216","ホイールスタンドIII",False,"",0,0,0,False
196835,227,12,8,4,36,0,"CmnDefHousingWheel_00216","ホイールスタンドIV",False,"",0,0,0,False
196836,228,12,8,5,36,0,"CmnDefHousingWheel_00216","ホイールスタンドV",False,"",0,0,0,False
196837,229,12,8,6,36,0,"CmnDefHousingWheel_00216","ホイールスタンドVI",False,"",0,0,0,False
196838,230,13,0,0,0,0,,"対竜要塞の作戦卓",False,"",0,0,0,False
196839,231,14,0,0,0,0,,"ドラゴンピース",False,"",0,0,0,False
196840,232,14,0,0,0,0,,"ワイバーンピース",False,"",0,0,0,False
196841,233,14,0,0,0,0,,"ヴィジルピース",False,"",0,0,0,False
196842,234,14,0,0,0,0,,"テンプルナイトピース",False,"",0,0,0,False
196843,235,14,0,0,0,0,,"ドラグーンピース",False,"",0,0,0,False
196844,236,12,0,0,0,0,"CmnDefHousingObject_00141","御用邸のハープシコード",False,"",0,0,0,False
196845,237,12,0,0,0,0,,"御用邸の演奏椅子",False,"",0,0,0,False
196846,238,12,0,0,0,0,"CmnDefHousingObject_00141","御用邸のティンパニー",False,"",0,0,0,False
196847,239,12,0,0,0,0,"CmnDefHousingObject_00141","御用邸のホルン",False,"",0,0,0,False
196848,240,12,0,0,0,0,"CmnDefHousingObject_00141","御用邸のチェロ",False,"",0,0,0,False
196849,241,12,0,0,0,0,"CmnDefHousingObject_00141","御用邸のハープ",False,"",0,0,0,False
196850,242,12,0,0,0,0,,"御用邸の譜面台",False,"",0,0,0,False
196851,243,12,3,1,21,0,,"雇用証書:素材屋",False,"",0,2,9,False
196852,244,15,0,0,0,0,,"女王の肖像画",False,"",0,0,0,False
196853,245,12,3,2,21,0,,"雇用証書:よろず屋",False,"",0,2,9,False
196854,246,12,3,5,21,0,,"雇用証書:マテリア師",False,"",0,2,9,False
196855,247,12,3,3,21,0,,"雇用証書:修理屋",False,"",0,2,9,False
196856,248,15,0,0,0,0,,"ラノシアン・ウォールシェルフ",False,"",0,0,0,False
196857,249,14,7,1,0,0,"CmnDefHousingDish_00213","モーニングセット",True,"",9,4,11,False
196858,250,14,7,2,0,0,"CmnDefHousingDish_00213","ディナーセット",True,"",9,4,11,False
196859,251,14,7,3,0,0,"CmnDefHousingDish_00213","アフタヌーンティーセット",True,"",9,4,11,False
196860,252,14,7,4,0,0,"CmnDefHousingDish_00213","フルーツアソート",True,"",9,4,11,False
196861,253,14,7,5,0,0,"CmnDefHousingDish_00213","フルーツフレーバー・ドリンクセット",True,"",9,4,11,False
196862,254,14,0,0,0,0,,"五紀暦",False,"",0,0,0,False
196863,255,14,0,0,0,0,,"シークレットドキュメント",False,"",0,0,0,False
196864,256,14,0,0,0,0,,"ゴブリンのぬいぐるみ",False,"",0,0,0,False
196865,257,14,0,0,0,0,,"RGアルテマウェポン",False,"",0,0,0,False
196866,258,15,0,0,0,0,,"機工師の肖像画",False,"",6,0,0,False
196867,259,15,0,0,0,0,,"事件屋と助手の肖像画",False,"",0,0,0,False
196868,260,15,0,0,0,0,,"ウォールプランター",False,"",0,0,0,False
196869,261,14,0,0,0,0,,"大エオルゼア博物誌",False,"",0,0,0,False
196870,262,12,0,0,0,0,,"オープンハース",False,"",0,0,0,False
196871,263,13,0,0,0,0,,"ラノシアン・ハーフパーティション",False,"",0,0,0,False
196872,264,12,0,0,0,0,,"アンブレラフィグの鉢植",False,"",0,0,0,False
196873,265,12,0,0,0,0,,"ドラセナの鉢植",False,"",0,0,0,False
196874,266,14,0,0,0,0,,"天球儀",False,"",0,0,0,False
196875,267,16,0,0,0,0,,"タタミマット",False,"",0,0,0,False
196876,268,13,0,0,0,0,,"コーナーカウンター",False,"",0,0,0,False
196877,269,12,0,0,0,0,,"プランターパーティション",False,"",0,0,0,False
196878,270,12,0,0,29,0,"CmnDefHousingObject_00141","ラムウのプラズマランプ",False,"",0,0,0,False
196879,271,12,0,0,32,0,"CmnDefHousingObject_00141","雷神ラムウのプラズマランプ",False,"",0,0,0,False
196880,272,12,0,0,31,0,,"始皇帝の玉座",False,"",0,0,0,False
196881,273,16,0,0,0,0,,"ラノシアン・ドアマット",False,"",0,0,0,False
196882,274,12,0,0,0,0,,"ダブルフェザーベッド",False,"",0,0,0,False
196883,275,12,0,0,0,0,,"チョコボピラー",False,"",0,0,0,False
196884,276,12,0,0,0,0,,"ラノシアン・クッション",False,"",0,0,0,False
196885,277,12,0,0,0,0,,"シュラウド・クッション",False,"",0,0,0,False
196886,278,12,0,0,0,0,,"ザナラーン・クッション",False,"",0,0,0,False
196887,279,12,0,0,0,0,,"サザンソファ",False,"",0,0,0,False
196888,280,12,0,0,0,0,,"サザンカウチ",False,"",0,0,0,False
196889,281,12,0,0,0,0,,"ラノシアン・キャノピーベッド",False,"",0,0,0,False
196890,282,12,0,0,0,0,,"シュラウド・キャノピーベッド",False,"",0,0,0,False
196891,283,12,0,0,0,0,,"ザナラーン・キャノピーベッド",False,"",0,0,0,False
196892,284,12,0,0,0,0,,"アロカシアの鉢植",False,"",0,0,0,False
196893,285,12,0,0,0,0,"CmnDefHousingObject_00141","シャワースタンド",False,"",0,0,0,False
196894,286,13,0,0,0,0,,"ラノシアン・オープンシェルフ",False,"",0,0,0,False
196895,287,13,0,0,0,0,,"シュラウド・オープンシェルフ",False,"",0,0,0,False
196896,288,13,0,0,0,0,,"ザナラーン・オープンシェルフ",False,"",0,0,0,False
196897,289,14,0,0,0,0,"CmnDefHousingObject_00141","アロマポット",False,"",0,0,0,False
196898,290,14,0,0,0,0,,"羊のめおと人形",False,"",0,0,0,False
196899,291,14,0,0,0,0,,"鏡餅",False,"",0,0,0,False
196900,292,14,0,0,0,0,,"星芒祭キキルンのぬいぐるみ",False,"",0,0,0,False
196901,293,14,7,6,0,0,"CmnDefHousingDish_00213","スターライト・ローストドードー",True,"",9,4,11,False
196902,294,15,0,0,0,0,,"マズラヤマーリンの剥製",False,"",0,0,0,False
196903,295,15,0,0,0,0,,"メガロドン・ジョー",False,"",0,0,0,False
196904,296,15,0,0,0,0,,"タキタロの剥製",False,"",0,0,0,False
196905,297,15,0,0,0,0,,"スターライトリース",False,"",0,0,0,False
196906,298,15,0,0,0,0,,"タオルハンガー",False,"",0,0,0,False
196907,299,16,0,0,0,0,,"シュラウド・ドアマット",False,"",0,0,0,False
196908,300,16,0,0,0,0,,"ザナラーン・ドアマット",False,"",0,0,0,False
196909,301,12,0,0,33,0,"CmnDefHousingObject_00141","バハムートトロフィー",False,"",0,0,0,False
196910,302,12,0,0,34,0,"CmnDefHousingObject_00141","シルクストロフィー",False,"",0,0,0,False
196911,303,12,0,0,0,0,,"ラノシアン・スツール",False,"",0,0,0,False
196912,304,12,0,0,0,0,,"シュラウド・スツール",False,"",0,0,0,False
196913,305,12,0,0,0,0,,"ザナラーン・スツール",False,"",0,0,0,False
196914,306,12,0,0,35,0,"CmnDefCabinet_00082","愛蔵品キャビネット",False,"",0,0,0,False
196915,307,12,0,0,0,0,,"ストーンストーブ",False,"",0,0,0,False
196916,308,13,0,0,0,0,,"交易商人の木箱",False,"",0,0,0,False
196917,309,13,0,0,0,0,,"ワインバレル",False,"",0,0,0,False
196918,310,14,0,0,0,0,,"RGオーディン",False,"",6,0,0,False
196919,311,14,0,0,0,0,,"RGバハムート",False,"",6,0,0,False
196920,312,14,0,0,0,0,,"パンプキンバスケット",False,"",0,0,0,False
196921,313,14,7,7,0,0,"CmnDefHousingDish_00213","スターライト・レイヤーケーキ",True,"",9,4,11,False
196922,314,12,0,0,0,0,,"エターナルバンドケーキ",False,"",5,0,0,False
196923,315,15,0,0,0,0,,"盟主の肖像画",False,"",6,0,0,False
196924,316,15,0,0,0,0,,"賢人の肖像画",False,"",6,0,0,False
196925,317,15,0,0,0,0,,"冒険者ギルドの貼紙",False,"",0,0,0,False
196926,318,16,0,0,0,0,,"ラージマット",False,"",0,0,0,False
196927,319,15,0,0,0,0,,"ウォールランタン",False,"",0,0,0,False
196928,320,12,0,0,0,0,,"御用邸のソファ",False,"",0,0,0,False
196929,321,14,0,0,0,0,,"トンベリのぬいぐるみ",False,"",5,0,0,False
196930,322,12,0,0,0,0,,"スターライト・プレゼントボックス",False,"",0,0,0,False
196931,323,14,0,0,0,0,,"松盆栽",False,"",0,0,0,False
196932,324,12,0,0,0,0,,"ラージクロノメーター",False,"",0,0,0,False
196933,325,12,0,0,0,0,,"オリエンタル・バスタブ",False,"",0,0,0,False
196934,326,12,0,0,0,0,,"魔獣人物戯画",False,"",0,0,0,False
196936,328,13,0,0,0,0,,"コタツテーブル",False,"",0,0,0,False
196937,329,12,0,0,0,0,,"イシュガルディアン・ウッドチェア",False,"",0,0,0,False
196938,330,13,0,0,0,0,,"イシュガルディアン・ラウンドテーブル",False,"",0,0,0,False
196939,331,14,7,13,0,0,"CmnDefHousingDish_00213","イシュガルディアン・ティーセット",True,"",9,4,11,False
196940,332,14,0,0,0,0,,"オニオンプリンスのぬいぐるみ",False,"",0,0,0,False
196941,333,14,0,0,0,0,,"エッグナイトのぬいぐるみ",False,"",0,0,0,False
196942,334,14,0,0,0,0,,"ガーリックスターのぬいぐるみ",False,"",0,0,0,False
196943,335,14,0,0,0,0,,"キングトマトのぬいぐるみ",False,"",0,0,0,False
196944,336,14,0,0,0,0,,"マンドラクイーンのぬいぐるみ",False,"",0,0,0,False
196945,337,15,0,0,0,0,,"風鈴EX",False,"",3,0,0,False
196946,338,14,0,0,68,0,,"MGズルワーン",False,"",0,0,0,False
196947,339,14,0,0,69,0,,"MGディアボロス",False,"",0,0,0,False
196948,340,14,0,0,70,0,,"MGスカアハ",False,"",0,0,0,False
196949,341,14,0,0,0,0,,"ベジタブルアソート",False,"",0,0,0,False
196950,342,13,0,0,0,0,,"ギルドリーヴカウンター",False,"",0,0,0,False
196951,343,12,0,0,0,0,,"エッグフロアランプ",False,"",0,0,0,False
196952,344,14,7,8,0,0,"CmnDefHousingDish_00213","シュラウド・ティーセット",True,"",9,4,11,False
196953,345,14,7,9,0,0,"CmnDefHousingDish_00213","ラノシアン・ディナーセット",True,"",9,4,11,False
196954,346,14,7,10,0,0,"CmnDefHousingDish_00213","ザナラーン・モーニングセット",True,"",9,4,11,False
196955,347,14,0,0,0,0,,"スキャッタードドキュメント",False,"",0,0,0,False
196956,348,15,0,0,0,0,,"オリエンタルアルター",False,"",0,0,0,False
196957,349,15,0,0,0,0,,"オリエンタル・ウォールスクロール",False,"",0,0,0,False
196958,350,12,0,0,0,0,,"フスマパーティション",False,"",0,0,0,False
196959,351,12,0,0,0,0,,"デッドマンズチェスト",False,"",0,0,0,False
196960,352,12,0,0,0,0,,"オーク・ロウバレルプランター",False,"",0,0,0,False
196963,355,14,7,11,0,0,"CmnDefHousingDish_00213","ヴァレンティオンケーキ",True,"",9,4,11,False
196964,356,12,0,0,0,0,,"ロイヤルパーティション",False,"",0,0,0,False
196965,357,13,0,0,0,0,,"ナルザルオーダー・ポディウム",False,"",0,0,0,False
196966,358,14,7,12,0,0,"CmnDefHousingDish_00213","グリーンティーセット",True,"",9,4,11,False
196967,359,14,0,0,0,0,,"招きカーバンクル",False,"",0,0,0,False
196968,360,14,7,14,0,0,"CmnDefHousingDish_00213","オリエンタル・モーニングセット",True,"",9,4,11,False
196969,361,14,7,15,0,0,"CmnDefHousingDish_00213","バースデーケーキ",True,"",9,4,11,False
196970,362,14,7,16,0,0,"CmnDefHousingDish_00213","ケーキスタンド",True,"",9,4,11,False
196971,363,14,7,17,0,0,"CmnDefHousingDish_00213","オリエンタル・ディナーセット",True,"",9,4,11,False
196972,364,14,7,18,0,0,"CmnDefHousingDish_00213","ラノシアン・ランチセット",True,"",9,4,11,False
196973,365,14,16,1,63,1,"HouFurAquarium_00353","アクアリウムG1",False,"",0,6,13,False
196974,366,14,16,2,63,2,"HouFurAquarium_00353","アクアリウムG2",False,"",0,6,13,False
196975,367,14,16,3,63,3,"HouFurAquarium_00353","アクアリウムG3",False,"",0,6,13,False
196976,368,15,0,0,0,0,,"風鈴",False,"",0,0,0,False
196977,369,14,0,0,40,0,"CmnDefMiniGame_00200","絡繰り玩具箱",False,"",0,0,0,False
196978,370,12,0,0,54,0,"CmnDefBeautySalon_00148","美容師の呼び鈴",False,"",0,0,0,False
196980,372,13,0,0,0,0,,"ザナラーン・ハーフパーティション",False,"",0,0,0,False
196981,373,13,0,0,0,0,,"シュラウド・ハーフパーティション",False,"",0,0,0,False
196982,374,13,0,0,0,0,,"カスクラック",False,"",0,0,0,False
196983,375,13,0,0,0,0,,"ディスプレイスタンド",False,"",0,0,0,False
196984,376,12,0,0,0,0,,"ミニチュア・ゴールドソーサー",False,"",0,0,0,False
196985,377,13,0,0,0,0,,"ロイヤルタクティカルテーブル",False,"",0,0,0,False
196986,378,13,0,0,0,0,,"バンケットラウンドテーブル",False,"",0,0,0,False
196987,379,13,0,0,0,0,,"ゴールドソーサー・コーナーカウンター",False,"",0,0,0,False
196988,380,16,0,0,0,0,,"ベアーラグ",False,"",0,0,0,False
196989,381,13,0,0,41,0,"CmnDefHousingObject_00141","ゴルディオンの書机",False,"",0,0,0,False
196990,382,13,0,0,42,0,"CmnDefHousingObject_00141","ゴルディオンの書机【零式】",False,"",0,0,0,False
196991,383,12,0,0,43,0,"CmnDefHousingObject_00141","ゴルディオンの椅子",False,"",0,0,0,False
196992,384,12,0,0,44,0,"CmnDefHousingObject_00141","ゴルディオンの椅子【零式】",False,"",0,0,0,False
196993,385,14,0,0,0,0,"CmnDefHousingObject_00141","スターサファイアオルゴール",False,"",0,0,0,False
196994,386,14,0,0,0,0,"CmnDefHousingObject_00141","スタールビーオルゴール",False,"",0,0,0,False
196995,387,14,0,0,0,0,,"サキュバスのぬいぐるみ",False,"",0,0,0,False
196996,388,13,0,0,0,0,,"パンプキンデスク",False,"",0,0,0,False
196997,389,15,0,0,0,0,,"スターライトオーナメント",False,"",0,0,0,False
196998,390,12,0,0,0,0,,"スターライトツリー",False,"",0,0,0,False
196999,391,14,7,19,0,0,"CmnDefHousingDish_00213","オリエンタル・オレンジバスケット",True,"",9,4,11,False
197000,392,14,0,0,0,0,"CmnDefHousingObject_00141","パイッサダルマ",False,"",0,0,0,False
197001,393,13,0,0,51,0,"CmnDefCutSceneReplay_00132","愛用の紀行録",False,"",0,0,0,False
197002,394,14,7,20,0,0,"CmnDefHousingDish_00213","オリエンタル・ティーセット",True,"",9,4,11,False
197003,395,14,9,0,0,0,,"トリプルトライアドボード",False,"",0,0,0,False
197004,396,13,0,0,0,0,,"御用邸の焜炉",False,"",0,0,0,False
197005,397,13,0,0,0,0,,"御用邸の調理台",False,"",0,0,0,False
197006,398,12,0,0,0,0,,"山積みの蔵書",False,"",0,0,0,False
197007,399,12,0,0,0,0,,"崩れた蔵書",False,"",0,0,0,False
197008,400,15,0,0,0,0,,"ダブル・スターライトオーナメント",False,"",0,0,0,False
197009,401,16,0,0,0,0,,"布団",False,"",0,0,0,False
197010,402,13,0,0,0,0,,"オリエンタル・ラウンドテーブル",False,"",0,0,0,False
197011,403,12,0,0,50,0,"CmnDefHousingObject_00141","マハの棺",False,"",0,0,0,False
197012,404,12,0,0,0,0,,"ファンガーチェア",False,"",0,0,0,False
197013,405,12,0,0,0,0,,"マホガニーパーティションドア",False,"",0,0,0,False
197014,406,12,0,0,0,0,,"パンプキンチェア",False,"",0,0,0,False
197015,407,12,0,0,0,0,"CmnDefHousingObject_00141","ライトハートチェア",False,"",0,0,0,False
197016,408,12,0,0,0,0,"CmnDefHousingObject_00141","レフトハートチェア",False,"",0,0,0,False
197017,409,12,0,0,0,0,,"パラムールベッド",False,"",0,0,0,False
197018,410,14,0,0,0,0,"CmnDefHousingObject_00141","チョコチョコボランプ",False,"",3,0,0,False
197019,411,14,0,0,0,0,,"モリンホール",False,"",5,0,0,False
197020,412,13,0,0,0,0,,"ソーン朝の飾り棚",False,"",0,0,0,False
197021,413,14,0,0,0,0,"CmnDefHousingObject_00141","MGブロンコ級飛空艇",False,"",0,0,0,False
197022,414,14,0,0,0,0,"CmnDefHousingObject_00141","MGインビンシブル級飛空艇",False,"",0,0,0,False
197023,415,14,0,0,0,0,"CmnDefHousingObject_00141","MGエンタープライズ級飛空艇",False,"",0,0,0,False
197027,419,12,0,0,0,0,,"プリンフロアランプ",False,"",0,0,0,False
197028,420,12,0,0,0,0,,"プリンソファー",False,"",0,0,0,False
197029,421,13,0,0,0,0,,"プリンデスク",False,"",0,0,0,False
197030,422,16,0,0,0,0,,"プリンラグ",False,"",0,0,0,False
197031,423,14,7,21,0,0,"CmnDefHousingDish_00213","イシュガルディアン・ディナーセット",True,"",9,4,11,False
197032,424,15,0,0,0,0,,"盟友の肖像画",False,"",5,0,0,False
197033,425,14,0,0,0,0,"CmnDefHousingObject_00141","カーバンクルランプ・トパーズ",False,"",3,0,0,False
197034,426,14,0,0,0,0,"CmnDefHousingObject_00141","モーグリの高級ぬいぐるみ",False,"",3,0,0,False
197035,427,14,0,0,0,0,"CmnDefHousingObject_00141","ミニチュア・バハムート",False,"",3,0,0,False
197043,435,15,0,0,0,0,,"",False,"",3,0,0,False
197044,436,15,0,0,0,0,,"星芒祭の絵画",False,"",5,0,0,False
197045,437,15,0,0,0,0,,"",False,"",3,0,0,False
197046,438,14,0,0,0,0,"CmnDefHousingObject_00141","カーバンクルランプ・ルビー",False,"",3,0,0,False
197047,439,14,0,0,0,0,"CmnDefHousingObject_00141","カーバンクルランプ・エメラルド",False,"",3,0,0,False
197048,440,12,3,4,21,0,,"雇用証書:使用人",False,"",0,16,9,False
197051,443,14,11,0,53,0,"HouFurPlantPot_00331","ラノシアン・プランター",False,"",0,0,0,False
197052,444,14,11,0,53,0,"HouFurPlantPot_00331","シュラウド・プランター",False,"",0,0,0,False
197053,445,14,11,0,53,0,"HouFurPlantPot_00331","ザナラーン・プランター",False,"",0,0,0,False
197054,446,12,0,0,0,0,"CmnDefHousingObject_00141","セニョール・サボテンダートロフィー",False,"",5,0,0,False
197055,447,13,0,0,0,0,,"違い棚",False,"",0,0,0,False
197056,448,14,12,1,0,0,"HouFurVase_00336","パラムールフラワーベース",False,"",5,5,12,False
197057,449,14,0,0,0,0,,"ベアーのぬいぐるみ",False,"",0,0,0,False
197058,450,14,7,23,0,0,"CmnDefHousingDish_00213","イシュガルディアン・モーニングセット",True,"",9,4,11,False
197059,451,12,0,0,0,0,,"ハットスタンド",False,"",0,0,0,False
197060,452,14,0,0,0,0,,"アッシュトレイ",False,"",0,0,0,False
197061,453,14,0,0,60,0,"CmnDefHousingObject_00141","インダイレクトランプ",False,"",0,0,0,False
197062,454,12,0,0,60,0,"CmnDefHousingObject_00141","インダイレクトランプ・スタンド",False,"",0,0,0,False
197063,455,12,0,0,0,0,,"セラピーカーテン",False,"",0,0,0,False
197064,456,14,16,4,63,4,"HouFurAquarium_00353","アクアリウムG4",False,"",0,6,13,False
197065,457,14,0,0,61,0,,"MGニーズヘッグ",False,"",0,0,0,False
197066,458,12,0,0,0,0,,"モグモグソファ",False,"",5,0,0,False
197067,459,14,0,0,0,0,"CmnDefHousingObject_00141","ドラゴンフロアランプ",False,"",5,0,0,False
197068,460,14,0,0,0,0,,"ローンウルフ・トロフィーS1",False,"",5,0,0,False
197069,461,15,0,0,0,0,,"ライジングバナー",False,"",5,0,0,False
197070,462,14,0,0,0,0,"CmnDefHousingObject_00141","マメットランタン",False,"",0,0,0,False
197071,463,15,0,0,0,0,,"ウォールボックスシェルフ",False,"",0,0,0,False
197072,464,13,0,0,0,0,,"蒼天騎士団の円卓",False,"",0,0,0,False
197073,465,14,7,24,0,0,"CmnDefHousingDish_00213","パンプキンシチュー",True,"",8,4,11,False
197074,466,14,0,0,0,0,,"カルコのぬいぐるみ",False,"",0,0,0,False
197075,467,14,0,0,0,0,,"ブリーナのぬいぐるみ",False,"",0,0,0,False
197076,468,12,0,0,0,0,,"ウォールブックシェルフ",False,"",0,0,0,False
197077,469,12,0,0,0,0,"CmnDefHousingObject_00141","グブラフロアランプ",False,"",0,0,0,False
197078,470,16,0,0,0,0,,"コームドウールラグ",False,"",0,0,0,False
197079,471,14,0,0,0,0,,"スピリッツコレクション",False,"",0,0,0,False
197080,472,14,0,0,0,0,"CmnDefHousingObject_00141","MGインビンシブル改級飛空艇",False,"",0,0,0,False
197081,473,14,0,0,0,0,"CmnDefHousingObject_00141","MGオデッセイ級飛空艇",False,"",0,0,0,False
197082,474,14,0,0,0,0,"CmnDefHousingObject_00141","MGタタノラ級飛空艇",False,"",0,0,0,False
197083,475,14,0,0,0,0,"CmnDefHousingObject_00141","MGヴィルトガンス級飛空艇",False,"",0,0,0,False
197084,476,12,8,6,36,0,"CmnDefHousingWheel_00216","コンパクト・ホイールスタンドVI",False,"",0,0,0,False
197085,477,14,0,0,0,0,,"ベビーモスのぬいぐるみ",False,"",3,0,0,False
197086,478,14,0,0,0,0,,"パックウルフ・トロフィーS2",False,"",5,0,0,False
197087,479,14,0,0,0,0,,"ローンウルフ・トロフィーS2",False,"",5,0,0,False
197088,480,12,0,0,0,0,,"スターライト・ピラー",False,"",5,0,0,False
197089,481,14,0,0,0,0,"CmnDefHousingObject_00141","起き上がりチョコボ",False,"",5,0,0,False
197090,482,14,0,0,64,0,,"MGソフィア",False,"",0,0,0,False
197091,483,14,0,0,65,0,,"MGアレキサンダー",False,"",0,0,0,False
197092,484,12,0,0,0,0,,"カーバンクルベッド",False,"",0,0,0,False
197093,485,14,0,0,0,0,,"",False,"",0,0,0,False
197094,486,15,0,0,0,0,,"イダとパパリモの肖像画",False,"",6,0,0,False
197095,487,14,0,0,0,0,,"サボテンダーのぬいぐるみ",False,"",5,0,0,False
197096,488,14,0,0,0,0,,"ウールボールバスケット",False,"",0,0,0,False
197097,489,14,7,25,0,0,"CmnDefHousingDish_00213","オムレツプレート",True,"",9,4,11,False
197098,490,15,0,0,0,0,,"プリンセスデー・ポスター",False,"",5,0,0,False
197099,491,15,0,0,60,0,"CmnDefHousingObject_00141","インダイレクト・ウォールランプ",False,"",0,0,0,False
197100,492,14,0,0,0,0,"CmnDefHousingObject_00141","パイッサフロアランプ",False,"",0,0,0,False
197101,493,13,0,0,0,0,,"マーチャントシェルフ",False,"",0,0,0,False
197102,494,12,0,0,0,0,,"アイビーピラー",False,"",0,0,0,False
197103,495,13,0,0,0,0,,"パレスペデスタル",False,"",0,0,0,False
197104,496,14,0,0,0,0,,"パックウルフ・トロフィーS3",False,"",5,0,0,False
197105,497,14,0,0,0,0,,"ローンウルフ・トロフィーS3",False,"",5,0,0,False
197106,498,13,0,0,0,0,,"デラックスステージ",False,"",0,0,0,False
197107,499,13,0,0,0,0,,"ラウンドステージ",False,"",0,0,0,False
197108,500,14,10,0,52,0,"HouFurOrchestrion_00330","テーブルオーケストリオン",False,"",0,0,0,False
197109,312,14,0,0,0,0,,"パンプキンバスケットEX",False,"",3,0,0,False
197110,387,14,0,0,0,0,,"サキュバスのぬいぐるみEX",False,"",3,0,0,False
197111,388,13,0,0,0,0,,"パンプキンデスクEX",False,"",3,0,0,False
197112,406,12,0,0,0,0,,"パンプキンチェアEX",False,"",3,0,0,False
197113,322,12,0,0,0,0,,"スターライト・プレゼントボックスEX",False,"",3,0,0,False
197114,292,14,0,0,0,0,,"星芒祭キキルンのぬいぐるみEX",False,"",3,0,0,False
197115,297,15,0,0,0,0,,"スターライトリースEX",False,"",3,0,0,False
197116,389,15,0,0,0,0,,"スターライトオーナメントEX",False,"",3,0,0,False
197117,400,15,0,0,0,0,,"ダブル・スターライトオーナメントEX",False,"",3,0,0,False
197118,390,12,0,0,0,0,,"スターライトツリーEX",False,"",3,0,0,False
197119,290,14,0,0,0,0,,"羊のめおと人形EX",False,"",3,0,0,False
197120,291,14,0,0,0,0,,"鏡餅EX",False,"",3,0,0,False
197121,391,14,7,19,0,0,"CmnDefHousingDish_00213","オリエンタル・オレンジバスケットEX",True,"",7,4,11,False
197122,392,14,0,0,0,0,"CmnDefHousingObject_00141","パイッサダルマEX",False,"",3,0,0,False
197123,407,12,0,0,0,0,"CmnDefHousingObject_00141","ライトハートチェアEX",False,"",3,0,0,False
197124,408,12,0,0,0,0,"CmnDefHousingObject_00141","レフトハートチェアEX",False,"",3,0,0,False
197125,409,12,0,0,0,0,,"パラムールベッドEX",False,"",3,0,0,False
197126,412,13,0,0,0,0,,"ソーン朝の飾り棚EX",False,"",3,0,0,False
197127,343,12,0,0,0,0,,"エッグフロアランプEX",False,"",3,0,0,False
197128,446,12,0,0,0,0,"CmnDefHousingObject_00141","セニョール・サボテンダートロフィーEX",False,"",3,0,0,False
197129,243,12,3,6,21,0,,"雇用証書:素材屋2",False,"",0,2,9,False
197130,243,12,3,7,21,0,,"雇用証書:よろず屋2",False,"",0,2,9,False
197131,243,12,3,8,21,0,,"雇用証書:修理屋2",False,"",0,2,9,False
197132,502,12,0,0,0,0,,"ホワイトパーティション",False,"",0,0,0,False
197133,503,16,0,0,0,0,,"レプリカトレジャー",False,"",0,0,0,False
197134,504,14,0,0,0,0,,"パックウルフ・トロフィーS4",False,"",5,0,0,False
197135,505,14,0,0,0,0,,"ローンウルフ・トロフィーS4",False,"",5,0,0,False
197136,501,15,12,1,0,0,"HouFurVase_00336","ウォールフラワーベース",False,"",0,5,12,False
197137,506,12,0,0,0,0,,"ダルメルの剥製",False,"",0,0,0,False
197138,507,12,0,0,0,0,,"ガガナの剥製",False,"",0,0,0,False
197139,508,14,0,0,0,0,,"東方風キセル箱",False,"",0,0,0,False
197140,509,14,0,0,0,0,,"東方風化粧箱",False,"",0,0,0,False
197141,510,12,0,0,0,0,,"ドマ風衝立",False,"",0,0,0,False
197142,511,14,0,0,71,0,,"MGラクシュミ",False,"",0,0,0,False
197143,512,14,0,0,72,0,,"MGスサノオ",False,"",0,0,0,False
197144,514,15,0,0,0,0,,"エッグハントバナー",False,"",5,0,0,False
197145,513,14,0,0,0,0,,"ローンウルフ・トロフィーS5",False,"",5,0,0,False
197146,515,14,0,0,0,0,,"エッダのぬいぐるみ",False,"",0,0,0,False
197147,516,12,0,0,0,0,,"ライジングバルーン",False,"",5,0,0,False
197148,517,14,7,26,0,0,"CmnDefHousingDish_00213","オリエンタル・ランチセット:寿司",True,"",9,4,11,False
197149,518,14,7,27,0,0,"CmnDefHousingDish_00213","オリエンタル・ランチセット:蕎麦",True,"",9,4,11,False
197150,519,14,7,28,0,0,"CmnDefHousingDish_00213","オリエンタル・ランチセット:うどん",True,"",9,4,11,False
197151,520,14,7,29,0,0,"CmnDefHousingDish_00213","オリエンタル・ランチセット:おにぎり",True,"",9,4,11,False
197152,521,14,0,0,0,0,"CmnDefHousingObject_00141","戌のぬいぐるみ",False,"",5,0,0,False
197153,522,15,0,0,0,0,,"ユウギリとゴウセツの人相書き",False,"",5,0,0,False
197154,523,14,12,2,0,0,"HouFurPicture_00376","イーゼル",False,"",0,7,14,False
197155,524,14,0,0,0,0,,"エリクサーボトル",False,"",0,0,0,False
197156,525,14,0,0,0,0,,"座布団",False,"",0,0,0,False
197157,526,13,0,0,0,0,,"ホワイト・ハーフパーティション",False,"",0,0,0,False
197158,527,12,12,3,0,0,"HouFurWallpaperPartition_00437","ラノシアン・フリーパーティション",False,"",0,8,15,False
197159,528,15,0,0,0,0,,"紅蓮祭の絵画",False,"",5,0,0,False
197160,529,14,7,30,0,0,"CmnDefHousingDish_00213","ラージシェイブドアイス",True,"",8,4,11,False
197161,530,14,0,0,0,0,,"招きモーグリ",False,"",0,0,0,False
197162,531,12,0,0,0,0,"CmnDefHousingObject_00141","マタンガランプ",False,"",0,0,0,False
197163,532,14,0,0,0,0,,"クロのぬいぐるみ",False,"",0,0,0,False
197164,533,14,0,0,0,0,,"キツネのぬいぐるみ",False,"",5,0,0,False
197165,534,14,7,31,0,0,"CmnDefHousingDish_00213","パンプキンパイセット",True,"",8,4,11,False
197167,536,14,7,33,0,0,"CmnDefHousingDish_00213","スターライト・ビーフシチューセット",True,"",8,4,11,False
197168,537,14,0,0,74,0,"CmnDefHousingObject_00141","イクシオン・トロフィー",False,"",0,0,0,False
197169,538,15,0,0,0,0,,"イミテーション・オブロングウィンドウ",False,"",0,0,0,False
197172,541,13,0,0,0,0,,"チョコボラウンドテーブル",False,"",5,0,0,False
197173,542,12,0,0,0,0,,"チョコボチェア",False,"",5,0,0,False
197175,544,14,0,0,0,0,"CmnDefHousingObject_00141","でぶチョコボ・テーブルクロノメーター",False,"",3,0,0,False
197176,545,14,0,0,0,0,"CmnDefHousingObject_00141","ウソウソ提灯",False,"",0,0,0,False
197179,548,14,0,0,0,0,"CmnDefHousingObject_00141","パイッサ・クロノメーター",False,"",0,0,0,False
197180,549,12,0,0,0,0,,"モーグリベッド",False,"",0,0,0,False
197181,550,14,0,0,0,0,,"モーグリランプ",False,"",0,0,0,False
197182,461,15,0,0,0,0,,"ライジングバナーEX",False,"",3,0,0,False
197183,551,13,0,0,0,0,,"文机",False,"",0,0,0,False
197184,552,12,0,0,0,0,,"縁台",False,"",0,0,0,False
197185,553,13,0,0,0,0,,"白銀囲炉裏",False,"",0,0,0,False
197186,554,12,0,0,0,0,,"白銀寝台",False,"",0,0,0,False
197187,555,13,0,0,0,0,,"白銀用箪笥",False,"",0,0,0,False
197188,556,13,0,0,0,0,,"白銀箪笥",False,"",0,0,0,False
197189,557,13,0,0,0,0,,"白銀本棚",False,"",0,0,0,False
197190,558,13,0,0,0,0,,"白銀食器棚",False,"",0,0,0,False
197191,559,12,0,0,0,0,,"白銀椅子",False,"",0,0,0,False
197192,560,12,0,0,0,0,,"白銀長椅子",False,"",0,0,0,False
197193,561,13,0,0,0,0,,"座卓",False,"",0,0,0,False
197194,562,13,0,0,0,0,,"白銀飾棚",False,"",0,0,0,False
197195,563,12,0,0,0,0,,"白銀かまど",False,"",0,0,0,False
197196,564,12,0,0,0,0,,"障子衝立",False,"",0,0,0,False
197197,565,15,0,0,0,0,,"白銀掛け軸",False,"",0,0,0,False
197198,566,12,0,0,0,0,,"竹の鉢植",False,"",0,0,0,False
197199,567,14,0,0,0,0,,"白銀置行灯",False,"",0,0,0,False
197201,569,14,0,0,0,0,,"虎徹【偽】",False,"",0,0,0,False
197202,570,14,0,0,0,0,,"当世具足",False,"",0,0,0,False
197203,571,15,0,0,0,0,,"手持ち提灯",False,"",0,0,0,False
197204,572,14,0,0,0,0,,"東方巻物",False,"",0,0,0,False
197205,573,14,0,0,0,0,,"東方筆",False,"",0,0,0,False
197206,574,14,0,0,0,0,,"磁器壺",False,"",0,0,0,False
197207,575,14,0,0,0,0,,"衣桁",False,"",0,0,0,False
197208,576,14,0,0,0,0,,"紅蓮珊瑚の置物",False,"",0,0,0,False
197209,577,15,0,0,0,0,,"飾り扇子",False,"",0,0,0,False
197210,578,15,0,0,73,0,,"神龍の翼",False,"",0,0,0,False
197211,579,15,0,0,0,0,,"守護天節のポスター",False,"",5,0,0,False
197212,580,14,0,0,0,0,,"塗料缶",False,"",0,0,0,False
197213,581,14,0,0,0,0,,"パンプキンタワー",False,"",5,0,0,False
197214,582,15,0,0,0,0,,"星芒祭のポスター",False,"",5,0,0,False
197215,583,14,0,0,0,0,,"スターライト・リトルツリー",False,"",5,0,0,False
197217,585,14,0,0,0,0,,"コウジン族のぬいぐるみ",False,"",0,0,0,False
197218,586,12,0,0,0,0,"CmnDefHousingObject_00141","いのししの門松",False,"",5,0,0,False
197219,587,15,0,0,0,0,,"モルバナー",False,"",5,0,0,False
197220,588,14,7,32,0,0,"CmnDefHousingDish_00213","パンプキンプリンセット",True,"",8,4,11,False
197221,589,14,7,34,0,0,"CmnDefHousingDish_00213","スターライト・ブッシュドノエルセット",True,"",8,4,11,False
197222,590,15,0,0,0,0,,"だまし窓",False,"",0,0,0,False
197223,591,15,0,0,0,0,,"イミテーション・ステンドクリスタル",False,"",0,0,0,False
197224,592,14,12,1,0,0,"HouFurVase_00336","エッグナイト・フラワーベース",False,"",0,5,12,False
197225,593,14,12,1,0,0,"HouFurVase_00336","ガーリックスター・フラワーベース",False,"",0,5,12,False
197226,594,14,12,1,0,0,"HouFurVase_00336","マンドラクイーン・フラワーベース",False,"",0,5,12,False
197227,595,14,12,1,0,0,"HouFurVase_00336","オニオンプリンス・フラワーベース",False,"",0,5,12,False
197228,596,14,12,1,0,0,"HouFurVase_00336","キングトマト・フラワーベース",False,"",0,5,12,False
197233,601,15,0,0,0,0,,"モーグリ・ウォールクロノメーター",False,"",0,0,0,False
197235,603,14,0,0,0,0,,"ゴーストキャンドルスタンド",False,"",5,0,0,False
197237,605,14,0,0,0,0,"CmnDefHousingObject_00141","チョコチョコボランタン",False,"",3,0,0,False
197238,465,14,7,24,0,0,"CmnDefHousingDish_00213","パンプキンシチューEX",True,"",7,4,11,False
197239,480,12,0,0,0,0,,"スターライト・ピラーEX",False,"",3,0,0,False
197240,436,15,0,0,0,0,,"星芒祭の絵画EX",False,"",3,0,0,False
197241,481,14,0,0,0,0,"CmnDefHousingObject_00141","起き上がりチョコボEX",False,"",3,0,0,False
197242,607,13,0,0,75,0,,"白虎脇机",False,"",0,0,0,False
197243,606,12,0,0,76,0,,"白虎玉座",False,"",0,0,0,False
197244,608,14,0,0,0,0,,"スプリガンのぬいぐるみ",False,"",3,0,0,False
197245,609,14,0,0,0,0,,"ローンウルフ・トロフィーS6",False,"",5,0,0,False
197246,610,15,0,0,0,0,,"ヴァレンティオンデー・ポスター",False,"",5,0,0,False
197247,611,14,0,0,0,0,,"ヴァレンティオンバルーン",False,"",5,0,0,False
197248,612,14,7,35,0,0,"CmnDefHousingDish_00213","ブレッドバスケット",True,"",9,4,11,False
197249,613,14,0,0,0,0,,"アルファのぬいぐるみ",False,"",0,0,0,False
197250,614,14,0,0,0,0,,"天然緑水晶",False,"",0,0,0,False
197251,615,14,7,36,0,0,"CmnDefHousingDish_00213","ボーレルティーセット",True,"",9,4,11,False
197252,616,14,7,37,0,0,"CmnDefHousingDish_00213","ハリカルナッソスのティーセット",True,"",9,4,11,False
197253,617,15,0,0,0,0,,"ブリックインナーウォール",False,"",0,0,0,False
197254,618,15,0,0,0,0,,"ハンギングカップボード",False,"",0,0,0,False
197255,619,14,0,0,0,0,,"ベジタブルバスケット",False,"",0,0,0,False
197256,620,13,0,0,0,0,,"ホールパーティション",False,"",0,0,0,False
197257,621,13,0,0,0,0,,"カートカウンター",False,"",0,0,0,False
197258,622,13,0,0,0,0,,"シャーレアン・キャビネット",False,"",0,0,0,False
197259,623,12,0,0,0,0,,"シャーレアン・ワードローブ",False,"",0,0,0,False
197260,624,12,0,0,0,0,,"カーバンクル・バスタブ",False,"",0,0,0,False
197261,625,14,0,0,0,0,,"バーバーツールズ",False,"",0,0,0,False
197262,626,15,0,0,0,0,,"キッチンハンガー",False,"",0,0,0,False
197263,627,15,0,0,0,0,,"般若の面",False,"",0,0,0,False
197264,628,13,0,0,0,0,,"ウソウソダイニングテーブル",False,"",0,0,0,False
197266,630,12,0,0,0,0,,"ウソウソスクリーン",False,"",0,0,0,False
197267,631,12,0,0,0,0,,"ウソウソ丸行燈",False,"",3,0,0,False
197268,632,14,0,0,0,0,,"晩酌一式",False,"",5,0,0,False
197269,633,12,0,0,0,0,,"ステージパネル",False,"",0,0,0,False
197270,634,14,0,0,0,0,,"アナンタ族のぬいぐるみ",False,"",5,0,0,False
197271,635,12,0,0,0,0,,"ウソウソチェア",False,"",0,0,0,False
197272,636,15,0,0,0,0,,"ウソウソ・ウォールランタン",False,"",0,0,0,False
197277,641,13,0,0,0,0,,"チョコボダイニングテーブル",False,"",5,0,0,False
197279,643,13,0,0,0,0,,"モーグリブックシェルフ",False,"",0,0,0,False
197281,645,14,16,1,63,1,"HouFurAquarium_00353","メタルアクアリウムG1",False,"",0,6,13,False
197282,646,14,16,2,63,2,"HouFurAquarium_00353","メタルアクアリウムG2",False,"",0,6,13,False
197283,647,12,0,0,0,0,"HouFurGSArcadeMachine_00478","クリスタルタワーストライカー",False,"",5,0,0,False
197284,648,12,12,3,0,0,"HouFurWallpaperPartition_00437","シュラウド・フリーパーティション",False,"",0,8,15,False
197285,649,12,12,3,0,0,"HouFurWallpaperPartition_00437","ザナラーン・フリーパーティション",False,"",0,8,15,False
197286,650,12,12,3,0,0,"HouFurWallpaperPartition_00437","白銀自在内壁",False,"",0,8,15,False
197287,651,14,0,0,0,0,,"ローンウルフ・トロフィーS9",False,"",5,0,0,False
197288,652,14,0,0,0,0,,"えおるぜあ灯篭",False,"",0,0,0,False
197289,653,13,0,0,0,0,,"ボムストーブ",False,"",0,0,0,False
197290,654,14,16,3,63,3,"HouFurAquarium_00353","メタルアクアリウムG3",False,"",0,6,13,False
197291,655,14,16,4,63,4,"HouFurAquarium_00353","メタルアクアリウムG4",False,"",0,6,13,False
197292,656,12,0,0,0,0,,"白銀間仕切り板",False,"",0,0,0,False
197293,243,12,3,9,21,0,,"雇用証書:素材屋3",False,"",0,2,9,False
197294,243,12,3,10,21,0,,"雇用証書:よろず屋3",False,"",0,2,9,False
197295,243,12,3,11,21,0,,"雇用証書:修理屋3",False,"",0,2,9,False
197296,534,14,7,31,0,0,"CmnDefHousingDish_00213","パンプキンパイセットEX",True,"",7,4,11,False
197297,588,14,7,32,0,0,"CmnDefHousingDish_00213","パンプキンプリンセットEX",True,"",7,4,11,False
197298,603,14,0,0,0,0,,"ゴーストキャンドルスタンドEX",False,"",3,0,0,False
197299,579,15,0,0,0,0,,"守護天節のポスターEX",False,"",3,0,0,False
197300,581,14,0,0,0,0,,"パンプキンタワーEX",False,"",3,0,0,False
197301,536,14,7,33,0,0,"CmnDefHousingDish_00213","スターライト・ビーフシチューセットEX",True,"",7,4,11,False
197302,589,14,7,34,0,0,"CmnDefHousingDish_00213","スターライト・ブッシュドノエルセットEX",True,"",7,4,11,False
197303,582,15,0,0,0,0,,"星芒祭のポスターEX",False,"",3,0,0,False
197304,583,14,0,0,0,0,,"スターライト・リトルツリーEX",False,"",3,0,0,False
197305,657,12,0,0,0,0,,"白銀柱",False,"",0,0,0,False
197306,658,14,0,0,0,0,,"山積みの書類",False,"",0,0,0,False
197307,659,14,0,0,0,0,,"劇団の化粧道具",False,"",5,0,0,False
197308,660,14,0,0,0,0,,"ドレスハンガー",False,"",5,0,0,False
197309,661,13,0,0,0,0,,"劇団の衣装棚",False,"",5,0,0,False
197310,662,14,10,0,52,0,"HouFurOrchestrion_00330","モーグリオーケストリオン",False,"",3,0,0,False
197311,663,13,0,0,0,0,,"雛箪笥",False,"",5,0,0,False
197312,664,14,0,0,0,0,,"コートハンガー",False,"",5,0,0,False
197313,665,15,0,0,0,0,,"シールド・アンド・ハルバード",False,"",0,0,0,False
197314,666,14,0,0,0,0,,"裁縫師の籠",False,"",0,0,0,False
197315,667,14,0,0,0,0,,"ローンウルフ・トロフィーS7",False,"",5,0,0,False
197316,668,14,0,0,78,0,,"ツクヨミのぬいぐるみ",False,"",0,0,0,False
197317,669,15,0,0,0,0,,"ファルコン・バナー",False,"",5,0,0,False
197318,670,15,0,0,0,0,,"レイヴン・バナー",False,"",5,0,0,False
197319,671,12,0,0,0,0,,"スロッピー・ワードローブ",False,"",0,0,0,False
197320,672,14,0,0,0,0,,"洗濯籠",False,"",0,0,0,False
197321,673,14,0,0,0,0,,"レザーバッグ",False,"",0,0,0,False
197322,674,14,0,0,0,0,,"コージーレザーシューズ",False,"",0,0,0,False
197323,675,14,0,0,0,0,,"キャンドルセット",False,"",0,0,0,False
197324,676,14,0,0,0,0,,"シュラウド・スモールチェスト",False,"",0,0,0,False
197325,677,13,0,0,0,0,,"脚立",False,"",0,0,0,False
197326,678,12,0,0,0,0,,"シュラウド・パーティションドア",False,"",0,0,0,False
197327,679,12,0,0,0,0,,"ザナラーン・パーティションドア",False,"",0,0,0,False
197328,680,14,0,0,0,0,,"ワイングラス",False,"",0,0,0,False
197329,681,13,0,0,0,0,,"バーカウンター",False,"",0,0,0,False
197330,682,12,0,0,0,0,,"バーチェア",False,"",0,0,0,False
197331,683,15,0,0,0,0,,"ボトムハンガー",False,"",0,0,0,False
197332,684,14,0,0,0,0,,"チェーンメイルハンガー",False,"",0,0,0,False
197333,685,14,0,0,0,0,,"次元城の美しき花瓶",False,"",0,0,0,False
197334,686,14,0,0,0,0,,"次元城の麗しき花瓶",False,"",0,0,0,False
197335,687,14,0,0,0,0,,"ナマズオのぬいぐるみ",False,"",5,0,0,False
197337,689,14,0,0,0,0,,"ローンウルフ・トロフィーS10",False,"",5,0,0,False
197338,691,14,7,40,0,0,"CmnDefHousingDish_00213","カレーライス",True,"",8,4,11,False
197339,690,14,0,0,0,0,"CmnDefHousingObject_00141","パズズの祭壇",False,"",0,0,0,False
197340,243,12,3,12,21,0,,"雇用証書:奉公人",False,"",0,16,9,False
197341,243,12,3,13,21,0,,"雇用証書:素材システム",False,"",0,2,9,False
197342,243,12,3,14,21,0,,"雇用証書:よろずシステム",False,"",0,2,9,False
197343,243,12,3,15,21,0,,"雇用証書:修理システム",False,"",0,2,9,False
197344,243,12,3,16,21,0,,"雇用証書:家事システム",False,"",0,16,9,False
197345,243,12,3,17,21,0,,"雇用証書:アナンタ族の素材屋",False,"",5,2,9,False
197346,243,12,3,18,21,0,,"雇用証書:アナンタ族のよろず屋",False,"",5,2,9,False
197347,243,12,3,19,21,0,,"雇用証書:アナンタ族の修理屋",False,"",5,2,9,False
197348,243,12,3,20,21,0,,"雇用証書:アナンタ族の使用人",False,"",5,16,9,False
197349,448,14,12,1,0,0,"HouFurVase_00336","パラムールフラワーベースEX",False,"",3,5,12,False
197350,490,15,0,0,0,0,,"プリンセスデー・ポスターEX",False,"",3,0,0,False
197351,514,15,0,0,0,0,,"エッグハントバナーEX",False,"",3,0,0,False
197353,610,15,0,0,0,0,,"ヴァレンティオンデー・ポスターEX",False,"",3,0,0,False
197354,611,14,0,0,0,0,,"ヴァレンティオンバルーンEX",False,"",3,0,0,False
197355,663,13,0,0,0,0,,"雛箪笥EX",False,"",3,0,0,False
197356,692,14,0,0,0,0,,"ローンウルフ・トロフィーS8",False,"",5,0,0,False
197357,693,14,0,0,0,0,"CmnDefHousingObject_00141","天之小祠",False,"",5,0,0,False
197358,694,14,7,39,0,0,"CmnDefHousingDish_00213","饅頭蒸籠",True,"",8,4,11,False
197359,695,14,0,0,0,0,"CmnDefHousingObject_00141","ミニチュア・イロー",False,"",0,0,0,False
197360,696,14,0,0,0,0,,"冒険者の画材",False,"",0,0,0,False
197361,697,14,0,0,0,0,,"モーグリ蚊取線香",False,"",5,0,0,False
197363,699,13,0,0,0,0,,"サザンキッチン",False,"",0,0,0,False
197364,700,14,0,0,0,0,,"白銀掃除道具",False,"",0,0,0,False
197365,701,14,0,0,0,0,"CmnDefHousingObject_00141","屋内用肉焼きセット",False,"",5,0,0,False
197366,702,15,0,0,0,0,,"だまし障子",False,"",5,0,0,False
197367,703,14,7,38,0,0,"CmnDefHousingDish_00213","ドマ飴細工",True,"",8,4,11,False
197369,705,12,0,0,0,0,"HouFurGSArcadeMachine_00478","モンスタートス",False,"",5,0,0,False
197370,706,12,0,0,0,0,"HouFurGSArcadeMachine_00478","カフ ア カー",False,"",5,0,0,False
197373,709,12,0,0,0,0,,"グランドチェア",False,"",0,0,0,False
197374,710,14,0,0,0,0,,"ジェリーフィッシュランプ",False,"",0,0,0,False
197375,711,14,0,0,0,0,,"しあわせうさぎのぬいぐるみ",False,"",0,0,0,False
197376,243,12,3,21,21,0,,"雇用証書:ナマズオ族の素材屋",False,"",5,2,9,False
197377,243,12,3,22,21,0,,"雇用証書:ナマズオ族のよろず屋",False,"",5,2,9,False
197378,243,12,3,23,21,0,,"雇用証書:ナマズオ族の修理屋",False,"",5,2,9,False
197379,243,12,3,24,21,0,,"雇用証書:ナマズオ族の使用人",False,"",5,2,9,False
197380,243,12,3,25,21,0,,"雇用証書:古物商",False,"",0,2,9,False
197382,528,15,0,0,0,0,,"紅蓮祭の絵画EX",False,"",3,0,0,False
197383,529,14,7,30,0,0,"CmnDefHousingDish_00213","ラージシェイブドアイスEX",True,"",7,4,11,False
197384,516,12,0,0,0,0,,"ライジングバルーンEX",False,"",3,0,0,False
197385,243,12,19,0,79,0,,"マネキン",False,"",0,0,0,True
197386,712,14,7,41,0,0,"CmnDefHousingDish_00213","シチューポット",True,"",9,4,11,False
197387,713,15,0,0,80,0,,"朱雀の壁掛彫刻",False,"",0,0,0,False
197388,714,12,0,0,0,0,,"ドマミズキ",False,"",5,0,0,False
197389,715,15,0,0,0,0,,"ドマ町人地全景図",False,"",5,0,0,False
197391,717,15,0,0,0,0,,"パンプキンフラッグ",False,"",5,0,0,False
197392,718,14,7,42,0,0,"CmnDefHousingDish_00213","パンプキンケーキセット",True,"",8,4,11,False
197393,719,15,0,0,0,0,,"キャットフットプリント",False,"",5,0,0,False
197394,720,12,0,0,0,0,,"スターライト・ホワイトツリー",False,"",5,0,0,False
197395,721,14,7,43,0,0,"CmnDefHousingDish_00213","スターライト・ドーナツセット",True,"",8,4,11,False
197396,722,14,0,0,0,0,,"スターライト・スノーマン",False,"",5,0,0,False
197397,723,14,0,0,0,0,,"エンプティープレゼントボックス",False,"",5,0,0,False
197398,724,14,7,44,0,0,"CmnDefHousingDish_00213","ロランベリータルト",True,"",9,4,11,False
197399,725,14,0,0,0,0,,"天然水晶",False,"",0,0,0,False
197400,726,14,0,0,0,0,,"グリダニアンブーケ",False,"",0,0,0,False
197401,727,15,0,0,0,0,,"イミテーション・シャッターウィンドウ",False,"",0,0,0,False
197402,728,14,0,0,0,0,,"プレイハウスセット",False,"",0,0,0,False
197403,729,14,0,0,0,0,,"ウッドショーケース",False,"",0,0,0,False
197404,730,14,0,0,0,0,,"ニッティングウール",False,"",0,0,0,False
197405,731,14,0,0,0,0,,"アドベンチャラーバッグ",False,"",0,0,0,False
197406,732,14,0,0,0,0,,"スパイスラック",False,"",0,0,0,False
197407,733,12,0,0,0,0,,"ブレッドシェルフ",False,"",0,0,0,False
197408,734,12,0,0,0,0,,"マホガニーバンクベッド",False,"",0,0,0,False
197409,735,14,0,0,0,0,,"ハンドバスケット",False,"",0,0,0,False
197410,736,14,0,0,0,0,,"スロッピー・カミーズ",False,"",5,0,0,False
197411,737,14,0,0,0,0,,"スロッピー・ボトム",False,"",5,0,0,False
197412,738,14,0,0,0,0,,"ガラスボトルセット",False,"",0,0,0,False
197413,739,14,0,0,0,0,,"ウッドプレート",False,"",0,0,0,False
197414,740,14,0,0,0,0,,"ウッドカップセット",False,"",0,0,0,False
197415,741,15,0,0,0,0,,"ディッシュウォールシェルフ",False,"",0,0,0,False
197416,742,12,0,0,0,0,,"グリーンパーティション",False,"",0,0,0,False
197417,743,16,0,0,0,0,,"バスルーム・タイルマット",False,"",0,0,0,False
197418,744,15,0,0,0,0,,"バスルーム・タイルシート",False,"",0,0,0,False
197419,745,14,0,0,0,0,,"タオルセット",False,"",5,0,0,False
197420,746,14,0,0,0,0,,"クッションセット",False,"",0,0,0,False
197421,521,14,0,0,0,0,"CmnDefHousingObject_00141","戌のぬいぐるみEX",False,"",3,0,0,False
197422,747,14,0,0,81,0,,"青龍の彫刻",False,"",0,0,0,False
197423,748,14,7,45,0,0,"CmnDefHousingDish_00213","ヴァレンティオンロブスター",True,"",8,4,11,False
197424,749,14,7,46,0,0,"CmnDefHousingDish_00213","ヴァレンティオンケーキセット",True,"",8,4,11,False
197425,750,14,7,47,0,0,"CmnDefHousingDish_00213","エッグ・クラウンロースト",True,"",8,4,11,False
197426,751,14,0,0,0,0,,"アルコンエッグス",False,"",5,0,0,False
197427,752,15,0,0,0,0,,"イミテーション・スモールウィンドウ",False,"",0,0,0,False
197428,753,14,7,48,0,0,"CmnDefHousingDish_00213","エッグ・チョコレートケーキ",True,"",8,4,11,False
197429,754,14,0,0,0,0,,"金貨袋",False,"",0,0,0,False
197430,755,14,0,0,0,0,,"海底の財宝",False,"",0,0,0,False
197431,756,14,0,0,0,0,"CmnDefHousingObject_00141","レプリカ・レベルチェッカー",False,"",0,0,0,False
197432,757,14,0,0,0,0,,"天然青水晶",False,"",0,0,0,False
197433,758,14,0,0,0,0,,"ファットキャット・コインバンク",False,"",0,0,0,False
197434,759,13,0,0,0,0,,"丸太タワー",False,"",0,0,0,False
197435,760,15,0,0,0,0,,"園芸師の乾燥ハーブ",False,"",0,0,0,False
197436,761,13,0,0,0,0,,"ステップキッチン",False,"",0,0,0,False
197437,762,15,0,0,0,0,,"四聖獣図",False,"",5,0,0,False
197438,763,15,0,0,0,0,,"ウッドロフト",False,"",0,0,0,False
197439,764,15,0,0,0,0,,"ウッドステップ",False,"",0,0,0,False
197440,765,15,0,0,0,0,,"ウッドビーム",False,"",0,0,0,False
197441,766,12,0,0,0,0,,"ピュアホワイトパーティション",False,"",0,0,0,False
197442,767,14,7,49,0,0,"CmnDefHousingDish_00213","おでん盛り合わせ",True,"",9,4,11,False
197444,769,14,0,0,0,0,,"フルーツシェルフ",False,"",0,0,0,False
197445,770,14,0,0,0,0,,"ベジタブルシェルフ",False,"",0,0,0,False
197446,771,14,0,0,0,0,,"スイーツシェルフ",False,"",0,0,0,False
197447,772,14,0,0,0,0,,"オーレシェルフ",False,"",0,0,0,False
197448,773,14,0,0,0,0,,"クロスシェルフ",False,"",0,0,0,False
197449,774,14,0,0,0,0,,"ポーションシェルフ",False,"",0,0,0,False
197450,775,14,0,0,0,0,,"マジックプリズムポーチ",False,"",0,0,0,False
197451,776,14,0,0,0,0,,"ランプマリモランタン",False,"",0,0,0,False
197452,777,14,0,0,0,0,,"ハニーポット",False,"",0,0,0,False
197453,778,16,0,0,0,0,,"レッドカーペット",False,"",0,0,0,False
197454,779,15,0,0,0,0,,"プランターウォールシェルフ",False,"",0,0,0,False
197455,780,14,0,0,0,0,,"ぬいぐるみセット",False,"",0,0,0,False
197456,781,12,0,0,0,0,"CmnDefHousingObject_00141","ウォッシュスタンド",False,"",0,0,0,False
197457,782,12,0,0,0,0,,"ファットキャットソファー",False,"",0,0,0,False
197458,783,14,0,0,0,0,"CmnDefHousingObject_00141","アルファの高級ぬいぐるみ",False,"",3,0,0,False
197459,790,14,0,0,0,0,,"マメットのぬいぐるみ",False,"",5,0,0,False
197460,791,14,7,50,0,0,"CmnDefHousingDish_00213","祝祭のちらし寿司",True,"",8,4,11,False
197461,792,14,7,51,0,0,"CmnDefHousingDish_00213","祝祭の手まり寿司",True,"",8,4,11,False
197462,793,14,0,0,0,0,,"ローンウルフ・トロフィーS11",False,"",5,0,0,False
197463,794,14,0,0,0,0,,"ローンウルフ・トロフィーS12",False,"",5,0,0,False
197464,795,14,0,0,0,0,,"アナンタ族の宝物",False,"",5,0,0,False
197465,243,12,3,26,21,0,,"雇用証書:コウジン族の素材屋",False,"",5,2,9,False
197466,243,12,3,27,21,0,,"雇用証書:コウジン族のよろず屋",False,"",5,2,9,False
197467,243,12,3,28,21,0,,"雇用証書:コウジン族の修理屋",False,"",5,2,9,False
197468,243,12,3,29,21,0,,"雇用証書:コウジン族の使用人",False,"",5,2,9,False
