key,0,1,2,3,4,5,6,7,8,9,10,11,12,13,14,15,16,17,18,19,20,21,22,23,24,25,26,27,28,29,30,31,32
#,,,Quest[0],Quest[1],Quest[2],Quest[3],Quest[4],Quest[5],Quest[6],Quest[7],Quest[8],Quest[9],Quest[10],Quest[11],Quest[12],Quest[13],Quest[14],DefaultTalk[0],DefaultTalk[1],DefaultTalk[2],DefaultTalk[3],DefaultTalk[4],DefaultTalk[5],DefaultTalk[6],DefaultTalk[7],DefaultTalk[8],DefaultTalk[9],DefaultTalk[10],DefaultTalk[11],DefaultTalk[12],DefaultTalk[13],DefaultTalk[14],DefaultTalk[15]
int32,uint32,uint32,Quest,Quest,Quest,Quest,Quest,Quest,Quest,Quest,Quest,Quest,Quest,Quest,Quest,Quest,Quest,DefaultTalk,DefaultTalk,DefaultTalk,DefaultTalk,DefaultTalk,DefaultTalk,DefaultTalk,DefaultTalk,DefaultTalk,DefaultTalk,DefaultTalk,DefaultTalk,DefaultTalk,DefaultTalk,DefaultTalk,DefaultTalk
2031616,0,0,,,,,,,,,,,,,,,,,,,,,,,,,,,,,,,
2031617,0,0,,,,,,,,,,,,,,,,,,,,,,,,,,,,,,,
2031618,0,0,"宿縁を断ち切る日",,,,,,,,,,,,,,,"DefaultTalk#590413","DefaultTalk#591292",,,,,,,,,,,,,,
2031619,0,0,"宿縁を断ち切る日","原初的な彼女",,,,,,,,,,,,,,"DefaultTalk#590357","DefaultTalk#591293","DefaultTalk#594337",,,,,,,,,,,,,
2031620,0,0,"ナルザルの双剣",,,,,,,,,,,,,,,"DefaultTalk#590286","DefaultTalk#591295",,,,,,,,,,,,,,
2031621,0,0,"勇気の証明",,,,,,,,,,,,,,,"DefaultTalk#589886","DefaultTalk#591296",,,,,,,,,,,,,,
2031622,0,0,"拳の聖人",,,,,,,,,,,,,,,"DefaultTalk#590192","DefaultTalk#591297",,,,,,,,,,,,,,
2031623,0,0,"拳の聖人",,,,,,,,,,,,,,,"DefaultTalk#590464","DefaultTalk#591298",,,,,,,,,,,,,,
2031624,0,0,"迷い無き瞳",,,,,,,,,,,,,,,"DefaultTalk#589874","DefaultTalk#591299",,,,,,,,,,,,,,
2031625,0,0,"迷い無き瞳",,,,,,,,,,,,,,,"DefaultTalk#589877","DefaultTalk#591300",,,,,,,,,,,,,,
2031626,0,0,"迷い無き瞳",,,,,,,,,,,,,,,"DefaultTalk#589876","DefaultTalk#591301",,,,,,,,,,,,,,
2031627,0,0,"臆病者の牙","ドン引き復讐計画",,,,,,,,,,,,,,"DefaultTalk#590208","DefaultTalk#591302","DefaultTalk#591906",,,,,,,,,,,,,
2031628,0,0,"臆病者の牙",,,,,,,,,,,,,,,"DefaultTalk#590466","DefaultTalk#591303",,,,,,,,,,,,,,
2031629,0,0,"臆病者の牙",,,,,,,,,,,,,,,"DefaultTalk#590468","DefaultTalk#591304",,,,,,,,,,,,,,
2031630,0,0,"臆病者の牙",,,,,,,,,,,,,,,"DefaultTalk#590467","DefaultTalk#591305",,,,,,,,,,,,,,
2031631,0,0,"臆病者の牙",,,,,,,,,,,,,,,"DefaultTalk#590465","DefaultTalk#591306",,,,,,,,,,,,,,
2031632,0,0,"やっと、わかったよ",,,,,,,,,,,,,,,"DefaultTalk#589924","DefaultTalk#591307",,,,,,,,,,,,,,
2031633,0,0,"やっと、わかったよ",,,,,,,,,,,,,,,"DefaultTalk#590150","DefaultTalk#591308",,,,,,,,,,,,,,
2031634,0,0,"やっと、わかったよ",,,,,,,,,,,,,,,"DefaultTalk#590082","DefaultTalk#591309",,,,,,,,,,,,,,
2031635,0,0,"巴術最大級命題の証明",,,,,,,,,,,,,,,"DefaultTalk#591050","DefaultTalk#591310",,,,,,,,,,,,,,
2031636,0,0,"命輝く名品",,,,,,,,,,,,,,,"DefaultTalk#589898","DefaultTalk#591311",,,,,,,,,,,,,,
2031637,0,0,"出藍の誉れ",,,,,,,,,,,,,,,"DefaultTalk#589933","DefaultTalk#591312",,,,,,,,,,,,,,
2031638,0,0,"恋愛戦士の戦闘服",,,,,,,,,,,,,,,"DefaultTalk#590579","DefaultTalk#591313",,,,,,,,,,,,,,
2031639,0,0,"ひとときの奇跡",,,,,,,,,,,,,,,"DefaultTalk#590577","DefaultTalk#591314",,,,,,,,,,,,,,
2031640,0,0,"源に通じる真珠","ギルドへの私的な依頼",,,,,,,,,,,,,,"DefaultTalk#590578","DefaultTalk#591315","DefaultTalk#594286",,,,,,,,,,,,,
2031641,0,0,"食通ロロリトの逆襲",,,,,,,,,,,,,,,"DefaultTalk#590427","DefaultTalk#591316",,,,,,,,,,,,,,
2031642,0,0,"食通ロロリトの逆襲",,,,,,,,,,,,,,,"DefaultTalk#590363","DefaultTalk#591317",,,,,,,,,,,,,,
2031643,0,0,"食通ロロリトの逆襲",,,,,,,,,,,,,,,"DefaultTalk#590364","DefaultTalk#591318",,,,,,,,,,,,,,
2031644,0,0,"食通ロロリトの逆襲",,,,,,,,,,,,,,,"DefaultTalk#590362","DefaultTalk#591319",,,,,,,,,,,,,,
2031645,0,0,"想い乗せ羽ばたく剣",,,,,,,,,,,,,,,"DefaultTalk#590439","DefaultTalk#591320",,,,,,,,,,,,,,
2031646,0,0,"想い乗せ羽ばたく剣",,,,,,,,,,,,,,,"DefaultTalk#590396","DefaultTalk#591321",,,,,,,,,,,,,,
2031647,0,0,"想い乗せ羽ばたく剣",,,,,,,,,,,,,,,"DefaultTalk#590358","DefaultTalk#591322",,,,,,,,,,,,,,
2031648,0,0,"信念の甲冑師",,,,,,,,,,,,,,,"DefaultTalk#590440","DefaultTalk#591323",,,,,,,,,,,,,,
2031649,0,0,"信念の甲冑師","壊れた漢","甲冑師たち",,,,,,,,,,,,,"DefaultTalk#590402","DefaultTalk#591324","DefaultTalk#592789","DefaultTalk#592790",,,,,,,,,,,,
2031650,0,0,"信念の甲冑師",,,,,,,,,,,,,,,"DefaultTalk#590399","DefaultTalk#591325",,,,,,,,,,,,,,
2031651,0,0,"信念の甲冑師",,,,,,,,,,,,,,,"DefaultTalk#590398","DefaultTalk#591326",,,,,,,,,,,,,,
2031652,0,0,"信念の甲冑師",,,,,,,,,,,,,,,"DefaultTalk#590397","DefaultTalk#591327",,,,,,,,,,,,,,
2031653,0,0,"森を育む者",,,,,,,,,,,,,,,"DefaultTalk#589905","DefaultTalk#591328",,,,,,,,,,,,,,
2031654,0,0,"森を育む者",,,,,,,,,,,,,,,"DefaultTalk#589906","DefaultTalk#591329",,,,,,,,,,,,,,
2031655,0,0,"森を育む者",,,,,,,,,,,,,,,"DefaultTalk#589902","DefaultTalk#591330",,,,,,,,,,,,,,
2031656,0,0,"森を育む者","連載準備回「雲海から届いた依頼」","連載最終回「種は国境を越えて」",,,,,,,,,,,,,"DefaultTalk#590979","DefaultTalk#591331","DefaultTalk#592783","DefaultTalk#592784",,,,,,,,,,,,
2031657,0,0,"深淵に光差す日",,,,,,,,,,,,,,,"DefaultTalk#590576","DefaultTalk#591332",,,,,,,,,,,,,,
2031658,0,0,"網倉の輝く隠し玉","網倉危機一髪","海川魚神","爆釣エオルゼア","釣り道楽、楽園に集う","海の流星","大漁の先にある大量",,,,,,,,,"DefaultTalk#590401","DefaultTalk#591854","DefaultTalk#591333","DefaultTalk#591334","DefaultTalk#591868","DefaultTalk#592786","DefaultTalk#594231","DefaultTalk#594232",,,,,,,,
2031659,0,0,"網倉危機一髪",,,,,,,,,,,,,,,"DefaultTalk#590980","DefaultTalk#591335",,,,,,,,,,,,,,
2031660,0,0,"網倉危機一髪",,,,,,,,,,,,,,,"DefaultTalk#590651","DefaultTalk#591336",,,,,,,,,,,,,,
2031661,0,0,"鎮撫の儀",,,,,,,,,,,,,,,"DefaultTalk#590656","DefaultTalk#591337",,,,,,,,,,,,,,
2031662,0,0,"鎮撫の儀",,,,,,,,,,,,,,,"DefaultTalk#590655","DefaultTalk#591338",,,,,,,,,,,,,,
2031663,0,0,"仮宿を訪ねて",,"奇跡の目撃者","希望の灯火","真の友","宿命の果て","英雄への鎮魂歌",,,,,,,,,"DefaultTalk#590048","DefaultTalk#591339","DefaultTalk#591340","DefaultTalk#591341","DefaultTalk#590260","DefaultTalk#592813","DefaultTalk#593629","DefaultTalk#595096",,,,,,,,
2031664,0,0,"荒野に逆巻く騒擾",,"至強への道","暗躍の果て","イシュガルド戦勝祝賀会","ウルダハの目覚め","宿命の果て","英雄への鎮魂歌",,,,,,,,"DefaultTalk#590591","DefaultTalk#591342","DefaultTalk#591343","DefaultTalk#591344","DefaultTalk#591589","DefaultTalk#590104","DefaultTalk#592816","DefaultTalk#593628","DefaultTalk#595098",,,,,,,
2031665,0,0,"深海より来たりしもの",,"憎しみの潮流を越えて","希望の灯火","真の友","宿命の果て","英雄への鎮魂歌",,,,,,,,,"DefaultTalk#590590","DefaultTalk#591345","DefaultTalk#591346","DefaultTalk#591347","DefaultTalk#592011","DefaultTalk#592810","DefaultTalk#593630","DefaultTalk#595097",,,,,,,,
2031666,0,0,"人造硝石強奪犯を追え","クズテツどもの挽歌","新たな蛮族事件（黒渦団）","集うは我ら、信頼の絆","制圧巨塔 シリウス大灯台",,,,,,,,,,,"DefaultTalk#591275","DefaultTalk#591348","DefaultTalk#591349","DefaultTalk#591620","DefaultTalk#591621","DefaultTalk#593041",,,,,,,,,,
2031667,0,0,"ウォーレン牢獄の影",,,,,,,,,,,,,,,"DefaultTalk#589999","DefaultTalk#591350",,,,,,,,,,,,,,
2031668,0,0,"見知らぬ贈り物",,,,,,,,,,,,,,,"DefaultTalk#590028","DefaultTalk#591351",,,,,,,,,,,,,,
2031669,0,0,"見知らぬ贈り物",,,,,,,,,,,,,,,"DefaultTalk#590045","DefaultTalk#591352",,,,,,,,,,,,,,
2031670,0,0,"守るべきぬくもり","マイチョコボ育成の秘訣",,,,,,,,,,,,,,"DefaultTalk#590144","DefaultTalk#591353","DefaultTalk#591580",,,,,,,,,,,,,
2031671,0,0,"大御霊祭り",,,,,,,,,,,,,,,"DefaultTalk#589880","DefaultTalk#591354",,,,,,,,,,,,,,
2031672,0,0,"成功の表と裏",,,,,,,,,,,,,,,"DefaultTalk#590163","DefaultTalk#591355",,,,,,,,,,,,,,
2031673,0,0,"銀色に輝く故郷",,,,,,,,,,,,,,,"DefaultTalk#590308","DefaultTalk#591356",,,,,,,,,,,,,,
2031674,0,0,"正義を銅の刃に宿し","イシュガルド戦勝祝賀会","ウルダハの目覚め",,,,,,,,,,,,,"DefaultTalk#590311","DefaultTalk#591357","DefaultTalk#592273","DefaultTalk#592820",,,,,,,,,,,,
2031675,0,0,"王宮の晩餐会","イシュガルド戦勝祝賀会","砂都からの報せ","夢見る女王陛下",,,,,,,,,,,,"DefaultTalk#590405","DefaultTalk#591358","DefaultTalk#592037","DefaultTalk#592823","DefaultTalk#594285",,,,,,,,,,,
2031676,0,0,"ヴィクトリー号炎上",,,,,,,,,,,,,,,"DefaultTalk#590205","DefaultTalk#591359",,,,,,,,,,,,,,
2031677,0,0,"ミズンマストの晩餐会","希望の灯火","真の友",,,,,,,,,,,,,"DefaultTalk#590410","DefaultTalk#591360","DefaultTalk#591147","DefaultTalk#592811",,,,,,,,,,,,
2031678,0,0,"消えた者たちの行方",,,,,,,,,,,,,,,"DefaultTalk#590471","DefaultTalk#591361",,,,,,,,,,,,,,
2031679,0,0,"バスカロンの贈り物","小さな勇者の帰還","とある博物学者の苦悩","奇跡の目撃者",,,,,,,,,,,,"DefaultTalk#590269","DefaultTalk#591362","DefaultTalk#591363","DefaultTalk#591364","DefaultTalk#591365","DefaultTalk#591592",,,,,,,,,,
2031680,0,0,"獄の底から響く声","究極幻想アルテマウェポン","石の家へ","記憶を失う男","混沌の渦動","希望の灯火","ラウバーン奪還作戦",,,,,,,,,"DefaultTalk#590071","DefaultTalk#591366","DefaultTalk#591367","DefaultTalk#591368","DefaultTalk#591539","DefaultTalk#591369","DefaultTalk#590100","DefaultTalk#592815",,,,,,,,
2031681,0,0,"異邦の絆","真なる革命者",,,,,,,,,,,,,,"DefaultTalk#590079","DefaultTalk#591370","DefaultTalk#593509",,,,,,,,,,,,,
2031682,0,0,"若き血の暴走","灰燼を成す者","至強への道","神経質な追加調査","真の友","星影に零れて","魂を継ぐ者","宿命の果て","紅蓮のリベレーター",,,,,,,"DefaultTalk#590792","DefaultTalk#591371","DefaultTalk#591372","DefaultTalk#591373","DefaultTalk#592039","DefaultTalk#592834","DefaultTalk#593497","DefaultTalk#593527","DefaultTalk#592922","DefaultTalk#592923",,,,,,
2031683,0,0,"怒りの風車番",,"リヴァイアサン掃討作戦",,,,,,,,,,,,,"DefaultTalk#590798","DefaultTalk#591374","DefaultTalk#591375","DefaultTalk#591376","DefaultTalk#591377",,,,,,,,,,,
2031684,0,0,"永遠なる海雄旅団",,,"混沌の渦動","秤量される金と心","希望の灯火","六番槍隊長の巣立ち","戦技を凌ぐ荒技","真の友","すべてを護る乱撃",,,,,,"DefaultTalk#590799","DefaultTalk#591378","DefaultTalk#591379","DefaultTalk#591380","DefaultTalk#591381","DefaultTalk#591555","DefaultTalk#591148","DefaultTalk#590566","DefaultTalk#592831","DefaultTalk#592832","DefaultTalk#592833",,,,,
2031685,0,0,"アダマンタスの大卵",,"六番槍隊長の巣立ち","時をかける願い",,,,,,,,,,,,"DefaultTalk#590668","DefaultTalk#591382","DefaultTalk#591383","DefaultTalk#590565","DefaultTalk#594216",,,,,,,,,,,
2031686,0,0,"ラムトンウォームの肉",,"囚われたウ族",,,,,,,,,,,,,"DefaultTalk#591026","DefaultTalk#591384","DefaultTalk#591385","DefaultTalk#591386",,,,,,,,,,,,
2031687,0,0,"ブレイフロクスの珍チーズ",,,"無手勝流の知人",,,,,,,,,,,,"DefaultTalk#590801","DefaultTalk#591387","DefaultTalk#591388","DefaultTalk#591389","DefaultTalk#592812",,,,,,,,,,,
2031688,0,0,"人の命運、ワインの運命",,"ウルダハの歌姫","新たな蛮神","六番槍隊長の巣立ち",,,,,,,,,,,"DefaultTalk#590755","DefaultTalk#591390","DefaultTalk#591391","DefaultTalk#591392","DefaultTalk#591393","DefaultTalk#591595",,,,,,,,,,
2031689,0,0,"彼方より来たりて","究極幻想アルテマウェポン","謎の事件屋","歌姫を追って","イシュガルド戦勝祝賀会","ウルダハの目覚め","英雄の帰還",,,,,,,,,"DefaultTalk#590982","DefaultTalk#591394","DefaultTalk#591395","DefaultTalk#591396","DefaultTalk#591397","DefaultTalk#592038","DefaultTalk#592824","DefaultTalk#594631",,,,,,,,
2031690,0,0,"異端は魔女の谷に消ゆ","風霜にわかに","目撃者の証言","希望の灯火","教皇トールダン7世","冒険者たちの決断","真の友",,,,,,,,,"DefaultTalk#590855","DefaultTalk#591398","DefaultTalk#591594","DefaultTalk#591751","DefaultTalk#592203","DefaultTalk#592840","DefaultTalk#592841","DefaultTalk#592842",,,,,,,,
2031691,0,0,"異端は魔女の谷に消ゆ","希望の灯火","ただ盟友のため","蒼天のイシュガルド","最期の咆哮",,,,,,,,,,,"DefaultTalk#590814","DefaultTalk#591399","DefaultTalk#592209","DefaultTalk#592808","DefaultTalk#592809","DefaultTalk#593291",,,,,,,,,,
2031692,0,0,"竜の力、戦いの歴史","悲願なる城塞奪回","極まりし氷神シヴァ","最期の咆哮",,,,,,,,,,,,"DefaultTalk#591000","DefaultTalk#591400","DefaultTalk#591536","DefaultTalk#591855","DefaultTalk#593302",,,,,,,,,,,
2031693,0,0,"狂気の歌声","サスタシャを暴く者","零から始まる属性転移理論",,,,,,,,,,,,,"DefaultTalk#590762","DefaultTalk#591401","DefaultTalk#591856","DefaultTalk#591245",,,,,,,,,,,,
2031694,0,0,"魔導兵器のみる夢","究極幻想アルテマウェポン","石の家へ","混沌の渦動","風霜にわかに","イシュガルド戦勝祝賀会","真の友","魂を継ぐ者","悲しみ背負って",,,,,,,"DefaultTalk#591019","DefaultTalk#591402","DefaultTalk#591403","DefaultTalk#591404","DefaultTalk#591405","DefaultTalk#591593","DefaultTalk#592210","DefaultTalk#592791","DefaultTalk#593528","DefaultTalk#593620",,,,,,
2031695,0,0,"魔導兵器のみる夢","石の家へ","イシュガルド戦勝祝賀会","真の友",,,,,,,,,,,,"DefaultTalk#591020","DefaultTalk#591406","DefaultTalk#591407","DefaultTalk#592213","DefaultTalk#592795",,,,,,,,,,,
2031696,0,0,"永遠なる海雄旅団","ウルダハの歌姫","美男の伝統舞踊","秤量される金と心",,,,,,,,,,,,"DefaultTalk#590686","DefaultTalk#591408","DefaultTalk#591409","DefaultTalk#591540","DefaultTalk#591556",,,,,,,,,,,
2031697,0,0,"テテルンのふるまい酒",,,,,,,,,,,,,,,"DefaultTalk#590805","DefaultTalk#591410",,,,,,,,,,,,,,
2031698,0,0,"陽動の狼煙","慈愛と商魂",,,,,,,,,,,,,,"DefaultTalk#590780","DefaultTalk#591411","DefaultTalk#591857",,,,,,,,,,,,,
2031699,0,0,"もっとハゲしい想い",,,,,,,,,,,,,,,"DefaultTalk#590783","DefaultTalk#591412",,,,,,,,,,,,,,
2031700,0,0,"第129洞穴団","星影に零れて",,,,,,,,,,,,,,"DefaultTalk#590697","DefaultTalk#591413","DefaultTalk#593496",,,,,,,,,,,,,
2031701,0,0,"バーニングウォールを踏破せよ","零から始まる属性転移理論","魂の行方",,,,,,,,,,,,,"DefaultTalk#590785","DefaultTalk#591414","DefaultTalk#591246","DefaultTalk#595070",,,,,,,,,,,,
2031702,0,0,"悪食ゴギーを捕まえろ","零から始まる属性転移理論",,,,,,,,,,,,,,"DefaultTalk#590683","DefaultTalk#591415","DefaultTalk#591247",,,,,,,,,,,,,
2031703,0,0,"バーニングウォールを踏破せよ","零から始まる属性転移理論",,,,,,,,,,,,,,"DefaultTalk#590786","DefaultTalk#591416","DefaultTalk#591294",,,,,,,,,,,,,
2031704,0,0,"反攻の布石","最期の咆哮",,,,,,,,,,,,,,"DefaultTalk#591038","DefaultTalk#591417","DefaultTalk#593289",,,,,,,,,,,,,
2031705,0,0,"エールポートの事件",,,,,,,,,,,,,,,"DefaultTalk#590767","DefaultTalk#591418",,,,,,,,,,,,,,
2031706,0,0,,,,,,,,,,,,,,,,"DefaultTalk#591032","DefaultTalk#591419","DefaultTalk#591420",,,,,,,,,,,,,
2031707,0,0,"ノアの調査記録","シルクスの塔",,,,,,,,,,,,,,"DefaultTalk#591168","DefaultTalk#591421","DefaultTalk#591563",,,,,,,,,,,,,
2031708,0,0,"新たな蛮神","第七霊災の真実を求めて","真成を胸に……",,,,,,,,,,,,,"DefaultTalk#591286","DefaultTalk#591422","DefaultTalk#591423","DefaultTalk#591744",,,,,,,,,,,,
2031709,0,0,"至強への道","そして事件は荒野へ","集うは我ら、信頼の絆",,,,,,,,,,,,,"DefaultTalk#591128","DefaultTalk#591424","DefaultTalk#591651","DefaultTalk#591652",,,,,,,,,,,,
2031710,0,0,"奇跡の目撃者","仮宿に現れた少女","集うは我ら、信頼の絆",,,,,,,,,,,,,"DefaultTalk#591175","DefaultTalk#591425","DefaultTalk#591628","DefaultTalk#591629",,,,,,,,,,,,
2031711,0,0,"奇跡の目撃者","仮宿に現れた少女","集うは我ら、信頼の絆",,,,,,,,,,,,,"DefaultTalk#591138","DefaultTalk#591426","DefaultTalk#591626","DefaultTalk#591627",,,,,,,,,,,,
2031712,0,0,"クズテツどもの挽歌","採掘地捕物帳","集うは我ら、信頼の絆",,,,,,,,,,,,,"DefaultTalk#591284","DefaultTalk#591427","DefaultTalk#591637","DefaultTalk#591638",,,,,,,,,,,,
2031713,0,0,"クズテツどもの挽歌","採掘地捕物帳","集うは我ら、信頼の絆",,,,,,,,,,,,,"DefaultTalk#591287","DefaultTalk#591428","DefaultTalk#591635","DefaultTalk#591636",,,,,,,,,,,,
2031714,0,0,"憎しみの潮流を越えて","育成地に迫る魔手","集うは我ら、信頼の絆",,,,,,,,,,,,,"DefaultTalk#591285","DefaultTalk#591429","DefaultTalk#591630","DefaultTalk#591631",,,,,,,,,,,,
2031715,0,0,,"古城アムダプールの残影",,,,,,,,,,,,,,"DefaultTalk#591155","DefaultTalk#591430","DefaultTalk#591143",,,,,,,,,,,,,
2031716,0,0,,,"カルン埋没寺院に秘められし罠",,,,,,,,,,,,,"DefaultTalk#591133","DefaultTalk#591431","DefaultTalk#591432","DefaultTalk#591858",,,,,,,,,,,,
2031717,0,0,,"サスタシャを暴く者",,,,,,,,,,,,,,"DefaultTalk#591281","DefaultTalk#591433","DefaultTalk#591859",,,,,,,,,,,,,
2031718,0,0,"狂気の歌声","航路を照らす青星","制圧巨塔 シリウス大灯台",,,,,,,,,,,,,"DefaultTalk#590201","DefaultTalk#591434","DefaultTalk#591435","DefaultTalk#593039",,,,,,,,,,,,
2031719,0,0,"航路を照らす青星","制圧巨塔 シリウス大灯台",,,,,,,,,,,,,,"DefaultTalk#591127","DefaultTalk#591436","DefaultTalk#593040",,,,,,,,,,,,,
2031720,0,0,"混沌の渦動","氷結の幻想",,,,,,,,,,,,,,"DefaultTalk#591070","DefaultTalk#591438","DefaultTalk#591441",,,,,,,,,,,,,
2031721,0,0,"黄道十二文書",,,,,,,,,,,,,,,"DefaultTalk#591439","DefaultTalk#591440",,,,,,,,,,,,,,
2031722,0,0,"災厄の報せ",,,,,,,,,,,,,,,"DefaultTalk#591213","DefaultTalk#591444",,,,,,,,,,,,,,
2031723,0,0,"還りし神、巡りし魂","立ち上がる意志","エオルゼアの守護者","写本師の影","皇都の特使","潜入スノークローク大氷壁","賢人ムーンブリダ","氷神シヴァの輝き","蛮族と呼ばれる者","氷結の幻想","3本の柱","押収された武器","ムーンブリダの秘策","イシュガルド防衛戦",,"DefaultTalk#591445","DefaultTalk#591446","DefaultTalk#591447","DefaultTalk#591448","DefaultTalk#591762","DefaultTalk#591763","DefaultTalk#591764","DefaultTalk#591765","DefaultTalk#591766","DefaultTalk#591767","DefaultTalk#591768","DefaultTalk#591929","DefaultTalk#591930","DefaultTalk#591931","DefaultTalk#591935",
2031724,0,0,"立ち上がる意志",,,,,,,,,,,,,,,"DefaultTalk#591469","DefaultTalk#591495",,,,,,,,,,,,,,
2031725,0,0,"立ち上がる意志",,,,,,,,,,,,,,,"DefaultTalk#591470","DefaultTalk#591496",,,,,,,,,,,,,,
2031726,0,0,"立ち上がる意志",,,,,,,,,,,,,,,"DefaultTalk#591471","DefaultTalk#591497",,,,,,,,,,,,,,
2031727,0,0,"立ち上がる意志",,,,,,,,,,,,,,,"DefaultTalk#591472","DefaultTalk#591498",,,,,,,,,,,,,,
2031728,0,0,"立ち上がる意志",,,,,,,,,,,,,,,"DefaultTalk#591473","DefaultTalk#591499",,,,,,,,,,,,,,
2031729,0,0,"立ち上がる意志",,,,,,,,,,,,,,,"DefaultTalk#591474","DefaultTalk#591500",,,,,,,,,,,,,,
2031730,0,0,"立ち上がる意志",,,,,,,,,,,,,,,"DefaultTalk#591475","DefaultTalk#591501",,,,,,,,,,,,,,
2031731,0,0,"立ち上がる意志",,,,,,,,,,,,,,,"DefaultTalk#591476","DefaultTalk#591502",,,,,,,,,,,,,,
2031732,0,0,"立ち上がる意志",,,,,,,,,,,,,,,"DefaultTalk#591477","DefaultTalk#591503",,,,,,,,,,,,,,
2031733,0,0,"立ち上がる意志",,,,,,,,,,,,,,,"DefaultTalk#591478","DefaultTalk#591504",,,,,,,,,,,,,,
2031734,0,0,"立ち上がる意志",,,,,,,,,,,,,,,"DefaultTalk#591479","DefaultTalk#591505",,,,,,,,,,,,,,
2031735,0,0,"立ち上がる意志",,,,,,,,,,,,,,,"DefaultTalk#591480","DefaultTalk#591506",,,,,,,,,,,,,,
2031736,0,0,"立ち上がる意志",,,,,,,,,,,,,,,"DefaultTalk#591481","DefaultTalk#591507",,,,,,,,,,,,,,
2031737,0,0,"立ち上がる意志",,,,,,,,,,,,,,,"DefaultTalk#591482","DefaultTalk#591508",,,,,,,,,,,,,,
2031738,0,0,"立ち上がる意志",,,,,,,,,,,,,,,"DefaultTalk#591483","DefaultTalk#591509",,,,,,,,,,,,,,
2031739,0,0,"スフィアの輝き",,,,,,,,,,,,,,,"DefaultTalk#591071","DefaultTalk#591531",,,,,,,,,,,,,,
2031740,0,0,"悲願なる城塞奪回",,,,,,,,,,,,,,,"DefaultTalk#591013","DefaultTalk#591533",,,,,,,,,,,,,,
2031741,0,0,"悲願なる城塞奪回",,,,,,,,,,,,,,,"DefaultTalk#590743","DefaultTalk#591534",,,,,,,,,,,,,,
2031742,0,0,"悲願なる城塞奪回",,,,,,,,,,,,,,,"DefaultTalk#590753","DefaultTalk#591535",,,,,,,,,,,,,,
2031743,0,0,"悲願なる城塞奪回",,,,,,,,,,,,,,,"DefaultTalk#591537","DefaultTalk#591538",,,,,,,,,,,,,,
2031744,0,0,"立ち上がる意志",,,,,,,,,,,,,,,"DefaultTalk#591493","DefaultTalk#591494",,,,,,,,,,,,,,
2031745,0,0,"霧晴れしハルブレーカー","波荒れしハルブレーカー",,,,,,,,,,,,,,"DefaultTalk#591541","DefaultTalk#591542","DefaultTalk#593351",,,,,,,,,,,,,
2031746,0,0,,,,,,,,,,,,,,,,"DefaultTalk#590274","DefaultTalk#591562",,,,,,,,,,,,,,
2031747,0,0,"シルクスの塔","闇の世界",,,,,,,,,,,,,,"DefaultTalk#591165","DefaultTalk#591564","DefaultTalk#592005",,,,,,,,,,,,,
2031748,0,0,"シルクスの塔","闇の世界",,,,,,,,,,,,,,"DefaultTalk#591166","DefaultTalk#591565","DefaultTalk#592006",,,,,,,,,,,,,
2031749,0,0,"シルクスの塔","闇の世界",,,,,,,,,,,,,,"DefaultTalk#591167","DefaultTalk#591566","DefaultTalk#592007",,,,,,,,,,,,,
2031750,0,0,"紳士淑女の嗜み","配達士は突然に",,,,,,,,,,,,,,"DefaultTalk#590414","DefaultTalk#591576","DefaultTalk#591577",,,,,,,,,,,,,
2031751,0,0,"記憶を失う男",,,,,,,,,,,,,,,"DefaultTalk#590719","DefaultTalk#591578",,,,,,,,,,,,,,
2031752,0,0,"記憶を失う男",,,,,,,,,,,,,,,"DefaultTalk#589927","DefaultTalk#591579",,,,,,,,,,,,,,
2031753,0,0,"マイチョコボ育成の秘訣",,,,,,,,,,,,,,,"DefaultTalk#590106","DefaultTalk#591581",,,,,,,,,,,,,,
2031754,0,0,,"修練所からの挑戦状",,,,,,,,,,,,,,"DefaultTalk#590490","DefaultTalk#591582","DefaultTalk#591583",,,,,,,,,,,,,
2031755,0,0,"秤量される金と心",,,,,,,,,,,,,,,"DefaultTalk#590804","DefaultTalk#591584",,,,,,,,,,,,,,
2031756,0,0,"紅蓮祭とお祭り男",,,,,,,,,,,,,,,"DefaultTalk#591570","DefaultTalk#591585",,,,,,,,,,,,,,
2031757,0,0,"難民暴動を追って",,,,,,,,,,,,,,,"DefaultTalk#590981","DefaultTalk#591586",,,,,,,,,,,,,,
2031758,0,0,"武器を取った人々","イシュガルド戦勝祝賀会","ウルダハの目覚め",,,,,,,,,,,,,"DefaultTalk#590324","DefaultTalk#591587","DefaultTalk#592274","DefaultTalk#592822",,,,,,,,,,,,
2031759,0,0,"武器を取った人々","イシュガルド戦勝祝賀会","ウルダハの目覚め",,,,,,,,,,,,,"DefaultTalk#590323","DefaultTalk#591588","DefaultTalk#592275","DefaultTalk#592821",,,,,,,,,,,,
2031760,0,0,"暗躍の果て","イシュガルド戦勝祝賀会","ウルダハの目覚め","狂乱の前奏曲","青龍壁展開","スラムの希望",,,,,,,,,,"DefaultTalk#590284","DefaultTalk#591590","DefaultTalk#592202","DefaultTalk#592819","DefaultTalk#594931","DefaultTalk#595177","DefaultTalk#595042",,,,,,,,,
2031761,0,0,"フロンティア計画",,,,,,,,,,,,,,,"DefaultTalk#590492","DefaultTalk#591591",,,,,,,,,,,,,,
2031762,0,0,"食通ロロリトの逆襲",,,,,,,,,,,,,,,"DefaultTalk#590425","DefaultTalk#591614",,,,,,,,,,,,,,
2031763,0,0,,"新たな蛮族事件（双蛇党）","集うは我ら、信頼の絆",,,,,,,,,,,,,"DefaultTalk#591543","DefaultTalk#591567","DefaultTalk#591622","DefaultTalk#591623",,,,,,,,,,,,
2031764,0,0,"新たな蛮族事件（不滅隊）","集うは我ら、信頼の絆",,,,,,,,,,,,,,"DefaultTalk#591551","DefaultTalk#591624","DefaultTalk#591625",,,,,,,,,,,,,
2031765,0,0,"憎しみの潮流を越えて","育成地に迫る魔手","集うは我ら、信頼の絆",,,,,,,,,,,,,"DefaultTalk#591278","DefaultTalk#591632","DefaultTalk#591633","DefaultTalk#591634",,,,,,,,,,,,
2031766,0,0,"翼を広げ、何よりも高く","実験場に躍る船影","集うは我ら、信頼の絆",,,,,,,,,,,,,"DefaultTalk#591615","DefaultTalk#591639","DefaultTalk#591640","DefaultTalk#591641",,,,,,,,,,,,
2031767,0,0,"翼を広げ、何よりも高く","実験場に躍る船影","集うは我ら、信頼の絆",,,,,,,,,,,,,"DefaultTalk#591618","DefaultTalk#591642","DefaultTalk#591643","DefaultTalk#591644",,,,,,,,,,,,
2031768,0,0,"翼を広げ、何よりも高く",,,,,,,,,,,,,,,"DefaultTalk#591603","DefaultTalk#591645",,,,,,,,,,,,,,
2031769,0,0,"翼を広げ、何よりも高く",,,,,,,,,,,,,,,"DefaultTalk#591604","DefaultTalk#591646",,,,,,,,,,,,,,
2031770,0,0,"翼を広げ、何よりも高く",,,,,,,,,,,,,,,"DefaultTalk#591605","DefaultTalk#591647",,,,,,,,,,,,,,
2031771,0,0,"翼を広げ、何よりも高く",,,,,,,,,,,,,,,"DefaultTalk#591606","DefaultTalk#591648",,,,,,,,,,,,,,
2031772,0,0,"翼を広げ、何よりも高く",,,,,,,,,,,,,,,"DefaultTalk#591607","DefaultTalk#591649",,,,,,,,,,,,,,
2031773,0,0,"翼を広げ、何よりも高く",,,,,,,,,,,,,,,"DefaultTalk#591608","DefaultTalk#591650",,,,,,,,,,,,,,
2031774,0,0,"至強への道","そして事件は荒野へ","集うは我ら、信頼の絆",,,,,,,,,,,,,"DefaultTalk#591131","DefaultTalk#591653","DefaultTalk#591654","DefaultTalk#591655",,,,,,,,,,,,
2031775,0,0,"再び深き淵へ","真実と決断","真成を胸に……",,,,,,,,,,,,,"DefaultTalk#591745","DefaultTalk#591746","DefaultTalk#591747","DefaultTalk#591748",,,,,,,,,,,,
2031776,0,0,"岩をも通す気概",,,,,,,,,,,,,,,"DefaultTalk#590049","DefaultTalk#591749",,,,,,,,,,,,,,
2031777,0,0,"氷神シヴァの輝き","イシュガルドの救援要請",,,,,,,,,,,,,,"DefaultTalk#591752","DefaultTalk#591753","DefaultTalk#591918",,,,,,,,,,,,,
2031778,0,0,"別働隊を叩け",,,,,,,,,,,,,,,"DefaultTalk#591756","DefaultTalk#591758",,,,,,,,,,,,,,
2031779,0,0,"別働隊を叩け",,,,,,,,,,,,,,,"DefaultTalk#591757","DefaultTalk#591759",,,,,,,,,,,,,,
2031780,0,0,"潜入スノークローク大氷壁",,,,,,,,,,,,,,,"DefaultTalk#591783","DefaultTalk#591801",,,,,,,,,,,,,,
2031781,0,0,"潜入スノークローク大氷壁",,,,,,,,,,,,,,,"DefaultTalk#591784","DefaultTalk#591802",,,,,,,,,,,,,,
2031782,0,0,"潜入スノークローク大氷壁",,,,,,,,,,,,,,,"DefaultTalk#591785","DefaultTalk#591803",,,,,,,,,,,,,,
2031783,0,0,"潜入スノークローク大氷壁",,,,,,,,,,,,,,,"DefaultTalk#591786","DefaultTalk#591804",,,,,,,,,,,,,,
2031784,0,0,"潜入スノークローク大氷壁",,,,,,,,,,,,,,,"DefaultTalk#591787","DefaultTalk#591805",,,,,,,,,,,,,,
2031785,0,0,"潜入スノークローク大氷壁",,,,,,,,,,,,,,,"DefaultTalk#591788","DefaultTalk#591806",,,,,,,,,,,,,,
2031786,0,0,"潜入スノークローク大氷壁",,,,,,,,,,,,,,,"DefaultTalk#591789","DefaultTalk#591807",,,,,,,,,,,,,,
2031787,0,0,"潜入スノークローク大氷壁",,,,,,,,,,,,,,,"DefaultTalk#591790","DefaultTalk#591808",,,,,,,,,,,,,,
2031788,0,0,"潜入スノークローク大氷壁",,,,,,,,,,,,,,,"DefaultTalk#591791","DefaultTalk#591809",,,,,,,,,,,,,,
2031789,0,0,"潜入スノークローク大氷壁",,,,,,,,,,,,,,,"DefaultTalk#591792","DefaultTalk#591810",,,,,,,,,,,,,,
2031790,0,0,"潜入スノークローク大氷壁",,,,,,,,,,,,,,,"DefaultTalk#591793","DefaultTalk#591811",,,,,,,,,,,,,,
2031791,0,0,"ヘンシンと森都の守護天節","パレードと砂都の守護天節",,,,,,,,,,,,,,"DefaultTalk#591845","DefaultTalk#591846","DefaultTalk#591847",,,,,,,,,,,,,
2031792,0,0,"カボチャと海都の守護天節","パレードと砂都の守護天節",,,,,,,,,,,,,,"DefaultTalk#591848","DefaultTalk#591849","DefaultTalk#591850",,,,,,,,,,,,,
2031793,0,0,"パレードと砂都の守護天節",,,,,,,,,,,,,,,"DefaultTalk#591851","DefaultTalk#591852",,,,,,,,,,,,,,
2031794,0,0,"不可視の防衛線",,,,,,,,,,,,,,,"DefaultTalk#590724","DefaultTalk#591860",,,,,,,,,,,,,,
2031795,0,0,"慈愛と商魂",,,,,,,,,,,,,,,"DefaultTalk#590788","DefaultTalk#591861",,,,,,,,,,,,,,
2031796,0,0,"君がいたアベニュー",,,,,,,,,,,,,,,"DefaultTalk#590191","DefaultTalk#591862",,,,,,,,,,,,,,
2031797,0,0,"君がいたアベニュー",,,,,,,,,,,,,,,"DefaultTalk#590331","DefaultTalk#591863",,,,,,,,,,,,,,
2031798,0,0,"君がいたアベニュー",,,,,,,,,,,,,,,"DefaultTalk#590285","DefaultTalk#591864",,,,,,,,,,,,,,
2031799,0,0,"黙した悲鳴",,,,,,,,,,,,,,,"DefaultTalk#591866","DefaultTalk#591867",,,,,,,,,,,,,,
2031800,0,0,"皇都の特使","氷神シヴァの輝き","氷結の幻想","イシュガルド戦勝祝賀会","ウルダハの目覚め","ただ盟友のため","蒼天のイシュガルド",,,,,,,,,"DefaultTalk#590736","DefaultTalk#591872","DefaultTalk#591873","DefaultTalk#590736","DefaultTalk#592221","DefaultTalk#592837","DefaultTalk#592838","DefaultTalk#592839",,,,,,,,
2031801,0,0,"目撃者の証言","氷神シヴァの輝き",,,,,,,,,,,,,,"DefaultTalk#591001","DefaultTalk#591874","DefaultTalk#591875",,,,,,,,,,,,,
2031802,0,0,"暗部に潜む双剣士","砕けたガラクタ","私腹となる名品","金に換わる命","果てに消えた星","暗涙を拭う決意","手を伸ばす先の勝利",,,,,,,,,"DefaultTalk#591876","DefaultTalk#591877","DefaultTalk#591878","DefaultTalk#591879","DefaultTalk#591880","DefaultTalk#591881","DefaultTalk#591882","DefaultTalk#591883",,,,,,,,
2031803,0,0,"羊とチョコボと降神祭",,,,,,,,,,,,,,,"DefaultTalk#591895","DefaultTalk#591896",,,,,,,,,,,,,,
2031804,0,0,"羊と酒と降神祭",,,,,,,,,,,,,,,"DefaultTalk#591897","DefaultTalk#591898",,,,,,,,,,,,,,
2031805,0,0,"羊と赤子と降神祭",,,,,,,,,,,,,,,"DefaultTalk#591899","DefaultTalk#591900",,,,,,,,,,,,,,
2031806,0,0,"星芒祭に救いの手を",,,,,,,,,,,,,,,"DefaultTalk#591901","DefaultTalk#591902",,,,,,,,,,,,,,
2031807,0,0,"星芒祭と聖人の従者たち","星芒祭は笑顔のために",,,,,,,,,,,,,,"DefaultTalk#591903","DefaultTalk#591904","DefaultTalk#591905",,,,,,,,,,,,,
2031808,0,0,"忌まわしき記憶甦るとき",,,,,,,,,,,,,,,"DefaultTalk#590760","DefaultTalk#591907",,,,,,,,,,,,,,
2031809,0,0,"母の想い、息子の願い",,,,,,,,,,,,,,,"DefaultTalk#591532","DefaultTalk#591908",,,,,,,,,,,,,,
2031810,0,0,"パパナ借金道",,,,,,,,,,,,,,,"DefaultTalk#591909","DefaultTalk#591910",,,,,,,,,,,,,,
2031811,0,0,"真摯なる職人の挑戦",,,,,,,,,,,,,,,"DefaultTalk#591282","DefaultTalk#591911",,,,,,,,,,,,,,
2031812,0,0,"情熱と夢を込めて",,,,,,,,,,,,,,,"DefaultTalk#591884","DefaultTalk#591885",,,,,,,,,,,,,,
2031813,0,0,"イダの決意","参戦の決意","イシュガルド防衛戦",,,,,,,,,,,,,"DefaultTalk#591932","DefaultTalk#591933","DefaultTalk#591934","DefaultTalk#591935",,,,,,,,,,,,
2031814,0,0,"押収された武器",,,,,,,,,,,,,,,"DefaultTalk#591936","DefaultTalk#591946",,,,,,,,,,,,,,
2031815,0,0,"押収された武器",,,,,,,,,,,,,,,"DefaultTalk#591937","DefaultTalk#591947",,,,,,,,,,,,,,
2031816,0,0,"押収された武器",,,,,,,,,,,,,,,"DefaultTalk#591938","DefaultTalk#591948",,,,,,,,,,,,,,
2031817,0,0,"押収された武器",,,,,,,,,,,,,,,"DefaultTalk#591939","DefaultTalk#591949",,,,,,,,,,,,,,
2031818,0,0,"押収された武器",,,,,,,,,,,,,,,"DefaultTalk#591940","DefaultTalk#591950",,,,,,,,,,,,,,
2031819,0,0,"押収された武器",,,,,,,,,,,,,,,"DefaultTalk#591941","DefaultTalk#591951",,,,,,,,,,,,,,
2031820,0,0,"押収された武器",,,,,,,,,,,,,,,"DefaultTalk#591942","DefaultTalk#591952",,,,,,,,,,,,,,
2031821,0,0,"押収された武器",,,,,,,,,,,,,,,"DefaultTalk#591943","DefaultTalk#591953",,,,,,,,,,,,,,
2031822,0,0,"押収された武器",,,,,,,,,,,,,,,"DefaultTalk#591944","DefaultTalk#591954",,,,,,,,,,,,,,
2031823,0,0,"押収された武器",,,,,,,,,,,,,,,"DefaultTalk#591945","DefaultTalk#591955",,,,,,,,,,,,,,
2031824,0,0,"黒魔法の導き手","破壊を憎む者","破壊と癒し","迫る星降りの刻","記憶より託されし未来",,,,,,,,,,,"DefaultTalk#590658","DefaultTalk#591442","DefaultTalk#592787","DefaultTalk#592788","DefaultTalk#594210","DefaultTalk#594211",,,,,,,,,,
2031825,0,0,"ちゃりちゃり合戦",,,,,,,,,,,,,,,"DefaultTalk#591052","DefaultTalk#591240",,,,,,,,,,,,,,
2031826,0,0,"古城アムダプールの残影",,,,,,,,,,,,,,,"DefaultTalk#590237","DefaultTalk#591144",,,,,,,,,,,,,,
2031827,0,0,"古城アムダプールの残影",,,,,,,,,,,,,,,"DefaultTalk#590673","DefaultTalk#591145",,,,,,,,,,,,,,
2031828,0,0,"ワンダラーパレスを血に染めて",,,,,,,,,,,,,,,"DefaultTalk#590696","DefaultTalk#591146",,,,,,,,,,,,,,
2031829,0,0,"一流の道具",,,,,,,,,,,,,,,"DefaultTalk#592009","DefaultTalk#592010",,,,,,,,,,,,,,
2031830,0,0,"ヴァレンティオンデーと愛の予感","ヴァレンティオンデーと愛の始まり",,,,,,,,,,,,,,"DefaultTalk#592013","DefaultTalk#592014","DefaultTalk#592015",,,,,,,,,,,,,
2031831,0,0,"ヴァレンティオンデーと愛の予感","ヴァレンティオンデーと愛の始まり",,,,,,,,,,,,,,"DefaultTalk#592016","DefaultTalk#592017","DefaultTalk#592018",,,,,,,,,,,,,
2031832,0,0,"ヴァレンティオンデーと森都の人探し","ヴァレンティオンデーと愛の始まり",,,,,,,,,,,,,,"DefaultTalk#592019","DefaultTalk#592020","DefaultTalk#592021",,,,,,,,,,,,,
2031833,0,0,"ヴァレンティオンデーと砂都の人探し","ヴァレンティオンデーと愛の始まり",,,,,,,,,,,,,,"DefaultTalk#592022","DefaultTalk#592023","DefaultTalk#592024",,,,,,,,,,,,,
2031834,0,0,"ヴァレンティオンデーと海都の人探し","ヴァレンティオンデーと愛の始まり",,,,,,,,,,,,,,"DefaultTalk#592025","DefaultTalk#592026","DefaultTalk#592027",,,,,,,,,,,,,
2031835,0,0,"人形飾りとプリンセスデー","親子の絆とプリンセスデー",,,,,,,,,,,,,,"DefaultTalk#592028","DefaultTalk#592029","DefaultTalk#592030",,,,,,,,,,,,,
2031836,0,0,"人形飾りとプリンセスデー","親子の絆とプリンセスデー",,,,,,,,,,,,,,"DefaultTalk#592031","DefaultTalk#592032","DefaultTalk#592033",,,,,,,,,,,,,
2031837,0,0,"希望の灯火","真の友",,,,,,,,,,,,,,"DefaultTalk#590353","DefaultTalk#590103","DefaultTalk#592814",,,,,,,,,,,,,
2031838,0,0,"イシュガルド戦勝祝賀会","ラウバーン奪還作戦","ウルダハの目覚め",,,,,,,,,,,,,"DefaultTalk#590946","DefaultTalk#592034","DefaultTalk#592825","DefaultTalk#592826",,,,,,,,,,,,
2031839,0,0,"イシュガルド戦勝祝賀会","ラウバーン奪還作戦","ウルダハの目覚め","魂を継ぐ者","悲しみ背負って","宿命の果て","今こそ反抗の刻","紅蓮のリベレーター",,,,,,,,"DefaultTalk#590948","DefaultTalk#592035","DefaultTalk#592827","DefaultTalk#592828","DefaultTalk#593606","DefaultTalk#593612","DefaultTalk#593632","DefaultTalk#593706","DefaultTalk#593707",,,,,,,
2031840,0,0,"イシュガルド戦勝祝賀会","ラウバーン奪還作戦","ウルダハの目覚め","魂を継ぐ者","悲しみ背負って","宿命の果て",,,,,,,,,,"DefaultTalk#590923","DefaultTalk#592036","DefaultTalk#592829","DefaultTalk#592830","DefaultTalk#593605","DefaultTalk#593611","DefaultTalk#593633",,,,,,,,,
2031841,0,0,"イシュガルド戦勝祝賀会","ウルダハの目覚め",,,,,,,,,,,,,,"DefaultTalk#590330","DefaultTalk#592040","DefaultTalk#592817",,,,,,,,,,,,,
2031842,0,0,"イシュガルド戦勝祝賀会","ウルダハの目覚め",,,,,,,,,,,,,,"DefaultTalk#590595","DefaultTalk#592041","DefaultTalk#592818",,,,,,,,,,,,,
2031843,0,0,"イダの決意","イシュガルド防衛戦","聖竜の試練","ただ盟友とともに",,,,,,,,,,,,"DefaultTalk#590742","DefaultTalk#592204","DefaultTalk#592205","DefaultTalk#593298","DefaultTalk#592205",,,,,,,,,,,
2031844,0,0,"イダの決意","イシュガルド防衛戦","蒼天のイシュガルド","聖竜の試練","ただ盟友とともに",,,,,,,,,,,"DefaultTalk#590741","DefaultTalk#592206","DefaultTalk#592207","DefaultTalk#592807","DefaultTalk#593296","DefaultTalk#593297",,,,,,,,,,
2031845,0,0,"希望の灯火","ウルダハの目覚め","ただ盟友のため","蒼天のイシュガルド","最期の咆哮",,,,,,,,,,,"DefaultTalk#590863","DefaultTalk#592208","DefaultTalk#592802","DefaultTalk#592803","DefaultTalk#592804","DefaultTalk#593295",,,,,,,,,,
2031846,0,0,"イシュガルド戦勝祝賀会","真の友","アイメリクの決意",,,,,,,,,,,,,"DefaultTalk#591142","DefaultTalk#592211","DefaultTalk#592792","DefaultTalk#592793",,,,,,,,,,,,
2031847,0,0,"イシュガルド戦勝祝賀会","真の友",,,,,,,,,,,,,,"DefaultTalk#591025","DefaultTalk#592212","DefaultTalk#592794",,,,,,,,,,,,,
2031848,0,0,"イダの決意",,,,,,,,,,,,,,,"DefaultTalk#591957","DefaultTalk#592219",,,,,,,,,,,,,,
2031849,0,0,"イダの決意",,,,,,,,,,,,,,,"DefaultTalk#591958","DefaultTalk#592220",,,,,,,,,,,,,,
2031850,0,0,"人形飾りとプリンセスデー","親子の絆とプリンセスデー",,,,,,,,,,,,,,"DefaultTalk#592230","DefaultTalk#592231","DefaultTalk#592232",,,,,,,,,,,,,
2031851,0,0,"エッグハントと夢みる卵",,,,,,,,,,,,,,,"DefaultTalk#592224","DefaultTalk#592227",,,,,,,,,,,,,,
2031852,0,0,"エッグハントと夢みる卵",,,,,,,,,,,,,,,"DefaultTalk#592225","DefaultTalk#592228",,,,,,,,,,,,,,
2031853,0,0,"エッグハントと夢みる卵",,,,,,,,,,,,,,,"DefaultTalk#592226","DefaultTalk#592229",,,,,,,,,,,,,,
2031854,0,0,"エッグハントと夢みる人",,,,,,,,,,,,,,,"DefaultTalk#592233","DefaultTalk#592236",,,,,,,,,,,,,,
2031855,0,0,"エッグハントと夢みる人",,,,,,,,,,,,,,,"DefaultTalk#592234","DefaultTalk#592237",,,,,,,,,,,,,,
2031856,0,0,"エッグハントと夢みる人",,,,,,,,,,,,,,,"DefaultTalk#592235","DefaultTalk#592238",,,,,,,,,,,,,,
2031857,0,0,"六番槍隊長の巣立ち",,,,,,,,,,,,,,,"DefaultTalk#590669","DefaultTalk#592241",,,,,,,,,,,,,,
2031858,0,0,"目覚めし力",,,,,,,,,,,,,,,"DefaultTalk#592244","DefaultTalk#592245",,,,,,,,,,,,,,
2031859,0,0,"ふたつの欠片","真成を胸に……",,,,,,,,,,,,,,"DefaultTalk#592265","DefaultTalk#592266","DefaultTalk#592267",,,,,,,,,,,,,
2031860,0,0,"職人の新たなお仕事",,,,,,,,,,,,,,,"DefaultTalk#592332","DefaultTalk#592333",,,,,,,,,,,,,,
2031861,0,0,"職人、新たな世界へ",,,,,,,,,,,,,,,"DefaultTalk#592335","DefaultTalk#592336",,,,,,,,,,,,,,
2031862,0,0,"職人、新たな世界へ",,,,,,,,,,,,,,,"DefaultTalk#592338","DefaultTalk#592339",,,,,,,,,,,,,,
2031863,0,0,"職人の新たなお仕事",,,,,,,,,,,,,,,"DefaultTalk#592341","DefaultTalk#592342",,,,,,,,,,,,,,
2031864,0,0,,,,,,,,,,,,,,,,,,,,,,,,,,,,,,,
2031865,0,0,"職人、新たな世界へ",,,,,,,,,,,,,,,"DefaultTalk#592345","DefaultTalk#592346",,,,,,,,,,,,,,
2031866,0,0,"市を賑わす部族たち","ひとりの同志",,,,,,,,,,,,,,"DefaultTalk#593897","DefaultTalk#592665","DefaultTalk#593897",,,,,,,,,,,,,
2031867,0,0,"職人、新たな世界へ",,,,,,,,,,,,,,,"DefaultTalk#592349","DefaultTalk#592350",,,,,,,,,,,,,,
2031868,0,0,"職人の高みを目指して",,,,,,,,,,,,,,,"DefaultTalk#592351","DefaultTalk#592352",,,,,,,,,,,,,,
2031869,0,0,"破滅への胎動","突入、決死圏","機械仕掛けの理想郷","死闘の涯て","彼女のたからもの","君の知らない明日へ",,,,,,,,,,"DefaultTalk#592639","DefaultTalk#592777","DefaultTalk#592778","DefaultTalk#592779","DefaultTalk#592780","DefaultTalk#592640","DefaultTalk#593533",,,,,,,,,
2031870,0,0,"砂都からの報せ","変革への一歩",,,,,,,,,,,,,,"DefaultTalk#592286","DefaultTalk#592641","DefaultTalk#592642",,,,,,,,,,,,,
2031871,0,0,"皇都騒乱","ただ盟友のため","その翼、エクセルシオ","蒼天のイシュガルド",,,,,,,,,,,,"DefaultTalk#592291","DefaultTalk#592643","DefaultTalk#592644","DefaultTalk#592645","DefaultTalk#592646",,,,,,,,,,,
2031872,0,0,"皇都騒乱","ただ盟友のため","その翼、エクセルシオ","蒼天のイシュガルド","光さす明日へ","最期の咆哮",,,,,,,,,,"DefaultTalk#592292","DefaultTalk#592647","DefaultTalk#592648","DefaultTalk#592649","DefaultTalk#592650","DefaultTalk#593123","DefaultTalk#593276",,,,,,,,,
2031873,0,0,"皇都騒乱","ただ盟友のため","その翼、エクセルシオ","蒼天のイシュガルド",,,,,,,,,,,,"DefaultTalk#592293","DefaultTalk#592651","DefaultTalk#592652","DefaultTalk#592653","DefaultTalk#592654",,,,,,,,,,,
2031874,0,0,"アルフィノの策","己が信念を胸に","その翼、エクセルシオ","蒼天のイシュガルド","対話の再開","光と闇の境界","光さす明日へ","ただ盟友とともに","最期の咆哮",,,,,,,"DefaultTalk#592294","DefaultTalk#592655","DefaultTalk#592656","DefaultTalk#592657","DefaultTalk#592658","DefaultTalk#592925","DefaultTalk#592926","DefaultTalk#593121","DefaultTalk#593249","DefaultTalk#593250",,,,,,
2031875,0,0,"蒼天の騎士","アルフィノの策","皇都騒乱","ただ盟友のため","蒼天のイシュガルド","迫り来る闇","光と闇の境界","償うべきは","光さす明日へ","聖竜の試練","ただ盟友とともに","最期の咆哮","英雄への鎮魂歌",,,"DefaultTalk#592303","DefaultTalk#592659","DefaultTalk#592660","DefaultTalk#592661","DefaultTalk#592662","DefaultTalk#592663","DefaultTalk#592990","DefaultTalk#592991","DefaultTalk#593140","DefaultTalk#593141","DefaultTalk#593283","DefaultTalk#593284","DefaultTalk#593285","DefaultTalk#595094",,
2031876,0,0,"悲しき昔話","最期の咆哮",,,,,,,,,,,,,,"DefaultTalk#592444","DefaultTalk#592664","DefaultTalk#593273",,,,,,,,,,,,,
2031877,0,0,"薄味なスープ","皇都騒乱","楽しい宴","光さす明日へ","聖竜の試練","ただ盟友とともに",,,,,,,,,,"DefaultTalk#592448","DefaultTalk#592666","DefaultTalk#592667","DefaultTalk#593148","DefaultTalk#593149","DefaultTalk#593307","DefaultTalk#593308",,,,,,,,,
2031878,0,0,"志すは真の騎士","楽しい宴","光さす明日へ","最期の咆哮",,,,,,,,,,,,"DefaultTalk#592450","DefaultTalk#592668","DefaultTalk#593152","DefaultTalk#593153","DefaultTalk#593311",,,,,,,,,,,
2031879,0,0,"眷属狩りのお手伝い","嗚呼、聖フィネア連隊","和平への期待","光さす明日へ","最期の咆哮",,,,,,,,,,,"DefaultTalk#592461","DefaultTalk#592669","DefaultTalk#592670","DefaultTalk#593162","DefaultTalk#593163","DefaultTalk#593315",,,,,,,,,,
2031880,0,0,"アタシたちに毛皮を！",,,,,,,,,,,,,,,"DefaultTalk#592463","DefaultTalk#592671",,,,,,,,,,,,,,
2031881,0,0,"蒼天のイシュガルド","最期の咆哮",,,,,,,,,,,,,,"DefaultTalk#592465","DefaultTalk#592672","DefaultTalk#593318",,,,,,,,,,,,,
2031882,0,0,"絶対に死なない奴","猟師の落とし前",,,,,,,,,,,,,,"DefaultTalk#592466","DefaultTalk#592673","DefaultTalk#592674",,,,,,,,,,,,,
2031883,0,0,"分かたれし者たち","武神降臨"," 名なしのグナース族"," 需要と供給"," 天敵からの試練"," 繋がれざる者","腕利きの冒険者","導かれし盟友たち",,,,,,,,"DefaultTalk#592474","DefaultTalk#592675","DefaultTalk#592676","DefaultTalk#593205","DefaultTalk#593206","DefaultTalk#593207","DefaultTalk#593208","DefaultTalk#593580","DefaultTalk#593581",,,,,,,
2031884,0,0,"侵攻を阻止せよ"," 名なしのグナース族"," 需要と供給"," 天敵からの試練"," 繋がれざる者",,,,,,,,,,,"DefaultTalk#592475","DefaultTalk#592677","DefaultTalk#593209","DefaultTalk#593210","DefaultTalk#593211","DefaultTalk#593212",,,,,,,,,,
2031885,0,0,"自由の特権",,,,,,,,,,,,,,,"DefaultTalk#592476","DefaultTalk#592678",,,,,,,,,,,,,,
2031886,0,0,"グナース族の神",,,,,,,,,,,,,,,"DefaultTalk#592477","DefaultTalk#592679",,,,,,,,,,,,,,
2031887,0,0,"ただ盟友のため","蒼天のイシュガルド","最期の咆哮",,,,,,,,,,,,,"DefaultTalk#590729","DefaultTalk#592781","DefaultTalk#592785","DefaultTalk#593292",,,,,,,,,,,,
2031888,0,0,"邪竜狩り","蒼天のイシュガルド","対話の再開","迫り来る闇","光と闇の境界","光さす明日へ","決戦に備えて","聖竜の試練","ただ盟友とともに",,,,,,,"DefaultTalk#592479","DefaultTalk#592681","DefaultTalk#592682","DefaultTalk#592885","DefaultTalk#592886","DefaultTalk#592887","DefaultTalk#593130","DefaultTalk#593319","DefaultTalk#593320","DefaultTalk#593321",,,,,,
2031889,0,0,"いたいのとんでけ！",,,,,,,,,,,,,,,"DefaultTalk#592482","DefaultTalk#592683",,,,,,,,,,,,,,
2031890,0,0,"ヒトの食べ物",,,,,,,,,,,,,,,"DefaultTalk#592484","DefaultTalk#592684",,,,,,,,,,,,,,
2031891,0,0,"困ったヤツの称え方","ただ盟友のため","機工師の見解","最期の咆哮",,,,,,,,,,,,"DefaultTalk#592490","DefaultTalk#592685","DefaultTalk#592686","DefaultTalk#592687","DefaultTalk#593317",,,,,,,,,,,
2031892,0,0,"雲海の騎兵と届かぬ熱意","雲海の騎兵と望んだ答え",,,,,,,,,,,,,,"DefaultTalk#592492","DefaultTalk#592688","DefaultTalk#592689",,,,,,,,,,,,,
2031893,0,0,"雲海の騎兵と届かぬ熱意","雲海の騎兵と望んだ答え",,,,,,,,,,,,,,"DefaultTalk#592497","DefaultTalk#592690","DefaultTalk#592691",,,,,,,,,,,,,
2031894,0,0,"困ったヤツの称え方","機工師の見解",,,,,,,,,,,,,,"DefaultTalk#592498","DefaultTalk#592692","DefaultTalk#592693",,,,,,,,,,,,,
2031895,0,0,"大らかなズンド","北方より来たりし者"," 花冠の逃亡者"," 兄妹の舞"," 豪猛なる太陽の舞",,,,,,,,,,,"DefaultTalk#592499","DefaultTalk#592694","DefaultTalk#592695","DefaultTalk#593025","DefaultTalk#593026","DefaultTalk#593027",,,,,,,,,,
2031896,0,0,"黒き悪魔",,,,,,,,,,,,,,,"DefaultTalk#592503","DefaultTalk#592696",,,,,,,,,,,,,,
2031897,0,0,"北方より来たりし者",,,,,,,,,,,,,,,"DefaultTalk#592505","DefaultTalk#592697",,,,,,,,,,,,,,
2031898,0,0,"モグリンの結果発表","歴史的邂逅","名前の由来は","聖竜の試練",,,,,,,,,,,,"DefaultTalk#592508","DefaultTalk#592698","DefaultTalk#592699","DefaultTalk#592700","DefaultTalk#593322",,,,,,,,,,,
2031899,0,0,"最初の誓い","ふたりは仲間ゴブ！","蒼天のイシュガルド","破滅への胎動","彼女のたからもの","疑惑と後悔",,"君の知らない明日へ",,,,,,,,"DefaultTalk#592521","DefaultTalk#592701","DefaultTalk#592702","DefaultTalk#592703","DefaultTalk#592704","DefaultTalk#592705","DefaultTalk#593132","DefaultTalk#593529","DefaultTalk#593530",,,,,,,
2031900,0,0,"救い、そして旅立ち","破滅への胎動","草木庭園 聖モシャーヌ植物園","聖なる審判","草木汚染 聖モシャーヌ植物園",,,,,,,,,,,"DefaultTalk#592528","DefaultTalk#592706","DefaultTalk#592707","DefaultTalk#593042","DefaultTalk#593531","DefaultTalk#594893",,,,,,,,,,
2031901,0,0,"ふたりは仲間ゴブ！",,,,,,,,,,,,,,,"DefaultTalk#592529","DefaultTalk#592708",,,,,,,,,,,,,,
2031902,0,0,"ふたりは仲間ゴブ！",,,,,,,,,,,,,,,"DefaultTalk#592530","DefaultTalk#592709",,,,,,,,,,,,,,
2031903,0,0,"蒼天のイシュガルド","水晶の目","破滅への胎動","彼女のたからもの","星の呼び声","光さす明日へ","最期の咆哮","聖なる審判","魂の行方",,,,,,,"DefaultTalk#592531","DefaultTalk#592710","DefaultTalk#592929","DefaultTalk#592711","DefaultTalk#592712","DefaultTalk#593127","DefaultTalk#593232","DefaultTalk#593324","DefaultTalk#593532","DefaultTalk#595077",,,,,,
2031904,0,0,"役目は果たせず",,,,,,,,,,,,,,,"DefaultTalk#592534","DefaultTalk#592713",,,,,,,,,,,,,,
2031905,0,0,"アルフィノの策","飛槍ペレグリン","皇都騒乱","蒼天のイシュガルド","蒼天の未来","心強い助っ人","迫り来る闇","光と闇の境界","哀しみを抱いて","償うべきは","聖竜の試練","ただ盟友とともに","岩を砕く修復団！","開戦のとき",,"DefaultTalk#592545","DefaultTalk#592714","DefaultTalk#592715","DefaultTalk#592716","DefaultTalk#592717","DefaultTalk#592986","DefaultTalk#592987","DefaultTalk#592988","DefaultTalk#592989","DefaultTalk#593164","DefaultTalk#593165","DefaultTalk#593251","DefaultTalk#593252","DefaultTalk#593393","DefaultTalk#595071",
2031906,0,0,"懐かしき香り","最期の咆哮",,,,,,,,,,,,,,"DefaultTalk#592551","DefaultTalk#592718","DefaultTalk#593257",,,,,,,,,,,,,
2031907,0,0,"新進気鋭の商会","皇都騒乱","果てなき野心","蒼天のイシュガルド","最期の咆哮",,,,,,,,,,,"DefaultTalk#592559","DefaultTalk#592719","DefaultTalk#592720","DefaultTalk#592721","DefaultTalk#592722","DefaultTalk#593282",,,,,,,,,,
2031908,0,0,"天界への道","真なる始動","運命を切り拓く占星術師","東風吹き込む占星院","東風去りし占星院","天地習合",,,,,,,,,,"DefaultTalk#592574","DefaultTalk#592723","DefaultTalk#592724","DefaultTalk#592725","DefaultTalk#594157","DefaultTalk#594158","DefaultTalk#594159",,,,,,,,,
2031909,0,0,"天界への道","真なる始動","運命を切り拓く占星術師","天地習合",,,,,,,,,,,,"DefaultTalk#592575","DefaultTalk#592726","DefaultTalk#592727","DefaultTalk#592728","DefaultTalk#594160",,,,,,,,,,,
2031910,0,0,"天界への道","真なる始動","運命を切り拓く占星術師","東風吹き込む占星院","東風去りし占星院","天地習合",,,,,,,,,,"DefaultTalk#592576","DefaultTalk#592729","DefaultTalk#592730","DefaultTalk#592731","DefaultTalk#594161","DefaultTalk#594162","DefaultTalk#594163",,,,,,,,,
2031911,0,0,"その翼、エクセルシオ","蒼天のイシュガルド","蒼天の未来","光と闇の境界","光さす明日へ","聖竜の試練","ただ盟友とともに","最期の咆哮","師を選ばば冒険者","強襲、銃士隊","謎を暴くは銃士の誇り","我は銃士、友は騎士",,,,"DefaultTalk#592579","DefaultTalk#592732","DefaultTalk#592733","DefaultTalk#592997","DefaultTalk#592971","DefaultTalk#593117","DefaultTalk#593261","DefaultTalk#593262","DefaultTalk#593263","DefaultTalk#594132","DefaultTalk#594133","DefaultTalk#594134","DefaultTalk#594135",,,
2031912,0,0,"その翼、エクセルシオ","蒼天のイシュガルド","蒼天の未来","光と闇の境界","光さす明日へ","聖竜の試練","ただ盟友とともに","最期の咆哮","師を選ばば冒険者","強襲、銃士隊","謎を暴くは銃士の誇り","我は銃士、友は騎士",,,,"DefaultTalk#592580","DefaultTalk#592734","DefaultTalk#592735","DefaultTalk#592998","DefaultTalk#592972","DefaultTalk#593118","DefaultTalk#593264","DefaultTalk#593265","DefaultTalk#593266","DefaultTalk#594136","DefaultTalk#594137","DefaultTalk#594138","DefaultTalk#594139",,,
2031913,0,0,"その翼、エクセルシオ","蒼天のイシュガルド","蒼天の未来","光と闇の境界","光さす明日へ","聖竜の試練","ただ盟友とともに","最期の咆哮","師を選ばば冒険者","強襲、銃士隊","謎を暴くは銃士の誇り","我は銃士、友は騎士",,,,"DefaultTalk#592581","DefaultTalk#592736","DefaultTalk#592737","DefaultTalk#592999","DefaultTalk#592973","DefaultTalk#593119","DefaultTalk#593267","DefaultTalk#593268","DefaultTalk#593269","DefaultTalk#594140","DefaultTalk#594141","DefaultTalk#594142","DefaultTalk#594143",,,
2031914,0,0,"蒼天のイシュガルド",,,,,,,,,,,,,,,"DefaultTalk#592582","DefaultTalk#592738",,,,,,,,,,,,,,
2031915,0,0,"蒼天のイシュガルド",,,,,,,,,,,,,,,"DefaultTalk#592583","DefaultTalk#592739",,,,,,,,,,,,,,
2031916,0,0,"蒼天のイシュガルド",,,,,,,,,,,,,,,"DefaultTalk#592584","DefaultTalk#592740",,,,,,,,,,,,,,
2031917,0,0,"蒼天のイシュガルド",,,,,,,,,,,,,,,"DefaultTalk#592585","DefaultTalk#592741",,,,,,,,,,,,,,
2031918,0,0,"嗚呼、聖フィネア連隊",,,,,,,,,,,,,,,"DefaultTalk#592589","DefaultTalk#592742",,,,,,,,,,,,,,
2031919,0,0,"槍の持ち主を訪ねて","父と子の宿命",,,,,,,,,,,,,,"DefaultTalk#592626","DefaultTalk#592743","DefaultTalk#592744",,,,,,,,,,,,,
2031920,0,0,"鍛冶と家令","名工と英雄",,,,,,,,,,,,,,"DefaultTalk#592625","DefaultTalk#592745","DefaultTalk#592746",,,,,,,,,,,,,
2031921,0,0,"形なきものに","絆むすぶもの","ギルドへの私的な依頼","夢見る女王陛下",,,,,,,,,,,,"DefaultTalk#592633","DefaultTalk#592747","DefaultTalk#592748","DefaultTalk#594283","DefaultTalk#594284",,,,,,,,,,,
2031922,0,0,"新進気鋭の商会","果てなき野心",,,,,,,,,,,,,,"DefaultTalk#592618","DefaultTalk#592749","DefaultTalk#592750",,,,,,,,,,,,,
2031923,0,0,"新進気鋭の商会","果てなき野心",,,,,,,,,,,,,,"DefaultTalk#592619","DefaultTalk#592751","DefaultTalk#592752",,,,,,,,,,,,,
2031924,0,0,"照準！俺たちの未来","師を選ばば冒険者","我は銃士、友は騎士",,,,,,,,,,,,,"DefaultTalk#592343","DefaultTalk#592344","DefaultTalk#594144","DefaultTalk#594145",,,,,,,,,,,,
2031925,0,0,"ココロニモナイコト","ココロココニアラズ",,,,,,,,,,,,,,"DefaultTalk#592634","DefaultTalk#592755","DefaultTalk#592756",,,,,,,,,,,,,
2031926,0,0,"給仕長のお願い","もてなすレシピ","素材にこだわるレシピ",,,,,,,,,,,,,"DefaultTalk#592635","DefaultTalk#592757","DefaultTalk#592758","DefaultTalk#594245",,,,,,,,,,,,
2031927,0,0,"終わり、そして始まり","救い、そして旅立ち",,,,,,,,,,,,,,"DefaultTalk#592623","DefaultTalk#592759","DefaultTalk#592760",,,,,,,,,,,,,
2031928,0,0,"連載準備回「雲海から届いた依頼」","連載最終回「種は国境を越えて」",,,,,,,,,,,,,,"DefaultTalk#592617","DefaultTalk#592761","DefaultTalk#592762",,,,,,,,,,,,,
2031929,0,0,"釣り道楽、故郷に帰る","釣り道楽、楽園に集う","釣り道楽との再会","大漁の先にある大量",,,,,,,,,,,,"DefaultTalk#592622","DefaultTalk#592763","DefaultTalk#592764","DefaultTalk#594233","DefaultTalk#594234",,,,,,,,,,,
2031930,0,0,"竜狩りの覚醒","終わりなき戦い",,,,,,,,,,,,,,"DefaultTalk#592607","DefaultTalk#592765","DefaultTalk#592766",,,,,,,,,,,,,
2031931,0,0,"名前の由来は",,,,,,,,,,,,,,,"DefaultTalk#592609","DefaultTalk#592767",,,,,,,,,,,,,,
2031932,0,0,"蒼天のイシュガルド","対話の再開",,,,,,,,,,,,,,"DefaultTalk#592610","DefaultTalk#592768","DefaultTalk#593099",,,,,,,,,,,,,
2031933,0,0,"怒れる男と少女の話","去りし日々の告白","心は遠い空に","そしてふたつの名は消える","あと二度、奇跡の結末","あと一度、君に会えたら",,,,,,,,,,"DefaultTalk#592615","DefaultTalk#592769","DefaultTalk#592770","DefaultTalk#592771","DefaultTalk#592772","DefaultTalk#594315","DefaultTalk#594219",,,,,,,,,
2031934,0,0,"指南役の試練","栄光の生命線","壊滅！蒼き理想","照準！俺たちの未来",,,,,,,,,,,,"DefaultTalk#592621","DefaultTalk#592773","DefaultTalk#592774","DefaultTalk#592775","DefaultTalk#592776",,,,,,,,,,,
2031935,0,0,"融雪の雨に","影隠忍法帖",,,,,,,,,,,,,,"DefaultTalk#591871","DefaultTalk#592782","DefaultTalk#594338",,,,,,,,,,,,,
2031936,0,0,"ただ盟友のため",,,,,,,,,,,,,,,"DefaultTalk#590976","DefaultTalk#592796",,,,,,,,,,,,,,
2031937,0,0,"ただ盟友のため",,,,,,,,,,,,,,,"DefaultTalk#590735","DefaultTalk#592797",,,,,,,,,,,,,,
2031938,0,0,"ただ盟友のため","蒼天のイシュガルド",,,,,,,,,,,,,,"DefaultTalk#590861","DefaultTalk#592798","DefaultTalk#592799",,,,,,,,,,,,,
2031939,0,0,"ただ盟友のため","蒼天のイシュガルド",,,,,,,,,,,,,,"DefaultTalk#590856","DefaultTalk#592800","DefaultTalk#592801",,,,,,,,,,,,,
2031940,0,0,"蒼天のイシュガルド","最期の咆哮",,,,,,,,,,,,,,"DefaultTalk#590747","DefaultTalk#592805","DefaultTalk#593299",,,,,,,,,,,,,
2031941,0,0,"蒼天のイシュガルド","最期の咆哮",,,,,,,,,,,,,,"DefaultTalk#590740","DefaultTalk#592806","DefaultTalk#593303",,,,,,,,,,,,,
2031942,0,0,"ウルダハの目覚め",,,,,,,,,,,,,,,"DefaultTalk#592217","DefaultTalk#592835",,,,,,,,,,,,,,
2031943,0,0,"ウルダハの目覚め",,,,,,,,,,,,,,,"DefaultTalk#592218","DefaultTalk#592836",,,,,,,,,,,,,,
2031944,0,0,"「槍」試練に備えよ","運命を切り拓く占星術師","東風吹き込む占星院","東風去りし占星院","天地習合",,,,,,,,,,,"DefaultTalk#592843","DefaultTalk#592844","DefaultTalk#592845","DefaultTalk#594164","DefaultTalk#594165","DefaultTalk#594166",,,,,,,,,,
2031945,0,0,"新生祭と鎮魂の夜空",,,,,,,,,,,,,,,"DefaultTalk#592866","DefaultTalk#592867",,,,,,,,,,,,,,
2031946,0,0,"紅蓮祭の渚",,,,,,,,,,,,,,,"DefaultTalk#592869","DefaultTalk#592870",,,,,,,,,,,,,,
2031947,0,0,"紅蓮祭と海賊と冒険者",,,,,,,,,,,,,,,"DefaultTalk#592871","DefaultTalk#592872",,,,,,,,,,,,,,
2031948,0,0,"ちいさな世界の大きな事件","光と闇の境界",,,,,,,,,,,,,,"DefaultTalk#592261","DefaultTalk#593131","DefaultTalk#592889",,,,,,,,,,,,,
2031949,0,0,,,,,,,,,,,,,,,,,,,,,,,,,,,,,,,
2031950,0,0,"蒼天の未来","迫り来る闇","揺れる皇都","決戦に備えて","聖竜の試練","ただ盟友とともに",,,,,,,,,,"DefaultTalk#592285","DefaultTalk#592927","DefaultTalk#592928","DefaultTalk#592894","DefaultTalk#593270","DefaultTalk#593271","DefaultTalk#593272",,,,,,,,,
2031951,0,0,"星唄異聞",,,,,,,,,,,,,,,"DefaultTalk#592901","DefaultTalk#592966",,,,,,,,,,,,,,
2031952,0,0,"光と闇の境界",,,,,,,,,,,,,,,"DefaultTalk#592364","DefaultTalk#592974",,,,,,,,,,,,,,
2031953,0,0,"光と闇の境界",,,,,,,,,,,,,,,"DefaultTalk#592368","DefaultTalk#592975",,,,,,,,,,,,,,
2031954,0,0,"光と闇の境界",,,,,,,,,,,,,,,"DefaultTalk#592370","DefaultTalk#592976",,,,,,,,,,,,,,
2031955,0,0,"光と闇の境界",,,,,,,,,,,,,,,"DefaultTalk#592360","DefaultTalk#592977",,,,,,,,,,,,,,
2031956,0,0,"光と闇の境界",,,,,,,,,,,,,,,"DefaultTalk#592361","DefaultTalk#592978",,,,,,,,,,,,,,
2031957,0,0,"光と闇の境界",,,,,,,,,,,,,,,"DefaultTalk#592362","DefaultTalk#592979",,,,,,,,,,,,,,
2031958,0,0,"光と闇の境界",,,,,,,,,,,,,,,"DefaultTalk#592363","DefaultTalk#592980",,,,,,,,,,,,,,
2031959,0,0,"光と闇の境界",,,,,,,,,,,,,,,"DefaultTalk#592371","DefaultTalk#592981",,,,,,,,,,,,,,
2031960,0,0,"光と闇の境界",,,,,,,,,,,,,,,"DefaultTalk#592372","DefaultTalk#592982",,,,,,,,,,,,,,
2031961,0,0,"光と闇の境界",,,,,,,,,,,,,,,"DefaultTalk#592302","DefaultTalk#592983",,,,,,,,,,,,,,
2031962,0,0,"光と闇の境界","運命の歯車","最期の咆哮",,,,,,,,,,,,,"DefaultTalk#592373","DefaultTalk#592984","DefaultTalk#593125","DefaultTalk#593286",,,,,,,,,,,,
2031963,0,0,"光と闇の境界","運命の歯車","最期の咆哮",,,,,,,,,,,,,"DefaultTalk#592374","DefaultTalk#592985","DefaultTalk#593126","DefaultTalk#593287",,,,,,,,,,,,
2031964,0,0," 兄妹の舞"," 豪猛なる太陽の舞","勇猛なる太陽と月の舞","導かれし盟友たち",,,,,,,,,,,,"DefaultTalk#592930","DefaultTalk#593008","DefaultTalk#593009","DefaultTalk#593585","DefaultTalk#593586",,,,,,,,,,,
2031965,0,0," 花冠の逃亡者"," 兄妹の舞"," 豪猛なる太陽の舞",,,,,,,,,,,,,"DefaultTalk#592931","DefaultTalk#593010","DefaultTalk#593011","DefaultTalk#593012",,,,,,,,,,,,
2031966,0,0," 鮮やかな耕人と釣師"," 兄妹の舞"," 豪猛なる太陽の舞",,,,,,,,,,,,,"DefaultTalk#592932","DefaultTalk#593013","DefaultTalk#593014","DefaultTalk#593015",,,,,,,,,,,,
2031967,0,0," 鮮やかな耕人と釣師"," 兄妹の舞"," 豪猛なる太陽の舞",,,,,,,,,,,,,"DefaultTalk#592933","DefaultTalk#593016","DefaultTalk#593017","DefaultTalk#593018",,,,,,,,,,,,
2031968,0,0," 幼馴染の大工"," 兄妹の舞"," 豪猛なる太陽の舞",,,,,,,,,,,,,"DefaultTalk#592934","DefaultTalk#593019","DefaultTalk#593020","DefaultTalk#593021",,,,,,,,,,,,
2031969,0,0," 花冠の逃亡者"," 鮮やかな耕人と釣師"," 豪猛なる太陽の舞",,,,,,,,,,,,,"DefaultTalk#592935","DefaultTalk#593022","DefaultTalk#593023","DefaultTalk#593024",,,,,,,,,,,,
2031970,0,0," 花冠の逃亡者"," 兄妹の舞"," 豪猛なる太陽の舞",,,,,,,,,,,,,"DefaultTalk#592501","DefaultTalk#593028","DefaultTalk#593029","DefaultTalk#593030",,,,,,,,,,,,
2031971,0,0,"猿が餅持つ降神祭",,,,,,,,,,,,,,,"DefaultTalk#593031","DefaultTalk#593032",,,,,,,,,,,,,,
2031972,0,0,"猿が餅持つ降神祭",,,,,,,,,,,,,,,"DefaultTalk#593033","DefaultTalk#593034",,,,,,,,,,,,,,
2031973,0,0,"猿が餅持つ降神祭",,,,,,,,,,,,,,,"DefaultTalk#593035","DefaultTalk#593036",,,,,,,,,,,,,,
2031974,0,0,"美神ラクシュミ",,,,,,,,,,,,,,,"DefaultTalk#594386","DefaultTalk#593715",,,,,,,,,,,,,,
2031975,0,0,"蒼天のイシュガルド",,,,,,,,,,,,,,,"DefaultTalk#592568","DefaultTalk#592572",,,,,,,,,,,,,,
2031976,0,0,"子どもと熊の星芒祭","盗人と熊の星芒祭",,,,,,,,,,,,,,"DefaultTalk#594597","DefaultTalk#594598","DefaultTalk#594599",,,,,,,,,,,,,
2031977,0,0,"星芒祭の鐘は誰がために",,,,,,,,,,,,,,,"DefaultTalk#592994","DefaultTalk#592995",,,,,,,,,,,,,,
2031978,0,0,"ヴァレンティオンデーに愛をこめて",,,,,,,,,,,,,,,"DefaultTalk#593043","DefaultTalk#593044",,,,,,,,,,,,,,
2031979,0,0,"ヴァレンティオンデーを占いとともに",,,,,,,,,,,,,,,"DefaultTalk#593047","DefaultTalk#593048",,,,,,,,,,,,,,
2031980,0,0,"ヴァレンティオンデーを占いとともに",,,,,,,,,,,,,,,"DefaultTalk#593049","DefaultTalk#593050",,,,,,,,,,,,,,
2031981,0,0,"ヴァレンティオンデーを占いとともに",,,,,,,,,,,,,,,"DefaultTalk#593051","DefaultTalk#593052",,,,,,,,,,,,,,
2031982,0,0,"ヴァレンティオンデーを占いとともに",,,,,,,,,,,,,,,"DefaultTalk#593046","DefaultTalk#593100",,,,,,,,,,,,,,
2031983,0,0,"光さす明日へ","最期の咆哮","イシュガルド代表使節団",,,,,,,,,,,,,"DefaultTalk#592891","DefaultTalk#593122","DefaultTalk#593275","DefaultTalk#593621",,,,,,,,,,,,
2031984,0,0,"昏き微睡みの果つる刻",,,,,,,,,,,,,,,"DefaultTalk#593128","DefaultTalk#593129","DefaultTalk#593591",,,,,,,,,,,,,
2031985,0,0,"光さす明日へ","聖竜の試練","ただ盟友とともに",,,,,,,,,,,,,"DefaultTalk#592539","DefaultTalk#593142","DefaultTalk#593243","DefaultTalk#593244",,,,,,,,,,,,
2031986,0,0,"光さす明日へ","聖竜の試練","ただ盟友とともに",,,,,,,,,,,,,"DefaultTalk#592544","DefaultTalk#593143","DefaultTalk#593253","DefaultTalk#593254",,,,,,,,,,,,
2031987,0,0,"光さす明日へ","聖竜の試練","ただ盟友とともに",,,,,,,,,,,,,"DefaultTalk#592546","DefaultTalk#593144","DefaultTalk#593255","DefaultTalk#593256",,,,,,,,,,,,
2031988,0,0,"光さす明日へ","聖竜の試練","ただ盟友とともに",,,,,,,,,,,,,"DefaultTalk#592970","DefaultTalk#593145","DefaultTalk#593259","DefaultTalk#593260",,,,,,,,,,,,
2031989,0,0,"光さす明日へ","最期の咆哮",,,,,,,,,,,,,,"DefaultTalk#592564","DefaultTalk#593146","DefaultTalk#593274",,,,,,,,,,,,,
2031990,0,0,"光さす明日へ",,,,,,,,,,,,,,,"DefaultTalk#591004","DefaultTalk#593147",,,,,,,,,,,,,,
2031991,0,0,"楽しい宴","光さす明日へ","聖竜の試練","ただ盟友とともに",,,,,,,,,,,,"DefaultTalk#592449","DefaultTalk#593150","DefaultTalk#593151","DefaultTalk#593309","DefaultTalk#593310",,,,,,,,,,,
2031992,0,0,"楽しい宴","光さす明日へ","最期の咆哮",,,,,,,,,,,,,"DefaultTalk#592453","DefaultTalk#593154","DefaultTalk#593155","DefaultTalk#593313",,,,,,,,,,,,
2031993,0,0,"楽しい宴","光さす明日へ","最期の咆哮",,,,,,,,,,,,,"DefaultTalk#592455","DefaultTalk#593156","DefaultTalk#593157","DefaultTalk#593312",,,,,,,,,,,,
2031994,0,0,"楽しい宴","光さす明日へ","最期の咆哮",,,,,,,,,,,,,"DefaultTalk#592456","DefaultTalk#593158","DefaultTalk#593159","DefaultTalk#593314",,,,,,,,,,,,
2031995,0,0,"楽しい宴","光さす明日へ",,,,,,,,,,,,,,"DefaultTalk#592606","DefaultTalk#593160","DefaultTalk#593161",,,,,,,,,,,,,
2031996,0,0," 初めての冒険"," 需要と供給"," 天敵からの試練"," 繋がれざる者","導かれし盟友たち",,,,,,,,,,,"DefaultTalk#593191","DefaultTalk#593192","DefaultTalk#593193","DefaultTalk#593194","DefaultTalk#593195","DefaultTalk#593579",,,,,,,,,,
2031997,0,0," 初めての冒険"," 需要と供給"," 天敵からの試練"," 繋がれざる者",,,,,,,,,,,,"DefaultTalk#593196","DefaultTalk#593197","DefaultTalk#593198","DefaultTalk#593199","DefaultTalk#593200",,,,,,,,,,,
2031998,0,0," 繋がれざる者",,,,,,,,,,,,,,,"DefaultTalk#593201","DefaultTalk#593202",,,,,,,,,,,,,,
2031999,0,0," 繋がれざる者",,,,,,,,,,,,,,,"DefaultTalk#593203","DefaultTalk#593204",,,,,,,,,,,,,,
2032000,0,0,"エッグハントと黄金の宝物",,,,,,,,,,,,,,,"DefaultTalk#593213","DefaultTalk#593214",,,,,,,,,,,,,,
2032001,0,0,"エッグハントと黄金の宝物",,,,,,,,,,,,,,,"DefaultTalk#593215","DefaultTalk#593216",,,,,,,,,,,,,,
2032002,0,0,"エッグハントと黄金の宝物",,,,,,,,,,,,,,,"DefaultTalk#593217","DefaultTalk#593218",,,,,,,,,,,,,,
2032003,0,0,"研究の終わりに"," 人造精霊の相棒",,,,,,,,,,,,,,"DefaultTalk#592968","DefaultTalk#593558","DefaultTalk#593592",,,,,,,,,,,,,
2032004,0,0,"エッグハントと少女の夢",,,,,,,,,,,,,,,"DefaultTalk#593221","DefaultTalk#593230",,,,,,,,,,,,,,
2032005,0,0,"端緒を掴め","時魔法の謎",,,,,,,,,,,,,,"DefaultTalk#592347","DefaultTalk#593235","DefaultTalk#593422",,,,,,,,,,,,,
2032006,0,0,"奇異なる地下迷宮",,,,,,,,,,,,,,,"DefaultTalk#590277","DefaultTalk#593227",,,,,,,,,,,,,,
2032007,0,0,"奇異なる地下迷宮",,,,,,,,,,,,,,,"DefaultTalk#590278","DefaultTalk#593228",,,,,,,,,,,,,,
2032008,0,0,"聖竜の試練","ただ盟友とともに",,,,,,,,,,,,,,"DefaultTalk#592541","DefaultTalk#593241","DefaultTalk#593242",,,,,,,,,,,,,
2032009,0,0,"最期の咆哮",,,,,,,,,,,,,,,"DefaultTalk#592555","DefaultTalk#593245",,,,,,,,,,,,,,
2032010,0,0,"聖竜の試練","ただ盟友とともに",,,,,,,,,,,,,,"DefaultTalk#592558","DefaultTalk#593246","DefaultTalk#593247",,,,,,,,,,,,,
2032011,0,0,"最期の咆哮",,,,,,,,,,,,,,,"DefaultTalk#592554","DefaultTalk#593248",,,,,,,,,,,,,,
2032012,0,0,"最期の咆哮",,,,,,,,,,,,,,,"DefaultTalk#592549","DefaultTalk#593258",,,,,,,,,,,,,,
2032013,0,0,"最期の咆哮",,,,,,,,,,,,,,,"DefaultTalk#593124","DefaultTalk#593277",,,,,,,,,,,,,,
2032014,0,0,"聖竜の試練","最期の咆哮",,,,,,,,,,,,,,"DefaultTalk#592562","DefaultTalk#593278","DefaultTalk#592562",,,,,,,,,,,,,
2032015,0,0,"聖竜の試練","最期の咆哮",,,,,,,,,,,,,,"DefaultTalk#592561","DefaultTalk#593279","DefaultTalk#592561",,,,,,,,,,,,,
2032016,0,0,"最期の咆哮",,,,,,,,,,,,,,,"DefaultTalk#592439","DefaultTalk#593280",,,,,,,,,,,,,,
2032017,0,0,"最期の咆哮",,,,,,,,,,,,,,,"DefaultTalk#590857","DefaultTalk#593290",,,,,,,,,,,,,,
2032018,0,0,"最期の咆哮",,,,,,,,,,,,,,,"DefaultTalk#590860","DefaultTalk#593293",,,,,,,,,,,,,,
2032019,0,0,"最期の咆哮",,,,,,,,,,,,,,,"DefaultTalk#590864","DefaultTalk#593294",,,,,,,,,,,,,,
2032020,0,0,"最期の咆哮",,,,,,,,,,,,,,,"DefaultTalk#591002","DefaultTalk#593300",,,,,,,,,,,,,,
2032021,0,0,"最期の咆哮",,,,,,,,,,,,,,,"DefaultTalk#591007","DefaultTalk#593301",,,,,,,,,,,,,,
2032022,0,0,"最期の咆哮",,,,,,,,,,,,,,,"DefaultTalk#590844","DefaultTalk#593304",,,,,,,,,,,,,,
2032023,0,0,"最期の咆哮",,,,,,,,,,,,,,,"DefaultTalk#590998","DefaultTalk#593305",,,,,,,,,,,,,,
2032024,0,0,"最期の咆哮",,,,,,,,,,,,,,,"DefaultTalk#590977","DefaultTalk#593306",,,,,,,,,,,,,,
2032025,0,0,"最期の咆哮",,,,,,,,,,,,,,,"DefaultTalk#592491","DefaultTalk#593316",,,,,,,,,,,,,,
2032026,0,0,"聖竜の試練",,,,,,,,,,,,,,,"DefaultTalk#592509","DefaultTalk#593323",,,,,,,,,,,,,,
2032027,0,0,"聖竜の試練","最期の咆哮",,,,,,,,,,,,,,"DefaultTalk#592569","DefaultTalk#593281","DefaultTalk#592569",,,,,,,,,,,,,
2032028,0,0,"新生祭の役作り","新生祭の目玉公演","新生祭の英雄賛歌",,,,,,,,,,,,,"DefaultTalk#593352","DefaultTalk#593353","DefaultTalk#593419","DefaultTalk#593354",,,,,,,,,,,,
2032029,0,0,"想いが生み出す力",,,,,,,,,,,,,,,"DefaultTalk#593356","DefaultTalk#593357",,,,,,,,,,,,,,
2032030,0,0,"想いが生み出す力",,,,,,,,,,,,,,,"DefaultTalk#593358","DefaultTalk#593359",,,,,,,,,,,,,,
2032031,0,0,"友を操る修復団！","竜を動かす修復団！","泉を造る修復団！","腕を上げる修復団！","像を手がける修復団！","岩を砕く修復団！","大混乱の修復団！","腕利きの冒険者","導かれし盟友たち",,,,,,,"DefaultTalk#593361","DefaultTalk#593362","DefaultTalk#593363","DefaultTalk#593364","DefaultTalk#593365","DefaultTalk#593366","DefaultTalk#593367","DefaultTalk#593596","DefaultTalk#593582","DefaultTalk#593583",,,,,,
2032032,0,0,"泉を造る修復団！","像を手がける修復団！","岩を砕く修復団！",,,,,,,,,,,,,"DefaultTalk#593368","DefaultTalk#593369","DefaultTalk#593370","DefaultTalk#593371",,,,,,,,,,,,
2032033,0,0,"泉を造る修復団！","像を手がける修復団！","岩を砕く修復団！",,,,,,,,,,,,,"DefaultTalk#593372","DefaultTalk#593373","DefaultTalk#593374","DefaultTalk#593375",,,,,,,,,,,,
2032034,0,0,"泉を造る修復団！","腕を上げる修復団！","像を手がける修復団！","岩を砕く修復団！","導かれし盟友たち",,,,,,,,,,,"DefaultTalk#593376","DefaultTalk#593377","DefaultTalk#593378","DefaultTalk#593379","DefaultTalk#593380","DefaultTalk#593584",,,,,,,,,,
2032035,0,0,"友を操る修復団！","像を手がける修復団！","岩を砕く修復団！",,,,,,,,,,,,,"DefaultTalk#593381","DefaultTalk#593382","DefaultTalk#593383","DefaultTalk#593384",,,,,,,,,,,,
2032036,0,0,"腕を上げる修復団！","像を手がける修復団！","岩を砕く修復団！",,,,,,,,,,,,,"DefaultTalk#593385","DefaultTalk#593386","DefaultTalk#593387","DefaultTalk#593388",,,,,,,,,,,,
2032037,0,0,"泉を造る修復団！","像を手がける修復団！","岩を砕く修復団！",,,,,,,,,,,,,"DefaultTalk#593389","DefaultTalk#593390","DefaultTalk#593391","DefaultTalk#593392",,,,,,,,,,,,
2032038,0,0,,,,,,,,,,,,,,,,,,,,,,,,,,,,,,,
2032039,0,0,,,,,,,,,,,,,,,,,,,,,,,,,,,,,,,
2032040,0,0,"像を手がける修復団！","岩を砕く修復団！",,,,,,,,,,,,,,"DefaultTalk#593402","DefaultTalk#593403","DefaultTalk#593404",,,,,,,,,,,,,
2032041,0,0,"紅蓮祭の「火消しの戦士」",,,,,,,,,,,,,,,"DefaultTalk#593406","DefaultTalk#593407",,,,,,,,,,,,,,
2032042,0,0,"紅蓮祭の切り札","紅蓮祭の「火消しの戦士」",,,,,,,,,,,,,,"DefaultTalk#593408","DefaultTalk#593409","DefaultTalk#593410",,,,,,,,,,,,,
2032043,0,0,"紅蓮祭の切り札","紅蓮祭の「火消しの戦士」",,,,,,,,,,,,,,"DefaultTalk#593411","DefaultTalk#593412","DefaultTalk#593413",,,,,,,,,,,,,
2032044,0,0," 人造精霊は開花する",,,,,,,,,,,,,,,"DefaultTalk#593355","DefaultTalk#593414",,,,,,,,,,,,,,
2032045,0,0,"紅蓮祭の切り札",,,,,,,,,,,,,,,"DefaultTalk#593417","DefaultTalk#593418",,,,,,,,,,,,,,
2032046,0,0,"雪中の福音",,,,,,,,,,,,,,,"DefaultTalk#593007","DefaultTalk#592920",,,,,,,,,,,,,,
2032047,0,0,"雪中の福音",,,,,,,,,,,,,,,"DefaultTalk#593000","DefaultTalk#592917",,,,,,,,,,,,,,
2032048,0,0,"雪中の福音",,,,,,,,,,,,,,,"DefaultTalk#593001","DefaultTalk#592918",,,,,,,,,,,,,,
2032049,0,0,"雪中の福音",,,,,,,,,,,,,,,"DefaultTalk#593002","DefaultTalk#592919",,,,,,,,,,,,,,
2032050,0,0,"雪中の福音",,,,,,,,,,,,,,,"DefaultTalk#592906","DefaultTalk#592911",,,,,,,,,,,,,,
2032051,0,0,"雪中の福音",,,,,,,,,,,,,,,"DefaultTalk#592907","DefaultTalk#592912",,,,,,,,,,,,,,
2032052,0,0,"雪中の福音",,,,,,,,,,,,,,,"DefaultTalk#592905","DefaultTalk#592910",,,,,,,,,,,,,,
2032053,0,0,"雪中の福音",,,,,,,,,,,,,,,"DefaultTalk#592909","DefaultTalk#592913",,,,,,,,,,,,,,
2032054,0,0,"雪中の福音",,,,,,,,,,,,,,,"DefaultTalk#592914","DefaultTalk#592908",,,,,,,,,,,,,,
2032055,0,0,"雪中の福音",,,,,,,,,,,,,,,"DefaultTalk#592915","DefaultTalk#592921",,,,,,,,,,,,,,
2032056,0,0,"猿が餅持つ降神祭","鳥と鳥猿と降神祭",,,,,,,,,,,,,,"DefaultTalk#593440","DefaultTalk#593441","DefaultTalk#593445",,,,,,,,,,,,,
2032057,0,0,"鳥と鳥猿と降神祭",,,,,,,,,,,,,,,"DefaultTalk#593442","DefaultTalk#593443",,,,,,,,,,,,,,
2032058,0,0,"守護天節とフシギな舞踏会",,,,,,,,,,,,,,,"DefaultTalk#593486","DefaultTalk#593487",,,,,,,,,,,,,,
2032059,0,0,"おかしなホウキと守護天節","守護天節とフシギな舞踏会",,,,,,,,,,,,,,"DefaultTalk#593488","DefaultTalk#593489","DefaultTalk#593495",,,,,,,,,,,,,
2032060,0,0," 人造精霊の未来",,,,,,,,,,,,,,,"DefaultTalk#593491","DefaultTalk#593492",,,,,,,,,,,,,,
2032061,0,0,"星影に零れて","紅蓮のリベレーター","大切なものを守る力",,,,,,,,,,,,,"DefaultTalk#590995","DefaultTalk#593498","DefaultTalk#594410","DefaultTalk#594213",,,,,,,,,,,,
2032062,0,0,"星影に零れて","宿命の果て","紅蓮のリベレーター",,,,,,,,,,,,,"DefaultTalk#590996","DefaultTalk#593499","DefaultTalk#594398","DefaultTalk#594399",,,,,,,,,,,,
2032063,0,0,"星影に零れて","宿命の果て","紅蓮のリベレーター",,,,,,,,,,,,,"DefaultTalk#590992","DefaultTalk#593500","DefaultTalk#592924","DefaultTalk#592753",,,,,,,,,,,,
2032064,0,0,"星影に零れて",,,,,,,,,,,,,,,"DefaultTalk#590991","DefaultTalk#593501",,,,,,,,,,,,,,
2032065,0,0,"星影に零れて","悲しみ背負って","紅蓮のリベレーター",,,,,,,,,,,,,"DefaultTalk#590789","DefaultTalk#593502","DefaultTalk#593623","DefaultTalk#594409",,,,,,,,,,,,
2032066,0,0,"星影に零れて","宿命の果て","紅蓮のリベレーター",,,,,,,,,,,,,"DefaultTalk#590793","DefaultTalk#593503","DefaultTalk#592754","DefaultTalk#592895",,,,,,,,,,,,
2032067,0,0,"星影に零れて",,,,,,,,,,,,,,,"DefaultTalk#590848","DefaultTalk#593504",,,,,,,,,,,,,,
2032068,0,0,"星影に零れて","宿命の果て","紅蓮のリベレーター",,,,,,,,,,,,,"DefaultTalk#590994","DefaultTalk#593505","DefaultTalk#594402","DefaultTalk#594403",,,,,,,,,,,,
2032069,0,0,"星影に零れて",,,,,,,,,,,,,,,"DefaultTalk#590993","DefaultTalk#593506",,,,,,,,,,,,,,
2032070,0,0,"星影に零れて","宿命の果て","紅蓮のリベレーター",,,,,,,,,,,,,"DefaultTalk#590790","DefaultTalk#593507","DefaultTalk#594400","DefaultTalk#594401",,,,,,,,,,,,
2032071,0,0,"星影に零れて","宿命の果て","紅蓮のリベレーター",,,,,,,,,,,,,"DefaultTalk#590791","DefaultTalk#593508","DefaultTalk#594396","DefaultTalk#594397",,,,,,,,,,,,
2032072,0,0,"鳥と鳥猿と降神祭",,,,,,,,,,,,,,,"DefaultTalk#593603","DefaultTalk#593490",,,,,,,,,,,,,,
2032073,0,0,"鳳凰、現世に飛来せり",,,,,,,,,,,,,,,"DefaultTalk#593540","DefaultTalk#593604",,,,,,,,,,,,,,
2032074,0,0,"ヴァレンティオンデーと愛の表現",,,,,,,,,,,,,,,"DefaultTalk#593597","DefaultTalk#593598",,,,,,,,,,,,,,
2032075,0,0,"ヴァレンティオンデーと愛の表現",,,,,,,,,,,,,,,"DefaultTalk#593599","DefaultTalk#593600",,,,,,,,,,,,,,
2032076,0,0,"忠犬闘う降神祭",,,,,,,,,,,,,,,"DefaultTalk#593607","DefaultTalk#593608",,,,,,,,,,,,,,
2032077,0,0,"エッグハントが生む宝石",,,,,,,,,,,,,,,"DefaultTalk#593613","DefaultTalk#593614",,,,,,,,,,,,,,
2032078,0,0,"エッグハントが生む宝石",,,,,,,,,,,,,,,"DefaultTalk#593615","DefaultTalk#593616",,,,,,,,,,,,,,
2032079,0,0,"ギラバニアからの報せ",,,,,,,,,,,,,,,"DefaultTalk#591612","DefaultTalk#593618",,,,,,,,,,,,,,
2032080,0,0,"ギラバニアからの報せ",,,,,,,,,,,,,,,"DefaultTalk#591553","DefaultTalk#593619",,,,,,,,,,,,,,
2032081,0,0,"イシュガルド代表使節団","英雄への鎮魂歌",,,,,,,,,,,,,,"DefaultTalk#593288","DefaultTalk#593622","DefaultTalk#595095",,,,,,,,,,,,,
2032082,0,0,"オメガ起動",,,,,,,,,,,,,,,"DefaultTalk#590068","DefaultTalk#593631",,,,,,,,,,,,,,
2032083,0,0,"ゴールドソーサーの大盤振る舞い",,,,,,,,,,,,,,,,"DefaultTalk#593626",,,,,,,,,,,,,,
2032084,0,0,"ゴールドソーサーの大盤振る舞い",,,,,,,,,,,,,,,"DefaultTalk#593625","DefaultTalk#593641",,,,,,,,,,,,,,
2032085,0,0,,,,,,,,,,,,,,,,"DefaultTalk#593666",,,,,,,,,,,,,,,
2032086,0,0,,,,,,,,,,,,,,,,"DefaultTalk#593667",,,,,,,,,,,,,,,
2032087,0,0,"新型魔導兵器を撃破せよ","ラウバーンの決断","その声に押されて","別れと帰還",,,,,,,,,,,,"DefaultTalk#593680","DefaultTalk#593714","DefaultTalk#594527","DefaultTalk#594250","DefaultTalk#594251",,,,,,,,,,,
2032088,0,0,"コンラッドの決断","今こそ反抗の刻","船主との取引",,,,,,,,,,,,,"DefaultTalk#593682","DefaultTalk#593683","DefaultTalk#593708","DefaultTalk#593748",,,,,,,,,,,,
2032089,0,0,"伝令の使命","今こそ反抗の刻","船主との取引","紅蓮のリベレーター","英雄の帰還","月下の華","開戦のとき",,,,,,,,,"DefaultTalk#593684","DefaultTalk#593685","DefaultTalk#594358","DefaultTalk#593746","DefaultTalk#594252","DefaultTalk#594612","DefaultTalk#594809","DefaultTalk#595074",,,,,,,,
2032090,0,0,"コンラッドの決断","今こそ反抗の刻","ラウバーンの決断",,,,,,,,,,,,,"DefaultTalk#593689","DefaultTalk#593690","DefaultTalk#594356","DefaultTalk#593687",,,,,,,,,,,,
2032091,0,0,"コンラッドの決断","今こそ反抗の刻","ラウバーンの決断",,,,,,,,,,,,,"DefaultTalk#593691","DefaultTalk#593692","DefaultTalk#594357","DefaultTalk#593688",,,,,,,,,,,,
2032092,0,0,"待っていた者、いない者","英雄の帰還",,,,,,,,,,,,,,"DefaultTalk#593693","DefaultTalk#593694","DefaultTalk#594619",,,,,,,,,,,,,
2032093,0,0,"待っていた者、いない者","英雄の帰還",,,,,,,,,,,,,,"DefaultTalk#593695","DefaultTalk#593696","DefaultTalk#594633",,,,,,,,,,,,,
2032094,0,0,"待っていた者、いない者","英雄の帰還",,,,,,,,,,,,,,"DefaultTalk#593697","DefaultTalk#593698","DefaultTalk#594636",,,,,,,,,,,,,
2032095,0,0,"待っていた者、いない者","英雄の帰還",,,,,,,,,,,,,,"DefaultTalk#593699","DefaultTalk#593700","DefaultTalk#594634",,,,,,,,,,,,,
2032096,0,0,"待っていた者、いない者","英雄の帰還",,,,,,,,,,,,,,"DefaultTalk#593701","DefaultTalk#593702","DefaultTalk#594637",,,,,,,,,,,,,
2032097,0,0,"待っていた者、いない者","英雄の帰還",,,,,,,,,,,,,,"DefaultTalk#593743","DefaultTalk#593744","DefaultTalk#594635",,,,,,,,,,,,,
2032098,0,0,"ある娘の帰郷","対立を越えて征け","負傷者搬送","与えられた支援任務",,"英雄の帰還",,,,,,,,,,"DefaultTalk#593709","DefaultTalk#593711","DefaultTalk#593712","DefaultTalk#593713","DefaultTalk#593710","DefaultTalk#593745","DefaultTalk#594615",,,,,,,,,
2032099,0,0,"ウリエンジェの秘策","自由への進軍","アラミゴ正門の攻防",,,,,,,,,,,,,"DefaultTalk#593716","DefaultTalk#593717","DefaultTalk#593718","DefaultTalk#594260",,,,,,,,,,,,
2032100,0,0,"ウリエンジェの秘策","自由への進軍","アラミゴ正門の攻防",,,,,,,,,,,,,"DefaultTalk#593719","DefaultTalk#593720","DefaultTalk#593721","DefaultTalk#594261",,,,,,,,,,,,
2032101,0,0,"ウリエンジェの秘策","自由への進軍","アラミゴ正門の攻防",,,,,,,,,,,,,"DefaultTalk#593722","DefaultTalk#593723","DefaultTalk#593724","DefaultTalk#594262",,,,,,,,,,,,
2032102,0,0,"ウリエンジェの秘策","アラミゴ正門の攻防",,,,,,,,,,,,,,"DefaultTalk#593725","DefaultTalk#594469","DefaultTalk#593726",,,,,,,,,,,,,
2032103,0,0,"ウリエンジェの秘策","アラミゴ正門の攻防",,,,,,,,,,,,,,"DefaultTalk#593728","DefaultTalk#594470","DefaultTalk#593729",,,,,,,,,,,,,
2032104,0,0,"ウリエンジェの秘策","アラミゴ正門の攻防",,,,,,,,,,,,,,"DefaultTalk#593731","DefaultTalk#594472","DefaultTalk#593732",,,,,,,,,,,,,
2032105,0,0,"アラミゴ正門の攻防",,,,,,,,,,,,,,,"DefaultTalk#593734","DefaultTalk#593735",,,,,,,,,,,,,,
2032106,0,0,"ウリエンジェの秘策","アラミゴ正門の攻防",,,,,,,,,,,,,,"DefaultTalk#593737","DefaultTalk#594471","DefaultTalk#593738",,,,,,,,,,,,,
2032107,0,0,"ウリエンジェの秘策","アラミゴ正門の攻防",,,,,,,,,,,,,,"DefaultTalk#593740","DefaultTalk#594473","DefaultTalk#593741",,,,,,,,,,,,,
2032108,0,0,"イシュガルド戦勝祝賀会","ラウバーン奪還作戦",,,,,,,,,,,,,,"DefaultTalk#592563","DefaultTalk#593704","DefaultTalk#593705",,,,,,,,,,,,,
2032109,0,0,"コンラッドの決断","新型魔導兵器を撃破せよ",,,,,,,,,,,,,,"DefaultTalk#593727","DefaultTalk#593730","DefaultTalk#593733",,,,,,,,,,,,,
2032110,0,0,"コンラッドの決断","その名は髑髏連隊",,,,,,,,,,,,,,"DefaultTalk#593736","DefaultTalk#593739","DefaultTalk#593742",,,,,,,,,,,,,
2032111,0,0,"対立を越えて征け",,,,,,,,,,,,,,,"DefaultTalk#593686","DefaultTalk#593747",,,,,,,,,,,,,,
2032112,0,0,"商売繁盛、ロウェナ商会",,,,,,,,,,,,,,,"DefaultTalk#594060","DefaultTalk#594061",,,,,,,,,,,,,,
2032113,0,0,"商売繁盛、ロウェナ商会",,,,,,,,,,,,,,,"DefaultTalk#594062","DefaultTalk#594063",,,,,,,,,,,,,,
2032114,0,0,"商売繁盛、ロウェナ商会",,,,,,,,,,,,,,,"DefaultTalk#594064","DefaultTalk#594065",,,,,,,,,,,,,,
2032115,0,0,"職人の新たなお仕事",,,,,,,,,,,,,,,"DefaultTalk#594066","DefaultTalk#594067",,,,,,,,,,,,,,
2032116,0,0,"職人の新たなお仕事",,,,,,,,,,,,,,,"DefaultTalk#594068","DefaultTalk#594069",,,,,,,,,,,,,,
2032117,0,0,"職人の新たなお仕事",,,,,,,,,,,,,,,"DefaultTalk#594070","DefaultTalk#594071",,,,,,,,,,,,,,
2032118,0,0,"終節の合戦","歓声は遠く高く","その赤に祈りをこめて","いざ、解放決戦へ","紅蓮のリベレーター","草原に眠る力","楔石の虚","青龍壁展開","英雄への鎮魂歌",,,,,,,"DefaultTalk#594074","DefaultTalk#594168","DefaultTalk#594309","DefaultTalk#594310","DefaultTalk#594313","DefaultTalk#594384","DefaultTalk#594904","DefaultTalk#594914","DefaultTalk#595059","DefaultTalk#595086",,,,,,
2032119,0,0,"玉座からの招喚","オロニル流の難題","青き宿敵","迫る開戦","終節の合戦","その赤に祈りをこめて","いざ、解放決戦へ","紅蓮のリベレーター","楔石の虚","英雄への鎮魂歌",,,,,,"DefaultTalk#592577","DefaultTalk#592578","DefaultTalk#592616","DefaultTalk#592629","DefaultTalk#592636","DefaultTalk#592900","DefaultTalk#594381","DefaultTalk#594382","DefaultTalk#594383","DefaultTalk#594900","DefaultTalk#595089",,,,,
2032120,0,0,"えおるぜあの「どれす」どす","大勝負の「どれす」どす","天女がまとう「どれす」どす",,,,,,,,,,,,,"DefaultTalk#594146","DefaultTalk#594147","DefaultTalk#594148","DefaultTalk#594149",,,,,,,,,,,,
2032121,0,0,"えおるぜあの「どれす」どす","天女がまとう「どれす」どす",,,,,,,,,,,,,,"DefaultTalk#594150","DefaultTalk#594151","DefaultTalk#594152",,,,,,,,,,,,,
2032122,0,0,"不肖、チェミ・ジンジャル！",,,,,,,,,,,,,,,"DefaultTalk#594154","DefaultTalk#594155",,,,,,,,,,,,,,
2032123,0,0,"命を焦がす夢","終節の合戦","その赤に祈りをこめて","いざ、解放決戦へ","紅蓮のリベレーター","楔石の虚","英雄への鎮魂歌",,,,,,,,,"DefaultTalk#594169","DefaultTalk#594170","DefaultTalk#593654","DefaultTalk#593056","DefaultTalk#592680","DefaultTalk#593045","DefaultTalk#594902","DefaultTalk#595088",,,,,,,,
2032124,0,0,"最技研が生まれ変わる日",,,,,,,,,,,,,,,"DefaultTalk#594182","DefaultTalk#594183",,,,,,,,,,,,,,
2032125,0,0,"夢の証明、未来の形",,,,,,,,,,,,,,,"DefaultTalk#594185","DefaultTalk#594186",,,,,,,,,,,,,,
2032126,0,0,"イディルシャイアの工房","物理か魔法か","最技研が生まれ変わる日","夢の証明、未来の形",,,,,,,,,,,,"DefaultTalk#594187","DefaultTalk#594188","DefaultTalk#594189","DefaultTalk#594190","DefaultTalk#594191",,,,,,,,,,,
2032127,0,0,"イディルシャイアの工房","ヒトかゴブリンか","最技研が生まれ変わる日","夢の証明、未来の形",,,,,,,,,,,,"DefaultTalk#594192","DefaultTalk#594193","DefaultTalk#594194","DefaultTalk#594195","DefaultTalk#594196",,,,,,,,,,,
2032128,0,0,"イディルシャイアの工房","物理か魔法か","最技研が生まれ変わる日","夢の証明、未来の形",,,,,,,,,,,,"DefaultTalk#594197","DefaultTalk#594198","DefaultTalk#594199","DefaultTalk#594200","DefaultTalk#594201",,,,,,,,,,,
2032129,0,0,"イディルシャイアの工房","ヒトかゴブリンか","最技研が生まれ変わる日","夢の証明、未来の形",,,,,,,,,,,,"DefaultTalk#594202","DefaultTalk#594203","DefaultTalk#594204","DefaultTalk#594205","DefaultTalk#594206",,,,,,,,,,,
2032130,0,0,"終節の合戦","歓声は遠く高く","再び動乱の地へ",,,,,,,,,,,,,"DefaultTalk#593906","DefaultTalk#594207","DefaultTalk#593906","DefaultTalk#594241",,,,,,,,,,,,
2032131,0,0,"終節の合戦","歓声は遠く高く",,,,,,,,,,,,,,"DefaultTalk#593904","DefaultTalk#594208","DefaultTalk#594209",,,,,,,,,,,,,
2032132,0,0,"その赤に祈りをこめて","紅蓮のリベレーター",,,,,,,,,,,,,,"DefaultTalk#593908","DefaultTalk#594212","DefaultTalk#593931",,,,,,,,,,,,,
2032133,0,0,"紅蓮のリベレーター",,,,,,,,,,,,,,,"DefaultTalk#590081","DefaultTalk#592624",,,,,,,,,,,,,,
2032134,0,0,"ゼノス暗殺計画",,,,,,,,,,,,,,,"DefaultTalk#594220","DefaultTalk#594221",,,,,,,,,,,,,,
2032135,0,0,"ゼノス暗殺計画",,,,,,,,,,,,,,,"DefaultTalk#594222","DefaultTalk#594223",,,,,,,,,,,,,,
2032136,0,0,"ゼノス暗殺計画",,,,,,,,,,,,,,,"DefaultTalk#594224","DefaultTalk#594225",,,,,,,,,,,,,,
2032137,0,0,"ゼノス暗殺計画",,,,,,,,,,,,,,,"DefaultTalk#594226","DefaultTalk#594227",,,,,,,,,,,,,,
2032138,0,0,"ゼノス暗殺計画",,,,,,,,,,,,,,,"DefaultTalk#594228","DefaultTalk#594229",,,,,,,,,,,,,,
2032139,0,0,"再び動乱の地へ","最後の余白","いざ、解放決戦へ","再会信じ紅玉海へ","暁光の刻","十六夜の月",,,,,,,,,,"DefaultTalk#594412","DefaultTalk#593859","DefaultTalk#594172","DefaultTalk#594173","DefaultTalk#594737","DefaultTalk#594738","DefaultTalk#594950",,,,,,,,,
2032140,0,0,"最後の余白","いざ、解放決戦へ","再会信じ紅玉海へ","暁光の刻","十六夜の月",,,,,,,,,,,"DefaultTalk#593860","DefaultTalk#594174","DefaultTalk#594235","DefaultTalk#594739","DefaultTalk#594740","DefaultTalk#594947",,,,,,,,,,
2032141,0,0,"最後の余白","いざ、解放決戦へ","再会信じ紅玉海へ","暁光の刻","十六夜の月",,,,,,,,,,,"DefaultTalk#593861","DefaultTalk#594175","DefaultTalk#594176","DefaultTalk#594741","DefaultTalk#594742","DefaultTalk#594948",,,,,,,,,,
2032142,0,0,"再び動乱の地へ","最後の余白","いざ、解放決戦へ","再会信じ紅玉海へ","暁光の刻","十六夜の月",,,,,,,,,,"DefaultTalk#594413","DefaultTalk#593862","DefaultTalk#594177","DefaultTalk#594178","DefaultTalk#594743","DefaultTalk#594744","DefaultTalk#594951",,,,,,,,,
2032143,0,0,"最後の余白","いざ、解放決戦へ","再会信じ紅玉海へ","暁光の刻","十六夜の月",,,,,,,,,,,"DefaultTalk#593863","DefaultTalk#594179","DefaultTalk#594236","DefaultTalk#594745","DefaultTalk#594746","DefaultTalk#594949",,,,,,,,,,
2032144,0,0,"直情娘、挑む",,,,,,,,,,,,,,,"DefaultTalk#593795","DefaultTalk#594230",,,,,,,,,,,,,,
2032145,0,0,"愛は悠久の向こうに",,,,,,,,,,,,,,,"DefaultTalk#593550","DefaultTalk#594237",,,,,,,,,,,,,,
2032146,0,0,"歓声は遠く高く",,,,,,,,,,,,,,,"DefaultTalk#593902","DefaultTalk#594240",,,,,,,,,,,,,,
2032147,0,0,"再び動乱の地へ",,,,,,,,,,,,,,,"DefaultTalk#593877","DefaultTalk#594242",,,,,,,,,,,,,,
2032148,0,0,"歓声は遠く高く",,,,,,,,,,,,,,,"DefaultTalk#593882","DefaultTalk#594243",,,,,,,,,,,,,,
2032149,0,0,"本場のレシピ","繋がりのレシピ",,,,,,,,,,,,,,"DefaultTalk#594246","DefaultTalk#594247","DefaultTalk#594248",,,,,,,,,,,,,
2032150,0,0,"船主との取引","クガネで待ち受ける者",,,,,,,,,,,,,,"DefaultTalk#590434","DefaultTalk#594254","DefaultTalk#594255",,,,,,,,,,,,,
2032151,0,0,"温かな歓待",,"英雄の帰還",,,,,,,,,,,,,"DefaultTalk#594026","DefaultTalk#594256","DefaultTalk#594257","DefaultTalk#594616",,,,,,,,,,,,
2032152,0,0,"温かな歓待",,,,,,,,,,,,,,,"DefaultTalk#593961","DefaultTalk#594258","DefaultTalk#594259",,,,,,,,,,,,,
2032153,0,0,"生存者と犠牲者と","拳交えて","紅蓮のリベレーター","英雄の帰還",,,,,,,,,,,,"DefaultTalk#594521","DefaultTalk#594266","DefaultTalk#594267","DefaultTalk#594268","DefaultTalk#594610",,,,,,,,,,,
2032154,0,0,"生存者と犠牲者と","紅蓮のリベレーター","新たなる冒険","英雄の帰還",,,,,,,,,,,,"DefaultTalk#594522","DefaultTalk#594263","DefaultTalk#594265","DefaultTalk#594580","DefaultTalk#594613",,,,,,,,,,,
2032155,0,0,"夢見る女王陛下",,,,,,,,,,,,,,,"DefaultTalk#594279","DefaultTalk#594280",,,,,,,,,,,,,,
2032156,0,0,"夢見る女王陛下",,,,,,,,,,,,,,,"DefaultTalk#594275","DefaultTalk#594276",,,,,,,,,,,,,,
2032157,0,0,"夢見る女王陛下",,,,,,,,,,,,,,,"DefaultTalk#594277","DefaultTalk#594278",,,,,,,,,,,,,,
2032158,0,0,"夢見る女王陛下",,,,,,,,,,,,,,,"DefaultTalk#594281","DefaultTalk#594282",,,,,,,,,,,,,,
2032159,0,0,"神託とともに","迫る開戦","終節の合戦","歓声は遠く高く","その赤に祈りをこめて","いざ、解放決戦へ","紅蓮のリベレーター","草原に眠る力","楔石の虚","英雄への鎮魂歌",,,,,,"DefaultTalk#594304","DefaultTalk#593903","DefaultTalk#593914","DefaultTalk#594308","DefaultTalk#594311","DefaultTalk#594312","DefaultTalk#594385","DefaultTalk#592888","DefaultTalk#594903","DefaultTalk#594913","DefaultTalk#595087",,,,,
2032160,0,0,"玉座からの招喚","青き宿敵","迫る開戦","終節の合戦","楔石の虚",,,,,,,,,,,"DefaultTalk#593922","DefaultTalk#593927","DefaultTalk#593664","DefaultTalk#594307","DefaultTalk#594314","DefaultTalk#594901",,,,,,,,,,
2032161,0,0,"勇猛なるドタール",,,,,,,,,,,,,,,"DefaultTalk#593878","DefaultTalk#593653",,,,,,,,,,,,,,
2032162,0,0,"青き宿敵","迫る開戦",,,,,,,,,,,,,,"DefaultTalk#594073","DefaultTalk#594305","DefaultTalk#593138",,,,,,,,,,,,,
2032163,0,0,"事象究明","ハカイの妖星","翼に夢を",,,,,,,,,,,,,"DefaultTalk#594316","DefaultTalk#594317","DefaultTalk#594572","DefaultTalk#594929",,,,,,,,,,,,
2032164,0,0,"極悪人コガラシ","風雲赤誠組","ベッコウ島の決闘",,,,,,,,,,,,,"DefaultTalk#594320","DefaultTalk#594321","DefaultTalk#594322","DefaultTalk#594323",,,,,,,,,,,,
2032165,0,0,"風雲赤誠組","松葉門外の変","ウゲツを討て！","ベッコウ島の決闘",,,,,,,,,,,,"DefaultTalk#593773","DefaultTalk#594324","DefaultTalk#594325","DefaultTalk#594326","DefaultTalk#594327",,,,,,,,,,,
2032166,0,0,"風雲赤誠組","松葉門外の変","ウゲツを討て！","ベッコウ島の決闘",,,,,,,,,,,,"DefaultTalk#593774","DefaultTalk#594328","DefaultTalk#594329","DefaultTalk#594330","DefaultTalk#594331",,,,,,,,,,,
2032167,0,0,"風雲赤誠組","松葉門外の変","ウゲツを討て！","ベッコウ島の決闘",,,,,,,,,,,,"DefaultTalk#593775","DefaultTalk#594332","DefaultTalk#594333","DefaultTalk#594334","DefaultTalk#594335",,,,,,,,,,,
2032168,0,0,"ベッコウ島の決闘",,,,,,,,,,,,,,,"DefaultTalk#593776","DefaultTalk#594336",,,,,,,,,,,,,,
2032169,0,0,"打ち寄せる波瀾","ひとときの凪","解放への道のり","別れと帰還","紅蓮のリベレーター","再会信じ紅玉海へ","十六夜の月","深淵なるはアメノミハシラ","我ら凡夫なれども","青龍壁展開",,,,,,"DefaultTalk#594343","DefaultTalk#594362","DefaultTalk#594363","DefaultTalk#594364","DefaultTalk#594365","DefaultTalk#594366","DefaultTalk#594669","DefaultTalk#594816","DefaultTalk#594870","DefaultTalk#594871","DefaultTalk#595072",,,,,
2032170,0,0,"縁に結ばれて","宝物殿を目指せ","ひとときの凪","いざ、解放決戦へ","紅蓮のリベレーター"," 小鍛冶縁起譚"," 宝探衆縁起譚"," 付喪神縁起譚","ただ、春の夜の夢のごとし","英雄への鎮魂歌",,,,,,"DefaultTalk#593817","DefaultTalk#594344","DefaultTalk#593817","DefaultTalk#594347","DefaultTalk#594348","DefaultTalk#594349","DefaultTalk#594625","DefaultTalk#594626","DefaultTalk#594627","DefaultTalk#595045","DefaultTalk#595085",,,,,
2032171,0,0,"いざ、解放決戦へ","紅蓮のリベレーター",,,,,,,,,,,,,,"DefaultTalk#594350","DefaultTalk#594351","DefaultTalk#594352",,,,,,,,,,,,,
2032172,0,0,"いざ、解放決戦へ","紅蓮のリベレーター","アサヒとドマ","ツユの行方",,,,,,,,,,,,"DefaultTalk#593864","DefaultTalk#594353","DefaultTalk#594354","DefaultTalk#594758","DefaultTalk#594891",,,,,,,,,,,
2032173,0,0,"ああ美しき玉水","ひとときの凪","解放への道のり","別れと帰還","紅蓮のリベレーター","再会信じ紅玉海へ","十六夜の月","青龍壁展開",,,,,,,,"DefaultTalk#594342","DefaultTalk#594005","DefaultTalk#594006","DefaultTalk#594355","DefaultTalk#594359","DefaultTalk#594360","DefaultTalk#594668","DefaultTalk#594817","DefaultTalk#595058",,,,,,,
2032174,0,0,"ユウギリの心",,,,,,,,,,,,,,,"DefaultTalk#594299","DefaultTalk#594367",,,,,,,,,,,,,,
2032175,0,0,"ユウギリの心",,,,,,,,,,,,,,,"DefaultTalk#594300","DefaultTalk#594368",,,,,,,,,,,,,,
2032176,0,0,"ゼノス暗殺計画","解放への道のり","必中仕事人タタル","いざ、解放決戦へ","別れと帰還","紅蓮のリベレーター","英雄の帰還","風雲急を告げる報せ","暁光の刻","草原に眠る力","響き渡る声","三種の至宝","英雄への鎮魂歌",,,"DefaultTalk#594171","DefaultTalk#594369","DefaultTalk#594361","DefaultTalk#594370","DefaultTalk#594371","DefaultTalk#594372","DefaultTalk#594373","DefaultTalk#594617","DefaultTalk#594666","DefaultTalk#594667","DefaultTalk#594910","DefaultTalk#594911","DefaultTalk#594975","DefaultTalk#595090",,
2032177,0,0,"別れと帰還","紅蓮のリベレーター","英雄の帰還","再会信じ紅玉海へ","暁光の刻","鬼の棲む島","ゴウセツとツユ","十六夜の月","時をかける亀","狂乱の前奏曲","朱色慕情","ただ、春の夜の夢のごとし","開戦のとき",,,"DefaultTalk#594374","DefaultTalk#594375","DefaultTalk#594376","DefaultTalk#594618","DefaultTalk#594663","DefaultTalk#594664","DefaultTalk#594665","DefaultTalk#594755","DefaultTalk#594848","DefaultTalk#594818","DefaultTalk#594909","DefaultTalk#594942","DefaultTalk#595044","DefaultTalk#595078",,
2032178,0,0,"東方の甲冑職人","技術交流の果て",,,,,,,,,,,,,,"DefaultTalk#593797","DefaultTalk#594377","DefaultTalk#594378",,,,,,,,,,,,,
2032179,0,0,"東方の甲冑職人","技術交流の果て",,,,,,,,,,,,,,"DefaultTalk#593798","DefaultTalk#594379","DefaultTalk#594380",,,,,,,,,,,,,
2032180,0,0,"負傷者搬送","別れと帰還",,,,,,,,,,,,,,"DefaultTalk#594388","DefaultTalk#594389","DefaultTalk#594390","DefaultTalk#594391",,,,,,,,,,,,
2032181,0,0,"負傷者搬送","別れと帰還",,,,,,,,,,,,,,"DefaultTalk#594392","DefaultTalk#594393","DefaultTalk#594394","DefaultTalk#594395",,,,,,,,,,,,
2032182,0,0,"長城を越えて","紅蓮の炎","別れと帰還","紅蓮のリベレーター",,,,,,,,,,,,"DefaultTalk#590720","DefaultTalk#594404","DefaultTalk#594405","DefaultTalk#594406","DefaultTalk#594407",,,,,,,,,,,
2032183,0,0,"紅蓮のリベレーター",,,,,,,,,,,,,,,"DefaultTalk#590842","DefaultTalk#594408",,,,,,,,,,,,,,
2032184,0,0,"ウリエンジェの秘策",,,,,,,,,,,,,,,"DefaultTalk#594264","DefaultTalk#594411",,,,,,,,,,,,,,
2032185,0,0,"ラールガーの軍星",,,,,,,,,,,,,,,"DefaultTalk#593953","DefaultTalk#594414","DefaultTalk#594415",,,,,,,,,,,,,
2032186,0,0,,,,,,,,,,,,,,,,"DefaultTalk#593951","DefaultTalk#594416",,,,,,,,,,,,,,
2032187,0,0,"ラールガーの軍星",,,,,,,,,,,,,,,"DefaultTalk#593955","DefaultTalk#594417","DefaultTalk#594418",,,,,,,,,,,,,
2032188,0,0,,,,,,,,,,,,,,,,"DefaultTalk#593954","DefaultTalk#594419",,,,,,,,,,,,,,
2032189,0,0,,,,,,,,,,,,,,,,"DefaultTalk#593960","DefaultTalk#594420",,,,,,,,,,,,,,
2032190,0,0,,,,,,,,,,,,,,,,"DefaultTalk#593963","DefaultTalk#594421",,,,,,,,,,,,,,
2032191,0,0,,"英雄の帰還"," カリヤナの敵対者",,,,,,,,,,,,,"DefaultTalk#593965","DefaultTalk#594422","DefaultTalk#594614","DefaultTalk#594807",,,,,,,,,,,,
2032192,0,0,,,,,,,,,,,,,,,,"DefaultTalk#593967","DefaultTalk#594423",,,,,,,,,,,,,,
2032193,0,0,"紅蓮の炎","別れと帰還",,,,,,,,,,,,,,"DefaultTalk#593933","DefaultTalk#594424","DefaultTalk#594425","DefaultTalk#594426",,,,,,,,,,,,
2032194,0,0,"紅蓮の炎","別れと帰還",,,,,,,,,,,,,,"DefaultTalk#593934","DefaultTalk#594427","DefaultTalk#594428","DefaultTalk#594429",,,,,,,,,,,,
2032195,0,0,"紅蓮の炎","別れと帰還",,,,,,,,,,,,,,"DefaultTalk#593937","DefaultTalk#594430","DefaultTalk#594431","DefaultTalk#594432",,,,,,,,,,,,
2032196,0,0,"紅蓮の炎","別れと帰還",,,,,,,,,,,,,,"DefaultTalk#593938","DefaultTalk#594433","DefaultTalk#594434","DefaultTalk#594435",,,,,,,,,,,,
2032197,0,0,"紅蓮の炎","別れと帰還",,,,,,,,,,,,,,"DefaultTalk#593940","DefaultTalk#594436","DefaultTalk#593940","DefaultTalk#594437",,,,,,,,,,,,
2032198,0,0,"紅蓮の炎","別れと帰還",,,,,,,,,,,,,,"DefaultTalk#593941","DefaultTalk#594438","DefaultTalk#594439","DefaultTalk#594440",,,,,,,,,,,,
2032199,0,0,"紅蓮の炎","別れと帰還",,,,,,,,,,,,,,"DefaultTalk#593942","DefaultTalk#594441","DefaultTalk#594442","DefaultTalk#594443",,,,,,,,,,,,
2032200,0,0,"紅蓮の炎","別れと帰還",,,,,,,,,,,,,,"DefaultTalk#593943","DefaultTalk#594444","DefaultTalk#593943","DefaultTalk#594445",,,,,,,,,,,,
2032201,0,0,"紅蓮の炎","別れと帰還",,,,,,,,,,,,,,"DefaultTalk#593945","DefaultTalk#594446","DefaultTalk#593945","DefaultTalk#594447",,,,,,,,,,,,
2032202,0,0,"紅蓮の炎","別れと帰還",,,,,,,,,,,,,,"DefaultTalk#593947","DefaultTalk#594448","DefaultTalk#593947","DefaultTalk#594449",,,,,,,,,,,,
2032203,0,0,"紅蓮の炎","別れと帰還",,,,,,,,,,,,,,"DefaultTalk#593948","DefaultTalk#594450","DefaultTalk#594451","DefaultTalk#594452",,,,,,,,,,,,
2032204,0,0,"紅蓮の炎","別れと帰還",,,,,,,,,,,,,,"DefaultTalk#593949","DefaultTalk#594453","DefaultTalk#594454","DefaultTalk#594455",,,,,,,,,,,,
2032205,0,0,"紫水宮の姫君","ヒスイとクレナイ",,,,,,,,,,,,,,"DefaultTalk#593826","DefaultTalk#594492","DefaultTalk#594493",,,,,,,,,,,,,
2032206,0,0,"解放への道のり","ドマという国",,,,,,,,,,,,,,"DefaultTalk#593850","DefaultTalk#594495","DefaultTalk#594496",,,,,,,,,,,,,
2032207,0,0,"カストルム・フルーミニスに躍る","解放への道のり","ドマという国",,,,,,,,,,,,,"DefaultTalk#593852","DefaultTalk#594497","DefaultTalk#594498","DefaultTalk#594499",,,,,,,,,,,,
2032208,0,0,"カストルム・フルーミニスに躍る","解放への道のり","ドマという国",,,,,,,,,,,,,"DefaultTalk#593853","DefaultTalk#594500","DefaultTalk#594501","DefaultTalk#594502",,,,,,,,,,,,
2032209,0,0,"ドマという国",,,,,,,,,,,,,,,"DefaultTalk#593854","DefaultTalk#594503",,,,,,,,,,,,,,
2032210,0,0,"解放への道のり","ドマという国",,,,,,,,,,,,,,"DefaultTalk#593872","DefaultTalk#594504","DefaultTalk#594505",,,,,,,,,,,,,
2032211,0,0,"カストルム・フルーミニスに躍る","解放への道のり","ドマという国",,,,,,,,,,,,,"DefaultTalk#593876","DefaultTalk#594506","DefaultTalk#594507","DefaultTalk#594508",,,,,,,,,,,,
2032212,0,0,,,,,,,,,,,,,,,,"DefaultTalk#594043","DefaultTalk#594509",,,,,,,,,,,,,,
2032213,0,0,,,,,,,,,,,,,,,,"DefaultTalk#594044","DefaultTalk#594510",,,,,,,,,,,,,,
2032214,0,0,,,,,,,,,,,,,,,,"DefaultTalk#594045","DefaultTalk#594511",,,,,,,,,,,,,,
2032215,0,0,,,,,,,,,,,,,,,,"DefaultTalk#594046","DefaultTalk#594512",,,,,,,,,,,,,,
2032216,0,0,,,,,,,,,,,,,,,,"DefaultTalk#594047","DefaultTalk#594513",,,,,,,,,,,,,,
2032217,0,0,,,,,,,,,,,,,,,,"DefaultTalk#594048","DefaultTalk#594514",,,,,,,,,,,,,,
2032218,0,0,,,,,,,,,,,,,,,,"DefaultTalk#594049","DefaultTalk#594515",,,,,,,,,,,,,,
2032219,0,0,,,,,,,,,,,,,,,,"DefaultTalk#594050","DefaultTalk#594516",,,,,,,,,,,,,,
2032220,0,0,,,,,,,,,,,,,,,,"DefaultTalk#594051","DefaultTalk#594517",,,,,,,,,,,,,,
2032221,0,0,,,,,,,,,,,,,,,,"DefaultTalk#594052","DefaultTalk#594518",,,,,,,,,,,,,,
2032222,0,0,,,,,,,,,,,,,,,,"DefaultTalk#594053","DefaultTalk#594519",,,,,,,,,,,,,,
2032223,0,0,,,,,,,,,,,,,,,,"DefaultTalk#594072","DefaultTalk#594520",,,,,,,,,,,,,,
2032224,0,0,"アダルキムの後継者",,,,,,,,,,,,,,,"DefaultTalk#593541","DefaultTalk#594387",,,,,,,,,,,,,,
2032225,0,0,"種が結ぶ未来",,,,,,,,,,,,,,,"DefaultTalk#594001","DefaultTalk#594523",,,,,,,,,,,,,,
2032226,0,0,"アラギリの恩人","彼の生きる意味","種が結ぶ未来",,,,,,,,,,,,,"DefaultTalk#593992","DefaultTalk#594524","DefaultTalk#594525","DefaultTalk#594526",,,,,,,,,,,,
2032227,0,0,"アラガーナの人々","赤のジグラート",,,,,,,,,,,,,,"DefaultTalk#593975","DefaultTalk#594529","DefaultTalk#593975","DefaultTalk#594474",,,,,,,,,,,,
2032228,0,0,,,,,,,,,,,,,,,,"DefaultTalk#593978","DefaultTalk#594475",,,,,,,,,,,,,,
2032229,0,0,,,,,,,,,,,,,,,,"DefaultTalk#593984","DefaultTalk#594476",,,,,,,,,,,,,,
2032230,0,0,"温かな歓待",,,,,,,,,,,,,,,"DefaultTalk#594477","DefaultTalk#594033",,,,,,,,,,,,,,
2032231,0,0,"温かな歓待",,,,,,,,,,,,,,,"DefaultTalk#594478","DefaultTalk#593995",,,,,,,,,,,,,,
2032232,0,0,"温かな歓待",,,,,,,,,,,,,,,"DefaultTalk#594479","DefaultTalk#594032",,,,,,,,,,,,,,
2032233,0,0,"温かな歓待",,,,,,,,,,,,,,,"DefaultTalk#594480","DefaultTalk#593993",,,,,,,,,,,,,,
2032234,0,0,"温かな歓待",,,,,,,,,,,,,,,"DefaultTalk#594481","DefaultTalk#594030",,,,,,,,,,,,,,
2032235,0,0,"温かな歓待",,,,,,,,,,,,,,,"DefaultTalk#594482","DefaultTalk#593988",,,,,,,,,,,,,,
2032236,0,0,"温かな歓待",,,,,,,,,,,,,,,"DefaultTalk#594483","DefaultTalk#594034",,,,,,,,,,,,,,
2032237,0,0,"温かな歓待",,,,,,,,,,,,,,,"DefaultTalk#594484","DefaultTalk#593991",,,,,,,,,,,,,,
2032238,0,0,"温かな歓待",,,,,,,,,,,,,,,"DefaultTalk#594485","DefaultTalk#593989",,,,,,,,,,,,,,
2032239,0,0,"温かな歓待",,,,,,,,,,,,,,,"DefaultTalk#594486","DefaultTalk#593990",,,,,,,,,,,,,,
2032240,0,0,,,,,,,,,,,,,,,,"DefaultTalk#594029","DefaultTalk#594487",,,,,,,,,,,,,,
2032241,0,0,,,,,,,,,,,,,,,,"DefaultTalk#593997","DefaultTalk#594488",,,,,,,,,,,,,,
2032242,0,0,,,,,,,,,,,,,,,,"DefaultTalk#594000","DefaultTalk#594489",,,,,,,,,,,,,,
2032243,0,0,"与えられた支援任務",,,,,,,,,,,,,,,"DefaultTalk#594490","DefaultTalk#594003",,,,,,,,,,,,,,
2032244,0,0,"与えられた支援任務",,,,,,,,,,,,,,,"DefaultTalk#594491","DefaultTalk#594002",,,,,,,,,,,,,,
2032245,0,0,"歓声は遠く高く",,,,,,,,,,,,,,,"DefaultTalk#593917","DefaultTalk#594306",,,,,,,,,,,,,,
2032246,0,0,"常夏の島と紅蓮祭","常夏の宝と紅蓮祭",,,,,,,,,,,,,,"DefaultTalk#594457","DefaultTalk#594458","DefaultTalk#594459",,,,,,,,,,,,,
2032247,0,0,"常夏の島と紅蓮祭",,,,,,,,,,,,,,,"DefaultTalk#594460","DefaultTalk#594461",,,,,,,,,,,,,,
2032248,0,0,"常夏の調理と紅蓮祭",,,,,,,,,,,,,,,"DefaultTalk#594462","DefaultTalk#594463",,,,,,,,,,,,,,
2032249,0,0,"常夏の釣果と紅蓮祭",,,,,,,,,,,,,,,"DefaultTalk#594464","DefaultTalk#594465",,,,,,,,,,,,,,
2032250,0,0,"常夏の島と紅蓮祭","常夏の宝と紅蓮祭",,,,,,,,,,,,,,"DefaultTalk#594466","DefaultTalk#594467","DefaultTalk#594468",,,,,,,,,,,,,
2032251,0,0,"新生祭と監獄の魔洞",,,,,,,,,,,,,,,"DefaultTalk#594532","DefaultTalk#594533",,,,,,,,,,,,,,
2032252,0,0,,,,,,,,,,,,,,,,,,,,,,,,,,,,,,,
2032253,0,0,,,,,,,,,,,,,,,,,,,,,,,,,,,,,,,
2032254,0,0,,,,,,,,,,,,,,,,,,,,,,,,,,,,,,,
2032255,0,0,"ソルトリーの未来","英雄の帰還",,,,,,,,,,,,,,"DefaultTalk#594054","DefaultTalk#594576","DefaultTalk#594541",,,,,,,,,,,,,
2032256,0,0,"暁光の刻","十六夜の月","英雄への鎮魂歌",,,,,,,,,,,,,"DefaultTalk#594542","DefaultTalk#594657","DefaultTalk#594659","DefaultTalk#595093",,,,,,,,,,,,
2032257,0,0," 鯰尾鈴縁起譚"," 射日弓縁起譚"," 小鍛冶縁起譚",,,,,,,,,,,,,"DefaultTalk#594543","DefaultTalk#594544","DefaultTalk#594545","DefaultTalk#594546",,,,,,,,,,,,
2032258,0,0," 鯰尾鈴縁起譚"," 射日弓縁起譚",,,,,,,,,,,,,,"DefaultTalk#594547","DefaultTalk#594548","DefaultTalk#594549",,,,,,,,,,,,,
2032259,0,0," 付喪神縁起譚","三種の至宝",,,,,,,,,,,,,,"DefaultTalk#594551","DefaultTalk#594552","DefaultTalk#594974",,,,,,,,,,,,,
2032260,0,0," 鯰尾鈴縁起譚"," 射日弓縁起譚"," 小鍛冶縁起譚"," 宝探衆縁起譚"," 付喪神縁起譚",,,,,,,,,,,"DefaultTalk#594583","DefaultTalk#594584","DefaultTalk#594585","DefaultTalk#594586","DefaultTalk#594587","DefaultTalk#594588",,,,,,,,,,
2032261,0,0," 付喪神縁起譚",,,,,,,,,,,,,,,"DefaultTalk#594589","DefaultTalk#594590",,,,,,,,,,,,,,
2032262,0,0," 付喪神縁起譚",,,,,,,,,,,,,,,"DefaultTalk#594591","DefaultTalk#594592",,,,,,,,,,,,,,
2032263,0,0,"亥と認めぬ者と降神祭",,,,,,,,,,,,,,,"DefaultTalk#594601","DefaultTalk#594602",,,,,,,,,,,,,,
2032264,0,0,"亥と認めぬ者と降神祭",,,,,,,,,,,,,,,"DefaultTalk#594603","DefaultTalk#594604",,,,,,,,,,,,,,
2032265,0,0,"幻影を着る男","華やかなる投影世界","幻影を売る男","美と幻影の秘伝書",,,,,,,,,,,,"DefaultTalk#594605","DefaultTalk#594606","DefaultTalk#594606","DefaultTalk#594606","DefaultTalk#594606",,,,,,,,,,,
2032266,0,0,"幻影を着る男","華やかなる投影世界","幻影を売る男","美と幻影の秘伝書",,,,,,,,,,,,"DefaultTalk#594607","DefaultTalk#594608","DefaultTalk#594608","DefaultTalk#594608","DefaultTalk#594608",,,,,,,,,,,
2032267,0,0,"英雄の帰還","狂乱の前奏曲","英雄への鎮魂歌",,,,,,,,,,,,,"DefaultTalk#594271","DefaultTalk#594581","DefaultTalk#594926","DefaultTalk#595084",,,,,,,,,,,,
2032268,0,0,"英雄の帰還","狂乱の前奏曲","英雄への鎮魂歌",,,,,,,,,,,,,"DefaultTalk#594272","DefaultTalk#594582","DefaultTalk#594927","DefaultTalk#595083",,,,,,,,,,,,
2032269,0,0,"心のままに「楽器演奏」を",,,,,,,,,,,,,,,"DefaultTalk#594621","DefaultTalk#594622",,,,,,,,,,,,,,
2032270,0,0,"英雄の帰還","暁光の刻","月下の華","狂乱の前奏曲",,,,,,,,,,,,"DefaultTalk#593930","DefaultTalk#594609","DefaultTalk#594679","DefaultTalk#594808","DefaultTalk#594908",,,,,,,,,,,
2032271,0,0,"英雄の帰還","暁光の刻","十六夜の月","狂乱の前奏曲","青龍壁展開","英雄への鎮魂歌",,,,,,,,,,"DefaultTalk#594269","DefaultTalk#594611","DefaultTalk#594678","DefaultTalk#594815","DefaultTalk#594928","DefaultTalk#595080","DefaultTalk#595082",,,,,,,,,
2032272,0,0,"守護天節と一匹狼","守護天節と狼の群れ",,,,,,,,,,,,,,"DefaultTalk#594630","DefaultTalk#594632","DefaultTalk#594629",,,,,,,,,,,,,
2032273,0,0,"一流の道具",,,,,,,,,,,,,,,"DefaultTalk#594676","DefaultTalk#592437",,,,,,,,,,,,,,
2032274,0,0,"一流の道具",,,,,,,,,,,,,,,"DefaultTalk#594677","DefaultTalk#594180",,,,,,,,,,,,,,
2032275,0,0," 戦史課士官と頑固な獣牧士"," 炎のアドバイザー"," 恋愛のエキスパート"," カリヤナの敵対者"," 種の架け橋","三種の至宝",,,,,,,,,,"DefaultTalk#594680","DefaultTalk#594681","DefaultTalk#594682","DefaultTalk#594683","DefaultTalk#594684","DefaultTalk#594685","DefaultTalk#594971",,,,,,,,,
2032276,0,0," 戦史課士官と頑固な獣牧士"," 炎のアドバイザー"," 恋愛のエキスパート"," カリヤナの敵対者"," 種の架け橋","三種の至宝",,,,,,,,,,"DefaultTalk#594686","DefaultTalk#594687","DefaultTalk#594688","DefaultTalk#594689","DefaultTalk#594690","DefaultTalk#594691","DefaultTalk#594972",,,,,,,,,
2032277,0,0," 戦史課士官と頑固な獣牧士"," 炎のアドバイザー"," 恋愛のエキスパート"," カリヤナの敵対者"," 種の架け橋",,,,,,,,,,,"DefaultTalk#594692","DefaultTalk#594693","DefaultTalk#594694","DefaultTalk#594695","DefaultTalk#594696","DefaultTalk#594697",,,,,,,,,,
2032278,0,0," カリヤナの敵対者"," 種の架け橋",,,,,,,,,,,,,,"DefaultTalk#594698","DefaultTalk#594699","DefaultTalk#594700",,,,,,,,,,,,,
2032279,0,0," 種の架け橋",,,,,,,,,,,,,,,"DefaultTalk#594701","DefaultTalk#594702",,,,,,,,,,,,,,
2032280,0,0," カリヤナの敵対者"," 種の架け橋",,,,,,,,,,,,,,"DefaultTalk#594703","DefaultTalk#594704","DefaultTalk#594705",,,,,,,,,,,,,
2032281,0,0," カリヤナの敵対者"," 種の架け橋",,,,,,,,,,,,,,"DefaultTalk#594706","DefaultTalk#594707","DefaultTalk#594796",,,,,,,,,,,,,
2032282,0,0," 種の架け橋",,,,,,,,,,,,,,,"DefaultTalk#594708","DefaultTalk#594709",,,,,,,,,,,,,,
2032283,0,0," 種の架け橋",,,,,,,,,,,,,,,"DefaultTalk#594710","DefaultTalk#594711",,,,,,,,,,,,,,
2032284,0,0," 種の架け橋",,,,,,,,,,,,,,,"DefaultTalk#594712","DefaultTalk#594713",,,,,,,,,,,,,,
2032285,0,0," 種の架け橋",,,,,,,,,,,,,,,"DefaultTalk#594714","DefaultTalk#594715",,,,,,,,,,,,,,
2032286,0,0,"アサヒとドマ","ツユの行方",,,,,,,,,,,,,,"DefaultTalk#594346","DefaultTalk#594759","DefaultTalk#594892",,,,,,,,,,,,,
2032287,0,0,"十六夜の月","狂乱の前奏曲",,,,,,,,,,,,,,"DefaultTalk#594760","DefaultTalk#594820","DefaultTalk#594905",,,,,,,,,,,,,
2032288,0,0,"十六夜の月","響き渡る声",,,,,,,,,,,,,,"DefaultTalk#594761","DefaultTalk#594821","DefaultTalk#594907",,,,,,,,,,,,,
2032289,0,0,"ゴウセツとツユ","十六夜の月","響き渡る声","開戦のとき","英雄への鎮魂歌",,,,,,,,,,,"DefaultTalk#594762","DefaultTalk#594822","DefaultTalk#594823","DefaultTalk#594906","DefaultTalk#595073","DefaultTalk#595091",,,,,,,,,,
2032290,0,0,"暁光の刻","十六夜の月",,,,,,,,,,,,,,"DefaultTalk#594763","DefaultTalk#594764","DefaultTalk#594765",,,,,,,,,,,,,
2032291,0,0,"十六夜の月","英雄への鎮魂歌",,,,,,,,,,,,,,"DefaultTalk#594656","DefaultTalk#594658","DefaultTalk#595092",,,,,,,,,,,,,
2032292,0,0,"質屋を探して","再会信じ紅玉海へ",,,,,,,,,,,,,,"DefaultTalk#593801","DefaultTalk#594757","DefaultTalk#593801",,,,,,,,,,,,,
2032293,0,0," 炎のアドバイザー"," 種の架け橋",,,,,,,,,,,,,,"DefaultTalk#594734","DefaultTalk#594735","DefaultTalk#594736",,,,,,,,,,,,,
2032294,0,0,"君臣の義を以って",,,,,,,,,,,,,,,"DefaultTalk#594719","DefaultTalk#594730",,,,,,,,,,,,,,
2032295,0,0,"君臣の義を以って",,,,,,,,,,,,,,,"DefaultTalk#594722","DefaultTalk#594731",,,,,,,,,,,,,,
2032296,0,0,"君臣の義を以って",,,,,,,,,,,,,,,"DefaultTalk#594725","DefaultTalk#594732",,,,,,,,,,,,,,
2032297,0,0,"君臣の義を以って",,,,,,,,,,,,,,,"DefaultTalk#594623","DefaultTalk#594733",,,,,,,,,,,,,,
2032298,0,0,"エッグハントの大事件",,,,,,,,,,,,,,,"DefaultTalk#594620","DefaultTalk#594793",,,,,,,,,,,,,,
2032299,0,0,"プリンセスデーの大声援","可憐な公演とプリンセスデー","プリンセスデーの誓い",,,,,,,,,,,,,"DefaultTalk#594766","DefaultTalk#594795","DefaultTalk#594794","DefaultTalk#594794",,,,,,,,,,,,
2032300,0,0,"朋友は信を示す",,,,,,,,,,,,,,,"DefaultTalk#592258","DefaultTalk#594797",,,,,,,,,,,,,,
2032301,0,0,"ヴァレンティオンデーと見習い伝道師",,,,,,,,,,,,,,,"DefaultTalk#594798","DefaultTalk#594799",,,,,,,,,,,,,,
2032302,0,0,"ヴァレンティオンデーと見習い伝道師",,,,,,,,,,,,,,,"DefaultTalk#594800","DefaultTalk#594801",,,,,,,,,,,,,,
2032303,0,0,"ヴァレンティオンデーと見習い伝道師",,,,,,,,,,,,,,,"DefaultTalk#594802","DefaultTalk#594803",,,,,,,,,,,,,,
2032304,0,0,"ベテラン・モブハント（リスキー）","王は頂にて眠る",,,,,,,,,,,,,,"DefaultTalk#594810","DefaultTalk#594811","DefaultTalk#594812",,,,,,,,,,,,,
2032305,0,0,"王は頂にて眠る",,,,,,,,,,,,,,,"DefaultTalk#594813","DefaultTalk#594814",,,,,,,,,,,,,,
2032306,0,0,"時をかける亀","朱色慕情",,,,,,,,,,,,,,"DefaultTalk#594747","DefaultTalk#594825","DefaultTalk#594920",,,,,,,,,,,,,
2032307,0,0,"鬼の棲む島","時をかける亀","朱色慕情","ただ、春の夜の夢のごとし",,,,,,,,,,,,"DefaultTalk#595180","DefaultTalk#594748","DefaultTalk#594826","DefaultTalk#594922","DefaultTalk#594944",,,,,,,,,,,
2032308,0,0,"時をかける亀","朱色慕情","ただ、春の夜の夢のごとし",,,,,,,,,,,,,"DefaultTalk#594749","DefaultTalk#594827","DefaultTalk#594921","DefaultTalk#594943",,,,,,,,,,,,
2032309,0,0,"捧げよナマズ","担げよナマズ","競えよナマズ","燃えよナマズ","祝えよナマズ","三種の至宝",,,,,,,,,,"DefaultTalk#594830","DefaultTalk#594831","DefaultTalk#594832","DefaultTalk#594833","DefaultTalk#594834","DefaultTalk#594835","DefaultTalk#594969",,,,,,,,,
2032310,0,0,"捧げよナマズ","担げよナマズ","競えよナマズ","燃えよナマズ","祝えよナマズ","三種の至宝",,,,,,,,,,"DefaultTalk#594836","DefaultTalk#594837","DefaultTalk#594838","DefaultTalk#594839","DefaultTalk#594840","DefaultTalk#594841","DefaultTalk#594970",,,,,,,,,
2032311,0,0,"燃えよナマズ","祝えよナマズ",,,,,,,,,,,,,,"DefaultTalk#594842","DefaultTalk#594843","DefaultTalk#594844",,,,,,,,,,,,,
2032312,0,0,"燃えよナマズ","祝えよナマズ",,,,,,,,,,,,,,"DefaultTalk#594845","DefaultTalk#594846","DefaultTalk#594847",,,,,,,,,,,,,
2032313,0,0,"十六夜の月",,,,,,,,,,,,,,,"DefaultTalk#594624","DefaultTalk#594849",,,,,,,,,,,,,,
2032314,0,0,"十六夜の月",,,,,,,,,,,,,,,"DefaultTalk#594721","DefaultTalk#594850",,,,,,,,,,,,,,
2032315,0,0,"十六夜の月",,,,,,,,,,,,,,,"DefaultTalk#594720","DefaultTalk#594851",,,,,,,,,,,,,,
2032316,0,0,"祝えよナマズ",,,,,,,,,,,,,,,"DefaultTalk#594852","DefaultTalk#594853",,,,,,,,,,,,,,
2032317,0,0,"祝えよナマズ",,,,,,,,,,,,,,,"DefaultTalk#594854","DefaultTalk#594855",,,,,,,,,,,,,,
2032318,0,0,"祝えよナマズ",,,,,,,,,,,,,,,"DefaultTalk#594856","DefaultTalk#594857",,,,,,,,,,,,,,
2032319,0,0,"祝えよナマズ",,,,,,,,,,,,,,,"DefaultTalk#594858","DefaultTalk#594859",,,,,,,,,,,,,,
2032320,0,0,"紅蓮祭と常夏の挑戦","紅蓮祭と始まりの一歩",,,,,,,,,,,,,,"DefaultTalk#594863","DefaultTalk#594864","DefaultTalk#594865",,,,,,,,,,,,,
2032321,0,0,"紅蓮祭と常夏の魔城","紅蓮祭と始まりの一歩",,,,,,,,,,,,,,"DefaultTalk#594866","DefaultTalk#594867","DefaultTalk#594868",,,,,,,,,,,,,
2032322,0,0,"ゴールドソーサーの不穏な噂",,,,,,,,,,,,,,,"DefaultTalk#594882","DefaultTalk#594883",,,,,,,,,,,,,,
2032323,0,0,"狂乱の前奏曲",,,,,,,,,,,,,,,"DefaultTalk#594819","DefaultTalk#594912",,,,,,,,,,,,,,
2032324,0,0,"響き渡る声","狂乱の前奏曲",,,,,,,,,,,,,,"DefaultTalk#594577","DefaultTalk#594915","DefaultTalk#594577",,,,,,,,,,,,,
2032325,0,0,"朱色慕情","ただ、春の夜の夢のごとし",,,,,,,,,,,,,,"DefaultTalk#595182","DefaultTalk#594923","DefaultTalk#594945",,,,,,,,,,,,,
2032326,0,0,"朱色慕情","群青の誓い","ただ、春の夜の夢のごとし",,,,,,,,,,,,,"DefaultTalk#594828","DefaultTalk#594924","DefaultTalk#594938","DefaultTalk#594939",,,,,,,,,,,,
2032327,0,0,"群青の誓い","ただ、春の夜の夢のごとし",,,,,,,,,,,,,,"DefaultTalk#594750","DefaultTalk#594925","DefaultTalk#594933",,,,,,,,,,,,,
2032328,0,0,"狂乱の前奏曲","青龍壁展開",,,,,,,,,,,,,,"DefaultTalk#590213","DefaultTalk#594930","DefaultTalk#595041",,,,,,,,,,,,,
2032329,0,0,,,,,,,,,,,,,,,,,,,,,,,,,,,,,,,
2032330,0,0,"群青の誓い","ただ、春の夜の夢のごとし",,,,,,,,,,,,,,"DefaultTalk#594751","DefaultTalk#594934","DefaultTalk#594935",,,,,,,,,,,,,
2032331,0,0,"群青の誓い","ただ、春の夜の夢のごとし",,,,,,,,,,,,,,"DefaultTalk#594752","DefaultTalk#594936","DefaultTalk#594937",,,,,,,,,,,,,
2032332,0,0,"群青の誓い","ただ、春の夜の夢のごとし",,,,,,,,,,,,,,"DefaultTalk#594753","DefaultTalk#594940","DefaultTalk#594941",,,,,,,,,,,,,
2032333,0,0,"東の国の闇","秘められた証拠品","薬に侵されし最強の男",,,,,,,,,,,,,"DefaultTalk#593808","DefaultTalk#594953","DefaultTalk#595038","DefaultTalk#595039",,,,,,,,,,,,
2032334,0,0,"三種の至宝",,,,,,,,,,,,,,,"DefaultTalk#594716","DefaultTalk#594973",,,,,,,,,,,,,,
2032335,0,0,"守護天節と奇妙な宴","守護天節と奇妙な暗号",,,,,,,,,,,,,,"DefaultTalk#594978","DefaultTalk#594979","DefaultTalk#594980",,,,,,,,,,,,,
2032336,0,0,"守護天節と奇妙な暗号",,,,,,,,,,,,,,,"DefaultTalk#594981","DefaultTalk#594982",,,,,,,,,,,,,,
2032337,0,0,"守護天節と奇妙な暗号",,,,,,,,,,,,,,,"DefaultTalk#594984","DefaultTalk#594985",,,,,,,,,,,,,,
2032338,0,0,"守護天節と奇妙な暗号",,,,,,,,,,,,,,,"DefaultTalk#594986","DefaultTalk#594987",,,,,,,,,,,,,,
2032339,0,0,"星芒祭の協力者たち","星芒祭は万人に",,,,,,,,,,,,,,"DefaultTalk#594991","DefaultTalk#594991","DefaultTalk#594992",,,,,,,,,,,,,
2032340,0,0,"星芒祭の協力者たち",,,,,,,,,,,,,,,"DefaultTalk#594994","DefaultTalk#594995",,,,,,,,,,,,,,
2032341,0,0,"星芒祭の協力者たち",,,,,,,,,,,,,,,"DefaultTalk#594996","DefaultTalk#594997",,,,,,,,,,,,,,
2032342,0,0,"慰霊の送り火",,,,,,,,,,,,,,,"DefaultTalk#594918","DefaultTalk#595020",,,,,,,,,,,,,,
2032343,0,0,,,,,,,,,,,,,,,,,,,,,,,,,,,,,,,
2032344,0,0,"秘められた証拠品",,,,,,,,,,,,,,,"DefaultTalk#592620","DefaultTalk#595040",,,,,,,,,,,,,,
2032345,0,0,"スラムの希望",,,,,,,,,,,,,,,"DefaultTalk#594932","DefaultTalk#595043",,,,,,,,,,,,,,
2032346,0,0,"開戦のとき",,,,,,,,,,,,,,,"DefaultTalk#593601","DefaultTalk#595075",,,,,,,,,,,,,,
2032347,0,0,"開戦のとき",,,,,,,,,,,,,,,"DefaultTalk#593602","DefaultTalk#595076",,,,,,,,,,,,,,
2032348,0,0,"いざ囲まんドマ式麻雀",,,,,,,,,,,,,,,"DefaultTalk#595107","DefaultTalk#595108",,,,,,,,,,,,,,
2032349,0,0,"開戦のとき",,,,,,,,,,,,,,,"DefaultTalk#594894","DefaultTalk#595136",,,,,,,,,,,,,,
2032350,0,0,"魂の行方",,,,,,,,,,,,,,,"DefaultTalk#594899","DefaultTalk#595137",,,,,,,,,,,,,,
2032351,0,0,"崖っぷち亭に迫る影",,,,,,,,,,,,,,,"DefaultTalk#595139","DefaultTalk#595140",,,,,,,,,,,,,,
2032352,0,0,"崖っぷち亭に迫る影",,,,,,,,,,,,,,,"DefaultTalk#595141","DefaultTalk#595142",,,,,,,,,,,,,,
2032353,0,0,"青は藍より出でて","青息吐息","藍より青し",,,,,,,,,,,,,"DefaultTalk#595145","DefaultTalk#595146","DefaultTalk#595135","DefaultTalk#595147",,,,,,,,,,,,
2032354,0,0,"青は藍より出でて","青息吐息","青雲の志","青天の霹靂","二代目マスク・ザ・ブルー",,"藍より青し",,,,,,,,,"DefaultTalk#595148","DefaultTalk#595149","DefaultTalk#595150","DefaultTalk#595151","DefaultTalk#595152","DefaultTalk#595175","DefaultTalk#595176","DefaultTalk#595153",,,,,,,,
2032355,0,0,,,,,,,,,,,,,,,,"DefaultTalk#595154","DefaultTalk#595155",,,,,,,,,,,,,,
2032356,0,0,"ヴァレンティオンデーと多彩な愛",,,,,,,,,,,,,,,"DefaultTalk#595157","DefaultTalk#595168",,,,,,,,,,,,,,
2032357,0,0,"ヴァレンティオンデーと多彩な愛",,,,,,,,,,,,,,,"DefaultTalk#595158","DefaultTalk#595159",,,,,,,,,,,,,,
2032358,0,0,"ヴァレンティオンデーと多彩な愛",,,,,,,,,,,,,,,"DefaultTalk#595178","DefaultTalk#595160",,,,,,,,,,,,,,
2032359,0,0,"英雄への鎮魂歌",,,,,,,,,,,,,,,"DefaultTalk#595179","DefaultTalk#595060",,,,,,,,,,,,,,
